job_titles,ai_impact,tasks,ai_models,ai_workload_ratio,domain
Communications Manager,98.0,365,2546,0.143362136684996,Communication & PR
Data Entry,95.0,325,2278,0.1426690079016681,Administrative & Clerical
Data Collector,95.0,299,2148,0.1391992551210428,Data & IT
Mail Clerk,95.0,193,1366,0.1412884333821376,Leadership & Strategy
Compliance Officer,92.0,194,1369,0.1417092768444119,Medical & Healthcare
Chief Executive Officer (CEO),91.0,153,1135,0.1348017621145374,Supply Chain & Logistics
Mail Handler,90.0,188,1350,0.1392592592592592,Communication & PR
Data Clerk,90.0,317,2258,0.1403897254207263,Data & IT
Data Entry Specialist,90.0,334,2358,0.1416454622561492,Medical & Healthcare
Street Sweeper,90.0,3,82,0.0365853658536585,Law Enforcement
Chief Strategy Officer,90.0,184,1284,0.1433021806853582,Construction
Therapist,90.0,114,983,0.1159715157680569,Law Enforcement
Web Search Evaluator,90.0,243,1599,0.1519699812382739,Hospitality
Admin,90.0,253,2014,0.1256206554121152,Sales & Marketing
Warehouse Worker,90.0,68,607,0.1120263591433278,Sales & Marketing
Medical Transcriptionist,90.0,189,1265,0.1494071146245059,Supply Chain & Logistics
Data Entry Operator,90.0,329,2311,0.1423626135871916,Leadership & Strategy
Data Entry Clerk,90.0,328,2305,0.1422993492407809,Administrative & Clerical
General Clerk,90.0,242,1903,0.1271676300578034,Hospitality
Supply Clerk,90.0,115,901,0.1276359600443951,Construction
Development Manager,89.0,217,1558,0.1392811296534018,Communication & PR
Chief Security Officer,88.0,142,1116,0.1272401433691756,Administrative & Clerical
Mail Processing,88.0,189,1336,0.1414670658682634,Medical & Healthcare
Delivery Driver,88.0,20,309,0.0647249190938511,Data & IT
File Clerk,88.0,228,1797,0.1268781302170283,Leadership & Strategy
Director Of Operations,87.0,198,1397,0.1417322834645669,Supply Chain & Logistics
Direct Support Professional,86.0,117,1018,0.1149312377210216,Law Enforcement
Executive Assistant,85.0,276,2112,0.1306818181818181,Hospitality
General Office Clerk,85.0,245,1912,0.1281380753138075,Communication & PR
Transcriber,85.0,205,1359,0.1508462104488594,Data & IT
Special Agent,85.0,45,462,0.0974025974025974,Supply Chain & Logistics
Chief Communications Officer,85.0,284,2118,0.1340887629839471,Construction
Sql Programmer,85.0,179,1665,0.1075075075075075,Administrative & Clerical
Vba Developer,85.0,191,1672,0.1142344497607655,Leadership & Strategy
Medical Scribe,85.0,202,1696,0.1191037735849056,Medical & Healthcare
Purchasing Clerk,85.0,180,1306,0.1378254211332312,Law Enforcement
Telemarketer,85.0,179,1281,0.1397345823575331,Sales & Marketing
Bricklayer,85.0,3,30,0.1,Construction
Administrative Clerk,85.0,270,2070,0.1304347826086956,Sales & Marketing
Bakery Manager,84.0,97,804,0.1206467661691542,Hospitality
Banquet Manager,83.0,99,802,0.1234413965087281,Communication & PR
Clerk Typist,83.0,263,1986,0.1324269889224572,Data & IT
Business Relationship Manager,82.0,194,1467,0.1322426721199727,Leadership & Strategy
Assistant,82.0,240,1600,0.15,Administrative & Clerical
Finance Officer,80.0,167,1516,0.1101583113456464,Construction
Clerical Assistant,80.0,265,2004,0.1322355289421157,Construction
Order Filler,80.0,133,1021,0.1302644466209598,Hospitality
Grocer,80.0,50,377,0.1326259946949602,Law Enforcement
Executive Administrative Assistant,80.0,279,2124,0.1313559322033898,Sales & Marketing
Automation Test Engineer,80.0,159,1547,0.1027795733678086,Law Enforcement
QA Automation Engineer,80.0,155,1525,0.101639344262295,Sales & Marketing
Automation Tester,80.0,158,1541,0.1025308241401687,Construction
Data Modeler,80.0,216,1767,0.1222410865874363,Medical & Healthcare
Database Analyst,80.0,218,1773,0.122955442752397,Supply Chain & Logistics
Warehouse Associate,80.0,78,664,0.1174698795180722,Administrative & Clerical
Tax Preparer,80.0,153,1263,0.1211401425178147,Hospitality
Procurement Assistant,80.0,179,1316,0.1360182370820668,Communication & PR
Receiving Associate,80.0,92,733,0.1255115961800818,Data & IT
Database Developer,80.0,205,1726,0.1187717265353418,Law Enforcement
Etl Developer,80.0,184,1670,0.1101796407185628,Construction
Hadoop Developer,80.0,181,1643,0.1101643335362142,Sales & Marketing
Sql Analyst,80.0,212,1761,0.1203861442362294,Hospitality
Word Processor,80.0,264,1707,0.1546572934973638,Sales & Marketing
Press Operator,80.0,84,1077,0.0779944289693593,Leadership & Strategy
Market Research Interviewer,80.0,210,1825,0.1150684931506849,Hospitality
Pl Sql Developer,80.0,183,1686,0.1085409252669039,Communication & PR
Pressman,80.0,83,1068,0.0777153558052434,Medical & Healthcare
Quantitative Developer,80.0,182,1667,0.1091781643671265,Data & IT
Statistical Programmer,80.0,187,1669,0.1120431396045536,Administrative & Clerical
Tableau Developer,80.0,188,1668,0.1127098321342925,Leadership & Strategy
Records Clerk,80.0,222,1784,0.124439461883408,Communication & PR
Printing Press Operator,80.0,93,1065,0.0873239436619718,Supply Chain & Logistics
Scribe,80.0,202,1623,0.1244608749229821,Data & IT
Typist,80.0,208,1364,0.1524926686217008,Administrative & Clerical
Distribution Manager,80.0,198,1436,0.1378830083565459,Medical & Healthcare
Dishwasher,80.0,3,31,0.0967741935483871,Leadership & Strategy
Administrative Assistant,80.0,286,2155,0.1327146171693735,Supply Chain & Logistics
Digital Project Manager,80.0,231,1922,0.1201873048907388,Medical & Healthcare
Technical Project Manager,80.0,205,1521,0.1347797501643655,Supply Chain & Logistics
Administrative Secretary,80.0,268,2076,0.1290944123314065,Law Enforcement
Associate,79.0,175,1298,0.1348228043143297,Communication & PR
Chief Learning Officer,79.0,162,1250,0.1296,Data & IT
Medical Coding Specialist,78.0,171,1250,0.1368,Leadership & Strategy
Web Project Manager,78.0,217,1845,0.1176151761517615,Administrative & Clerical
Front Desk,77.0,215,1779,0.1208544125913434,Medical & Healthcare
Credit Manager,76.0,151,1094,0.1380255941499086,Supply Chain & Logistics
Backend Developer,75.0,144,1012,0.1422924901185771,Data & IT
Statistical Analyst,75.0,166,1087,0.1527138914443422,Communication & PR
It Project Manager,75.0,221,1840,0.1201086956521739,Administrative & Clerical
Software Project Manager,75.0,175,1442,0.1213592233009708,Leadership & Strategy
Supply Technician,75.0,121,979,0.1235955056179775,Leadership & Strategy
Purchasing Assistant,75.0,163,1417,0.1150317572335921,Administrative & Clerical
Quantitative Analyst,75.0,8,46,0.1739130434782608,Law Enforcement
Quantitative Research Analyst,75.0,168,1096,0.1532846715328467,Construction
Ux Developer,75.0,9,48,0.1875,Sales & Marketing
Stenographer,75.0,8,49,0.1632653061224489,Hospitality
Database Engineer,75.0,12,55,0.2181818181818181,Medical & Healthcare
Gis Developer,75.0,9,48,0.1875,Supply Chain & Logistics
Data Architect,75.0,162,1081,0.1498612395929695,Administrative & Clerical
Database Designer,75.0,162,1081,0.1498612395929695,Leadership & Strategy
Android Developer,75.0,147,1393,0.1055276381909547,Medical & Healthcare
Ios Developer,75.0,148,1394,0.1061692969870875,Supply Chain & Logistics
Corporate Receptionist,75.0,15,58,0.2586206896551724,Leadership & Strategy
Administrative Coordinator,75.0,281,2128,0.1320488721804511,Administrative & Clerical
Accounting Clerk,75.0,145,1299,0.1116243264049268,Communication & PR
Administrative Associate,75.0,281,2139,0.131369798971482,Data & IT
Desk Receptionist,75.0,14,56,0.25,Medical & Healthcare
Executive Secretary,75.0,159,1176,0.135204081632653,Supply Chain & Logistics
Photo Retoucher,75.0,193,1464,0.1318306010928961,Sales & Marketing
Full Charge Bookkeeper,75.0,123,858,0.1433566433566433,Hospitality
Informatica Developer,75.0,131,925,0.1416216216216216,Law Enforcement
Ui Developer,75.0,152,1088,0.1397058823529411,Construction
Front Desk Clerk,75.0,223,1801,0.1238200999444752,Law Enforcement
Front Desk Receptionist,75.0,225,1803,0.124792013311148,Construction
Technology Project Manager,75.0,175,1443,0.1212751212751212,Medical & Healthcare
Cobol Developer,75.0,130,929,0.1399354144241119,Supply Chain & Logistics
Advertising Manager,75.0,195,1370,0.1423357664233576,Law Enforcement
Caller,75.0,131,1085,0.12073732718894,Construction
Order Clerk,75.0,151,1336,0.1130239520958083,Communication & PR
Medical Coder,75.0,109,773,0.1410090556274256,Data & IT
Report Developer,75.0,146,969,0.1506707946336429,Sales & Marketing
Sas Developer,75.0,133,932,0.1427038626609442,Hospitality
Phone Sales,75.0,11,54,0.2037037037037037,Sales & Marketing
Telesales Representative,75.0,145,1049,0.1382268827454718,Hospitality
Chief Of Staff,75.0,180,1405,0.1281138790035587,Law Enforcement
Intelligence Analyst,75.0,169,1185,0.1426160337552742,Construction
Grant Accountant,75.0,128,886,0.1444695259593679,Communication & PR
Epic Analyst,75.0,114,798,0.1428571428571428,Data & IT
Front Office Receptionist,75.0,226,1812,0.1247240618101545,Sales & Marketing
Mail Sorter,75.0,136,1219,0.1115668580803937,Hospitality
Allocation Analyst,74.0,155,1102,0.1406533575317604,Communication & PR
Business Operations Manager,71.0,163,1330,0.1225563909774436,Data & IT
Public Safety Dispatcher,70.0,164,1039,0.1578440808469682,Law Enforcement
Polygraph Examiner,70.0,101,770,0.1311688311688311,Supply Chain & Logistics
Police Dispatcher,70.0,164,1039,0.1578440808469682,Medical & Healthcare
Pega Developer,70.0,132,932,0.1416309012875536,Construction
Perl Developer,70.0,129,927,0.1391585760517799,Law Enforcement
Purchasing Buyer,70.0,164,1427,0.114926419060967,Supply Chain & Logistics
Distribution Clerk,70.0,10,52,0.1923076923076923,Medical & Healthcare
Postal Clerk,70.0,10,52,0.1923076923076923,Leadership & Strategy
Regulatory Analyst,70.0,183,1105,0.1656108597285067,Construction
Fund Accountant,70.0,130,874,0.148741418764302,Hospitality
Financial Specialist,70.0,174,1127,0.1543921916592724,Sales & Marketing
Appointment Scheduler,70.0,165,1212,0.1361386138613861,Supply Chain & Logistics
Robotics Engineer,70.0,111,804,0.1380597014925373,Medical & Healthcare
J2Ee Developer,70.0,141,983,0.143438453713123,Leadership & Strategy
Full Stack Developer,70.0,154,1044,0.1475095785440613,Administrative & Clerical
Front End Web Developer,70.0,159,1055,0.1507109004739336,Data & IT
Front End Engineer,70.0,158,1093,0.1445562671546203,Communication & PR
Investigative Analyst,70.0,194,1175,0.1651063829787234,Leadership & Strategy
Emergency Dispatcher,70.0,156,1015,0.1536945812807881,Administrative & Clerical
Medical Collector,70.0,10,52,0.1923076923076923,Administrative & Clerical
Credit Officer,70.0,174,1452,0.1198347107438016,Medical & Healthcare
Credit Analyst,70.0,169,1398,0.1208869814020028,Leadership & Strategy
Bank Teller,70.0,113,824,0.137135922330097,Administrative & Clerical
Electrical Technician,70.0,6,45,0.1333333333333333,Supply Chain & Logistics
Ultrasound Technologist,70.0,76,566,0.1342756183745583,Medical & Healthcare
Actuary,70.0,131,1251,0.1047162270183852,Construction
Infrastructure Architect,70.0,148,1304,0.1134969325153374,Law Enforcement
Sql Database Developer,70.0,10,49,0.2040816326530612,Supply Chain & Logistics
Oracle Developer,70.0,8,46,0.1739130434782608,Medical & Healthcare
Security Consultant,70.0,151,986,0.1531440162271805,Sales & Marketing
Ecommerce,70.0,161,1513,0.1064111037673496,Administrative & Clerical
Document Processor,70.0,178,1448,0.1229281767955801,Construction
Desk Clerk,70.0,120,765,0.1568627450980392,Law Enforcement
Net Developer,70.0,8,46,0.1739130434782608,Hospitality
Teradata Developer,70.0,8,46,0.1739130434782608,Sales & Marketing
Sql Server Developer,70.0,10,49,0.2040816326530612,Construction
Sql Developer,70.0,10,49,0.2040816326530612,Law Enforcement
Embedded Systems Engineer,70.0,119,853,0.1395076201641266,Hospitality
Financial Analyst,70.0,172,1125,0.1528888888888888,Construction
Solar Sales,70.0,128,1153,0.1110147441457068,Leadership & Strategy
Application Developer,70.0,151,1045,0.1444976076555024,Construction
Qa Software Tester,70.0,127,918,0.1383442265795207,Law Enforcement
Clinical Trial Assistant,70.0,136,886,0.1534988713318284,Leadership & Strategy
Tax Examiner,70.0,134,896,0.1495535714285714,Administrative & Clerical
Payroll Processor,70.0,145,1302,0.1113671274961597,Data & IT
Payment Processor,70.0,149,1316,0.1132218844984802,Communication & PR
Technical Product Manager,70.0,183,1474,0.1241519674355495,Leadership & Strategy
Software Product Manager,70.0,181,1472,0.1229619565217391,Administrative & Clerical
Credit Specialist,70.0,170,1394,0.1219512195121951,Law Enforcement
Ultrasound Technician,70.0,76,566,0.1342756183745583,Leadership & Strategy
Data Scientist,70.0,180,1091,0.1649862511457378,Data & IT
Cloud Engineer,70.0,152,1013,0.1500493583415597,Communication & PR
Clinical Informatics Specialist,70.0,140,996,0.1405622489959839,Hospitality
Sap Developer,70.0,131,929,0.1410118406889128,Sales & Marketing
Chief Of Police,70.0,122,1047,0.1165234001910219,Data & IT
Sports Analyst,70.0,9,50,0.18,Communication & PR
Credit Risk Analyst,70.0,171,1119,0.1528150134048257,Supply Chain & Logistics
Information Assurance,70.0,8,46,0.1739130434782608,Leadership & Strategy
Mystery Shopper,70.0,99,671,0.1475409836065573,Supply Chain & Logistics
Cashier,70.0,97,703,0.1379800853485064,Medical & Healthcare
Database Programmer,70.0,160,1022,0.1565557729941291,Administrative & Clerical
Radiology Technologist,70.0,75,549,0.1366120218579235,Administrative & Clerical
Radiologic Technologist,70.0,75,549,0.1366120218579235,Data & IT
Receiving Clerk,70.0,149,1307,0.1140015302218821,Communication & PR
Office Cleaner,70.0,64,386,0.1658031088082901,Hospitality
Mailroom Clerk,70.0,135,1205,0.1120331950207468,Sales & Marketing
Medical Billing Specialist,70.0,124,827,0.1499395405078597,Data & IT
Implementation Analyst,70.0,178,1156,0.1539792387543252,Communication & PR
Sap Project Manager,70.0,10,52,0.1923076923076923,Data & IT
Infrastructure Project Manager,70.0,176,1448,0.1215469613259668,Communication & PR
Mortgage Loan Processor,70.0,146,1322,0.1104387291981845,Communication & PR
Web Content Editor,70.0,234,1986,0.1178247734138972,Sales & Marketing
Technical Marketing Engineer,70.0,244,1576,0.1548223350253807,Construction
Flooring Installer,70.0,1,2,0.5,Law Enforcement
Front End Developer,70.0,159,1104,0.1440217391304347,Hospitality
Entry Level Developer,70.0,151,1033,0.1461761858664085,Sales & Marketing
Javascript Developer,70.0,150,1039,0.1443695861405197,Supply Chain & Logistics
Developer,70.0,139,992,0.1401209677419354,Medical & Healthcare
Game Programmer,70.0,152,1318,0.1153262518968133,Hospitality
Arabic Linguist,70.0,113,859,0.1315483119906868,Sales & Marketing
Computational Linguist,70.0,139,912,0.1524122807017544,Data & IT
Engineering Project Manager,70.0,176,1446,0.1217150760719225,Hospitality
Business Manager,68.0,164,1072,0.1529850746268656,Supply Chain & Logistics
Inpatient Coder,68.0,117,752,0.1555851063829787,Law Enforcement
Cad Drafter,68.0,125,948,0.1318565400843881,Medical & Healthcare
Assistant Branch Manager,67.0,130,861,0.1509872241579558,Construction
Front Office Clerk,67.0,129,926,0.1393088552915766,Hospitality
Front Desk Attendant,67.0,126,886,0.1422121896162528,Sales & Marketing
Administrative Specialist,65.0,134,866,0.1547344110854503,Data & IT
Help Desk,65.0,133,1047,0.1270296084049665,Leadership & Strategy
Administrative Officer,65.0,133,865,0.153757225433526,Communication & PR
Security Dispatcher,65.0,84,774,0.1085271317829457,Construction
Safety Consultant,65.0,73,765,0.0954248366013071,Law Enforcement
Forensic Chemist,65.0,54,423,0.1276595744680851,Supply Chain & Logistics
Deputy Director,65.0,122,829,0.1471652593486128,Medical & Healthcare
Finance Analyst,65.0,168,1242,0.1352657004830917,Construction
Equity Research Associate,65.0,163,1067,0.1527647610121837,Law Enforcement
Sql Data Analyst,65.0,250,1459,0.1713502398903358,Data & IT
Logistics Clerk,65.0,124,1005,0.1233830845771144,Medical & Healthcare
Equity Research Analyst,65.0,162,1066,0.1519699812382739,Supply Chain & Logistics
Equity Analyst,65.0,162,1066,0.1519699812382739,Medical & Healthcare
Environmental Analyst,65.0,164,1067,0.1537019681349578,Leadership & Strategy
Energy Analyst,65.0,164,1066,0.1538461538461538,Administrative & Clerical
Derivatives Analyst,65.0,161,1059,0.1520302171860245,Data & IT
Cost Accountant,65.0,158,1067,0.148078725398313,Communication & PR
Vascular Technologist,65.0,57,434,0.1313364055299539,Law Enforcement
Cad Operator,65.0,123,921,0.1335504885993485,Sales & Marketing
Oracle Database Developer,65.0,242,1424,0.1699438202247191,Communication & PR
Branch Office Administrator,65.0,130,828,0.1570048309178744,Administrative & Clerical
Sonographer,65.0,57,412,0.1383495145631068,Administrative & Clerical
Rpg Programmer,65.0,217,1279,0.1696637998436278,Supply Chain & Logistics
Junior Software Engineer,65.0,243,1716,0.1416083916083916,Leadership & Strategy
Pricing Specialist,65.0,164,1163,0.1410146173688736,Medical & Healthcare
Ultrasonographer,65.0,59,438,0.1347031963470319,Leadership & Strategy
Mainframe Programmer,65.0,226,1354,0.1669128508124076,Hospitality
Healthcare Data Analyst,65.0,230,1609,0.1429459291485394,Sales & Marketing
Database Administrator,65.0,241,1372,0.1756559766763848,Construction
Executive Producer,65.0,182,1302,0.1397849462365591,Law Enforcement
Corporate Financial Analyst,65.0,162,1056,0.1534090909090909,Hospitality
Freelance,65.0,182,1206,0.1509121061359867,Hospitality
Sales Operations Analyst,65.0,157,1053,0.1490978157644824,Sales & Marketing
Crm Analyst,65.0,164,1081,0.1517113783533765,Construction
Warranty Clerk,65.0,116,816,0.142156862745098,Law Enforcement
X Ray Technician,65.0,59,437,0.1350114416475972,Construction
Asp.Net Developer,65.0,245,1752,0.1398401826484018,Hospitality
Abap Developer,65.0,242,1696,0.142688679245283,Sales & Marketing
.Net Developer,65.0,248,1734,0.1430219146482122,Construction
Shipping,65.0,107,711,0.150492264416315,Supply Chain & Logistics
Clinical Data Analyst,65.0,220,1369,0.1607012417823228,Law Enforcement
Business Banking Relationship Manager,65.0,166,1126,0.147424511545293,Hospitality
Sales Associate,65.0,169,1197,0.1411862990810359,Sales & Marketing
Radiology Assistant,65.0,68,480,0.1416666666666666,Data & IT
Game Artist,65.0,190,1453,0.1307639366827254,Communication & PR
Electrical Drafter,65.0,123,920,0.133695652173913,Supply Chain & Logistics
Web Content Manager,65.0,322,2266,0.1421006178287731,Medical & Healthcare
Medical Biller,65.0,137,832,0.1646634615384615,Construction
Structural Designer,65.0,130,965,0.1347150259067357,Law Enforcement
Certified Professional Coder,65.0,129,798,0.1616541353383458,Data & IT
Forensic Accountant,65.0,157,996,0.1576305220883534,Communication & PR
Vascular Technician,65.0,57,434,0.1313364055299539,Supply Chain & Logistics
Commission Analyst,65.0,159,1061,0.1498586239396795,Sales & Marketing
Analog Design Engineer,65.0,134,913,0.1467688937568455,Data & IT
Technology,65.0,160,1099,0.1455868971792538,Communication & PR
Cad Technician,65.0,124,922,0.1344902386117136,Hospitality
Title Clerk,65.0,107,704,0.1519886363636363,Supply Chain & Logistics
C Developer,65.0,242,1743,0.1388410786001147,Data & IT
Associate Software Engineer,65.0,245,1753,0.1397604107244723,Communication & PR
Junior Java Developer,65.0,247,1714,0.1441073512252042,Administrative & Clerical
Operations Research Analyst,65.0,174,1119,0.1554959785522788,Medical & Healthcare
Finance Specialist,65.0,160,1218,0.1313628899835796,Sales & Marketing
Financial Auditor,65.0,154,983,0.1566632756866734,Hospitality
Order Processor,65.0,129,927,0.1391585760517799,Medical & Healthcare
Medical Claims Processor,65.0,140,836,0.1674641148325359,Leadership & Strategy
Automation Engineer,65.0,141,937,0.1504802561366061,Administrative & Clerical
Hospital Housekeeping,65.0,8,33,0.2424242424242424,Hospitality
Cleaner,65.0,6,27,0.2222222222222222,Sales & Marketing
Executive Personal Assistant,65.0,128,1018,0.1257367387033398,Leadership & Strategy
Assistant Director,65.0,135,989,0.1365015166835187,Administrative & Clerical
Commercial Analyst,65.0,157,1039,0.1511068334937439,Construction
Bookkeeping,65.0,139,914,0.1520787746170678,Law Enforcement
Bookkeeper,65.0,141,911,0.1547749725576289,Supply Chain & Logistics
Janitor,65.0,9,138,0.0652173913043478,Communication & PR
Dot Net Developer,65.0,249,1735,0.1435158501440922,Leadership & Strategy
C# Developer,65.0,248,1731,0.1432697862507221,Administrative & Clerical
Correctional Officer,65.0,37,280,0.1321428571428571,Leadership & Strategy
Armored Truck Driver,65.0,28,227,0.1233480176211453,Administrative & Clerical
Vascular Sonographer,65.0,57,434,0.1313364055299539,Medical & Healthcare
Survey Researcher,65.0,165,1079,0.1529193697868396,Leadership & Strategy
Line Operator,65.0,58,488,0.1188524590163934,Administrative & Clerical
Electronic Assembler,65.0,59,497,0.1187122736418511,Data & IT
Assembly Operator,65.0,59,495,0.1191919191919192,Communication & PR
Autocad Drafter,65.0,162,1598,0.1013767209011264,Data & IT
Firmware Engineer,65.0,238,1635,0.145565749235474,Medical & Healthcare
Ticket Agent,64.0,93,834,0.1115107913669064,Supply Chain & Logistics
Contract Specialist,63.0,162,1161,0.1395348837209302,Law Enforcement
Freelancer,63.0,120,974,0.1232032854209445,Construction
Requirements Analyst,62.0,180,1595,0.1128526645768025,Sales & Marketing
Seo Consultant,61.0,166,1338,0.1240657698056801,Hospitality
Registered Medical Assistant,60.0,43,364,0.1181318681318681,Hospitality
Seo Manager,60.0,166,1334,0.1244377811094452,Communication & PR
Seo Specialist,60.0,168,1356,0.1238938053097345,Data & IT
Supply Chain Coordinator,60.0,157,1200,0.1308333333333333,Communication & PR
Supply Coordinator,60.0,156,1196,0.1304347826086956,Data & IT
Environmental Engineer,60.0,115,757,0.1519154557463672,Sales & Marketing
Registered Dental Assistant,60.0,42,360,0.1166666666666666,Sales & Marketing
Accounts Payable,60.0,154,1154,0.1334488734835355,Communication & PR
Auditor,60.0,162,1260,0.1285714285714285,Data & IT
Budget Analyst,60.0,165,1165,0.1416309012875536,Administrative & Clerical
Collection Agent,60.0,173,1283,0.1348402182385035,Leadership & Strategy
Computer Scientist,60.0,118,779,0.1514762516046213,Sales & Marketing
Drupal Developer,60.0,108,776,0.1391752577319587,Hospitality
Truss Designer,60.0,160,1521,0.1051939513477975,Administrative & Clerical
Urban Planner,60.0,164,1559,0.1051956382296343,Leadership & Strategy
Insurance Sales,60.0,135,1031,0.1309408341416101,Medical & Healthcare
Industrial Organizational Psychologist,60.0,90,685,0.1313868613138686,Hospitality
911 Operator,60.0,133,1007,0.1320754716981132,Construction
Tax Analyst,60.0,161,1162,0.1385542168674698,Law Enforcement
Appointment Setter,60.0,116,1026,0.1130604288499025,Construction
Embryologist,60.0,50,569,0.0878734622144112,Medical & Healthcare
Medical Office Assistant,60.0,90,858,0.1048951048951049,Supply Chain & Logistics
Customs Broker,60.0,123,918,0.1339869281045751,Law Enforcement
Import Coordinator,60.0,129,935,0.1379679144385026,Construction
Import Specialist,60.0,127,931,0.1364124597207304,Sales & Marketing
Merchandising Coordinator,60.0,162,1111,0.1458145814581458,Hospitality
Biztalk Developer,60.0,138,1072,0.1287313432835821,Medical & Healthcare
Windows System Administrator,60.0,121,812,0.1490147783251231,Construction
Network Systems Administrator,60.0,126,1371,0.0919037199124726,Sales & Marketing
Senior Systems Engineer,60.0,129,1344,0.0959821428571428,Hospitality
Software Engineer,60.0,133,1342,0.0991058122205663,Communication & PR
Systems Administrator,60.0,132,1398,0.0944206008583691,Data & IT
Systems Analyst,60.0,168,1558,0.1078305519897304,Administrative & Clerical
Unix Administrator,60.0,125,1355,0.092250922509225,Leadership & Strategy
Fingerprint Technician,60.0,116,1076,0.1078066914498141,Sales & Marketing
Forensic Examiner,60.0,125,1385,0.0902527075812274,Hospitality
Windows Administrator,60.0,121,812,0.1490147783251231,Law Enforcement
Design Engineer,60.0,143,1047,0.1365807067812798,Administrative & Clerical
Report Analyst,60.0,182,1339,0.1359223300970873,Supply Chain & Logistics
Housekeeping Attendant,60.0,9,138,0.0652173913043478,Medical & Healthcare
Assembly Line Worker,60.0,39,315,0.1238095238095238,Supply Chain & Logistics
Assembly Worker,60.0,37,303,0.1221122112211221,Law Enforcement
Forklift,60.0,22,166,0.1325301204819277,Construction
Master Control Operator,60.0,120,1201,0.0999167360532889,Sales & Marketing
Curriculum Designer,60.0,170,1325,0.1283018867924528,Hospitality
General Labor,60.0,19,409,0.0464547677261613,Medical & Healthcare
General Worker,60.0,19,409,0.0464547677261613,Supply Chain & Logistics
Curriculum Specialist,60.0,164,1213,0.1352019785655399,Communication & PR
Insurance Sales Representative,60.0,135,1031,0.1309408341416101,Supply Chain & Logistics
Survey Technician,60.0,101,809,0.1248454882571075,Sales & Marketing
Accountant,60.0,117,966,0.1211180124223602,Hospitality
Claims Auditor,60.0,127,947,0.1341077085533263,Communication & PR
Contact Tracing,60.0,94,604,0.1556291390728476,Communication & PR
Healthcare Project Manager,60.0,169,1539,0.1098115659519168,Medical & Healthcare
Product Manager,60.0,195,1732,0.1125866050808314,Supply Chain & Logistics
Project Consultant,60.0,183,1636,0.1118581907090464,Law Enforcement
Project Manager,60.0,190,1686,0.1126927639383155,Construction
Customer Assistant,60.0,167,1340,0.1246268656716417,Sales & Marketing
Tax Accountant,60.0,130,1026,0.1267056530214425,Administrative & Clerical
Epic Trainer,60.0,109,900,0.1211111111111111,Data & IT
Life Insurance Agent,60.0,133,1025,0.1297560975609756,Law Enforcement
Java Software Engineer,60.0,110,796,0.1381909547738693,Construction
Creative Project Manager,60.0,169,1604,0.105361596009975,Administrative & Clerical
Erp Project Manager,60.0,162,1497,0.1082164328657314,Leadership & Strategy
Performance Analyst,60.0,176,1339,0.1314413741598207,Communication & PR
Risk Management Analyst,60.0,197,1658,0.1188178528347406,Data & IT
Salesforce Business Analyst,60.0,208,1694,0.1227863046044864,Administrative & Clerical
Data Analyst,60.0,217,1405,0.1544483985765124,Leadership & Strategy
Java Web Developer,60.0,110,796,0.1381909547738693,Sales & Marketing
Junior Developer,60.0,114,810,0.1407407407407407,Hospitality
Information Specialist,60.0,153,1186,0.1290050590219224,Construction
Procurement Clerk,60.0,115,907,0.1267916207276736,Construction
Receiver,60.0,50,311,0.1607717041800643,Sales & Marketing
Registration Clerk,60.0,85,710,0.1197183098591549,Hospitality
Registration Specialist,60.0,90,756,0.119047619047619,Communication & PR
Unit Secretary,60.0,96,834,0.1151079136690647,Data & IT
Sql Dba,60.0,147,1447,0.1015894955079474,Law Enforcement
Sql Server Dba,60.0,148,1455,0.1017182130584192,Construction
Surgical Assistant,60.0,44,375,0.1173333333333333,Communication & PR
Carpet Cleaner,60.0,6,133,0.0451127819548872,Data & IT
Information Analyst,60.0,155,1192,0.1300335570469798,Law Enforcement
Operations Clerk,60.0,108,890,0.1213483146067415,Law Enforcement
Administrative Director,60.0,120,937,0.128068303094984,Data & IT
Assistant Administrator,60.0,119,926,0.1285097192224622,Administrative & Clerical
Compliance Analyst,60.0,187,1309,0.1428571428571428,Leadership & Strategy
Financial Engineer,60.0,192,1635,0.1174311926605504,Administrative & Clerical
Financial Examiner,60.0,192,1325,0.1449056603773585,Leadership & Strategy
Forensic Scientist,60.0,129,1396,0.0924068767908309,Communication & PR
Intelligence,60.0,148,1439,0.1028492008339124,Data & IT
Military Analyst,60.0,168,1517,0.1107448912326961,Administrative & Clerical
Safety Coordinator,60.0,1,2,0.5,Leadership & Strategy
Security Technician,60.0,117,854,0.1370023419203747,Medical & Healthcare
911 Dispatcher,60.0,133,1008,0.1319444444444444,Law Enforcement
Clinical Analyst,60.0,201,1666,0.1206482593037214,Communication & PR
Meter Reader,60.0,28,240,0.1166666666666666,Data & IT
Post Office,60.0,73,516,0.1414728682170542,Medical & Healthcare
Demand Planner,60.0,154,1120,0.1375,Supply Chain & Logistics
Logistics Coordinator,60.0,158,1201,0.1315570358034971,Law Enforcement
Procurement Agent,60.0,156,1123,0.138913624220837,Construction
Purchasing Coordinator,60.0,158,1201,0.1315570358034971,Sales & Marketing
Shipping Coordinator,60.0,160,1175,0.1361702127659574,Hospitality
Front Desk Coordinator,60.0,105,855,0.1228070175438596,Medical & Healthcare
Office Clerk,60.0,98,822,0.1192214111922141,Supply Chain & Logistics
Skip Tracer,60.0,103,745,0.138255033557047,Supply Chain & Logistics
Business Management Consultant,60.0,143,984,0.1453252032520325,Leadership & Strategy
Coding Specialist,60.0,138,1094,0.1261425959780621,Leadership & Strategy
Loan Underwriter,60.0,121,949,0.1275026343519494,Data & IT
Sql Database Administrator,60.0,149,1090,0.136697247706422,Data & IT
Drafter,60.0,165,1622,0.1017262638717632,Hospitality
Game Designer,60.0,171,1413,0.1210191082802547,Leadership & Strategy
Process Server,60.0,65,661,0.0983358547655068,Administrative & Clerical
Autopsy Assistant,60.0,37,347,0.1066282420749279,Sales & Marketing
Certified Surgical Technologist,60.0,43,378,0.1137566137566137,Hospitality
Revenue Cycle Analyst,60.0,149,1055,0.1412322274881516,Law Enforcement
Administration,60.0,108,879,0.1228668941979522,Communication & PR
Data Technician,60.0,145,1037,0.1398264223722276,Sales & Marketing
Database Specialist,60.0,159,1116,0.1424731182795699,Hospitality
Financial Data Analyst,60.0,196,1403,0.1397006414825374,Communication & PR
Director Of Nursing,60.0,72,622,0.1157556270096463,Data & IT
Database Architect,60.0,170,1564,0.108695652173913,Medical & Healthcare
Health Data Analyst,60.0,206,1372,0.1501457725947521,Supply Chain & Logistics
Junior Architect,60.0,148,1581,0.0936116382036685,Communication & PR
Space Planner,60.0,162,1553,0.1043142305215711,Data & IT
Shipping Clerk,60.0,141,1102,0.1279491833030853,Sales & Marketing
Timekeeper,60.0,97,843,0.1150652431791221,Hospitality
Cloud Architect,60.0,142,1039,0.136669874879692,Construction
General Laborer,60.0,9,138,0.0652173913043478,Leadership & Strategy
Collections Specialist,60.0,184,1663,0.1106434155141311,Law Enforcement
Compliance Auditor,60.0,190,1329,0.1429646350639578,Construction
Cost Controller,60.0,195,1655,0.1178247734138972,Sales & Marketing
Credit Controller,60.0,192,1647,0.116575591985428,Hospitality
Debt Collector,60.0,182,1357,0.1341193809874723,Communication & PR
Exchange Engineer,60.0,149,1158,0.1286701208981001,Data & IT
Biomedical Engineer,60.0,102,732,0.1393442622950819,Law Enforcement
Biotechnology,60.0,97,694,0.1397694524495677,Construction
Loan Closer,60.0,178,1593,0.1117388575015693,Medical & Healthcare
Assignment Editor,60.0,148,1187,0.1246840775063184,Administrative & Clerical
Mortgage Loan Closer,60.0,149,1193,0.1248952221290863,Law Enforcement
Processor,60.0,131,1133,0.115622241835834,Construction
Trader,60.0,161,1479,0.1088573360378634,Sales & Marketing
Treasury Accountant,60.0,183,1563,0.1170825335892514,Hospitality
Collection Representative,60.0,181,1646,0.1099635479951397,Medical & Healthcare
Collection Specialist,60.0,184,1663,0.1106434155141311,Supply Chain & Logistics
Gas Station Attendant,60.0,28,239,0.1171548117154811,Administrative & Clerical
Lactation Consultant,60.0,72,540,0.1333333333333333,Leadership & Strategy
Ticket Taker,60.0,54,349,0.154727793696275,Medical & Healthcare
Usher,60.0,52,355,0.1464788732394366,Supply Chain & Logistics
Mortgage Closer,60.0,149,1193,0.1248952221290863,Supply Chain & Logistics
Front Desk Agent,60.0,108,878,0.123006833712984,Leadership & Strategy
Radio Operator,60.0,124,890,0.1393258426966292,Medical & Healthcare
Manual Qa Tester,60.0,121,1053,0.1149097815764482,Supply Chain & Logistics
Manual Tester,60.0,121,1016,0.1190944881889763,Law Enforcement
Coldfusion Developer,60.0,108,735,0.1469387755102041,Construction
Healthcare Business Analyst,60.0,206,1671,0.1232794733692399,Administrative & Clerical
Surgery Scheduler,60.0,81,815,0.0993865030674846,Leadership & Strategy
Java,60.0,103,740,0.1391891891891891,Communication & PR
Java Developer,60.0,109,769,0.141742522756827,Data & IT
Java Engineer,60.0,110,796,0.1381909547738693,Administrative & Clerical
Custodian,60.0,8,151,0.0529801324503311,Administrative & Clerical
Java Software Developer,60.0,110,796,0.1381909547738693,Medical & Healthcare
Home Inspector,60.0,69,521,0.1324376199616123,Supply Chain & Logistics
Unix System Administrator,60.0,121,1340,0.0902985074626865,Medical & Healthcare
Vmware Administrator,60.0,125,1355,0.092250922509225,Supply Chain & Logistics
Virtual Teacher,60.0,121,1037,0.1166827386692381,Administrative & Clerical
3D Modeler,60.0,204,1735,0.117579250720461,Leadership & Strategy
Compositor,60.0,193,1696,0.1137971698113207,Medical & Healthcare
Fx Artist,60.0,190,1638,0.115995115995116,Supply Chain & Logistics
Game Developer,60.0,211,1781,0.1184727681078046,Law Enforcement
Accessioner,60.0,46,410,0.1121951219512195,Construction
Java Programmer,60.0,110,796,0.1381909547738693,Leadership & Strategy
Purchaser,59.0,142,1024,0.138671875,Communication & PR
Retail Buyer,58.0,158,1126,0.1403197158081705,Data & IT
Communications Consultant,57.0,139,1033,0.1345595353339787,Leadership & Strategy
Assistant Producer,57.0,118,924,0.1277056277056277,Administrative & Clerical
Content Producer,57.0,216,1506,0.1434262948207171,Medical & Healthcare
Clinical Project Manager,57.0,121,942,0.1284501061571125,Supply Chain & Logistics
Forensic Engineer,55.0,85,747,0.1137884872824631,Medical & Healthcare
Vice President Of Marketing,55.0,132,976,0.1352459016393442,Hospitality
Social Media Marketing,55.0,259,2183,0.1186440677966101,Sales & Marketing
Financial Systems Analyst,55.0,163,1195,0.1364016736401673,Hospitality
Embedded Software Engineer,55.0,117,763,0.1533420707732634,Sales & Marketing
Digital Marketing Strategist,55.0,238,1912,0.1244769874476987,Data & IT
Executive Administrator,55.0,105,979,0.1072522982635342,Law Enforcement
Front Desk Assistant,55.0,91,815,0.1116564417177914,Construction
Commodity Buyer,55.0,147,1117,0.1316025067144136,Sales & Marketing
Digital Marketing Specialist,55.0,241,1923,0.12532501300052,Communication & PR
Network Support Engineer,55.0,141,1049,0.1344137273593899,Supply Chain & Logistics
Infrastructure Analyst,55.0,148,1095,0.1351598173515981,Hospitality
Customer Care Representative,55.0,121,1083,0.1117266851338873,Law Enforcement
Proposal Manager,55.0,169,1340,0.1261194029850746,Construction
Sales Development Representative,55.0,165,1417,0.1164431898376852,Sales & Marketing
Mathematician,55.0,75,736,0.1019021739130434,Hospitality
Aerospace Engineer,55.0,89,749,0.1188251001335113,Communication & PR
Cad Designer,55.0,124,1265,0.0980237154150197,Data & IT
Forensic Specialist,55.0,85,743,0.1144010767160161,Supply Chain & Logistics
Nursing Attendant,55.0,54,480,0.1125,Communication & PR
Digital Marketing Coordinator,55.0,241,1923,0.12532501300052,Sales & Marketing
Digital Marketing Manager,55.0,240,1920,0.125,Hospitality
National Account Executive,55.0,115,1014,0.1134122287968441,Medical & Healthcare
Pharmaceutical Sales Representative,55.0,120,1045,0.1148325358851674,Supply Chain & Logistics
Email Marketing Specialist,55.0,232,1857,0.1249326871297792,Administrative & Clerical
Marketing Automation Specialist,55.0,201,1931,0.1040911444847229,Leadership & Strategy
Marketing Consultant,55.0,200,1637,0.1221747098350641,Medical & Healthcare
Marketing Operations Manager,55.0,165,1338,0.1233183856502242,Supply Chain & Logistics
Environmental Project Manager,55.0,110,869,0.1265822784810126,Law Enforcement
Social Media Analyst,55.0,247,2115,0.1167848699763593,Law Enforcement
Specialist,55.0,169,1195,0.1414225941422594,Law Enforcement
Contracts Manager,55.0,130,985,0.1319796954314721,Construction
Applications Engineer,55.0,177,1302,0.1359447004608295,Medical & Healthcare
Digital Marketing,55.0,236,1946,0.1212744090441932,Supply Chain & Logistics
Digital Marketing Analyst,55.0,240,1911,0.1255886970172684,Law Enforcement
Administration Manager,55.0,111,1059,0.1048158640226629,Leadership & Strategy
Freelance Translator,55.0,133,1125,0.1182222222222222,Leadership & Strategy
Bookseller,55.0,81,661,0.1225416036308623,Administrative & Clerical
Social Media Consultant,55.0,241,2114,0.1140018921475875,Construction
Security Manager,55.0,101,833,0.1212484993997599,Law Enforcement
Clerk,55.0,85,830,0.1024096385542168,Construction
Network Systems Engineer,55.0,141,1049,0.1344137273593899,Law Enforcement
Inside Sales Associate,55.0,193,1720,0.1122093023255813,Data & IT
Auto Sales,55.0,147,1318,0.1115326251896813,Communication & PR
Sourcing Analyst,55.0,151,1204,0.1254152823920265,Hospitality
Billing Manager,55.0,175,1434,0.1220362622036262,Sales & Marketing
It Security Engineer,55.0,139,1071,0.1297852474323062,Data & IT
Fpga Design Engineer,55.0,130,998,0.1302605210420841,Communication & PR
Insurance Producer,55.0,110,853,0.1289566236811254,Supply Chain & Logistics
Tax Professional,55.0,128,1017,0.1258603736479842,Medical & Healthcare
Traveling Nurse,55.0,52,533,0.0975609756097561,Data & IT
Systems Engineer,55.0,144,1062,0.135593220338983,Hospitality
System Engineer,55.0,143,1058,0.1351606805293005,Sales & Marketing
Insurance Sales Agent,55.0,179,1628,0.1099508599508599,Leadership & Strategy
Inside Sales Representative,55.0,192,1716,0.1118881118881118,Administrative & Clerical
Document Specialist,55.0,111,911,0.1218441273326015,Supply Chain & Logistics
Department Assistant,55.0,101,947,0.1066525871172122,Medical & Healthcare
Fiber Optic Splicer,55.0,67,629,0.1065182829888712,Leadership & Strategy
Landscape Architect,55.0,89,1074,0.0828677839851024,Communication & PR
Associate Creative Director,55.0,147,1115,0.1318385650224215,Data & IT
Claims Manager,55.0,124,956,0.1297071129707113,Administrative & Clerical
Edi Developer,55.0,114,746,0.1528150134048257,Construction
Implementation Specialist,55.0,155,1219,0.1271534044298605,Sales & Marketing
Nurse Technician,55.0,50,447,0.1118568232662192,Hospitality
Nurse Aide,55.0,49,439,0.1116173120728929,Sales & Marketing
Sales Agent,55.0,118,1034,0.1141199226305609,Construction
Sales Account Executive,55.0,117,1018,0.1149312377210216,Law Enforcement
Avionics Technician,55.0,73,638,0.1144200626959247,Hospitality
Custodial Worker,55.0,44,485,0.090721649484536,Communication & PR
Dock Worker,55.0,46,486,0.0946502057613168,Data & IT
Facilities Maintenance,55.0,66,578,0.1141868512110726,Administrative & Clerical
Digital Marketing Consultant,55.0,238,1911,0.1245421245421245,Construction
Senior Systems Analyst,55.0,155,1123,0.1380231522707034,Construction
Network Engineer,55.0,141,1049,0.1344137273593899,Leadership & Strategy
Linux System Engineer,55.0,143,1061,0.1347785108388313,Administrative & Clerical
Analyst,55.0,162,1144,0.1416083916083916,Supply Chain & Logistics
Fiber Optic Technician,55.0,68,632,0.1075949367088607,Medical & Healthcare
Medical Administrative Specialist,55.0,101,919,0.1099020674646354,Leadership & Strategy
Tax Associate,55.0,128,1017,0.1258603736479842,Administrative & Clerical
Delivery Manager,55.0,138,1036,0.1332046332046332,Data & IT
Business Controller,55.0,126,1017,0.1238938053097345,Communication & PR
Criminalist,55.0,73,670,0.108955223880597,Leadership & Strategy
Child Psychologist,55.0,52,581,0.0895008605851979,Administrative & Clerical
Network Security Engineer,55.0,142,1056,0.1344696969696969,Medical & Healthcare
Vp Marketing,54.0,136,981,0.1386340468909276,Communication & PR
Commercial Project Manager,53.0,197,1459,0.1350239890335846,Administrative & Clerical
Implementation Project Manager,53.0,206,1608,0.1281094527363184,Leadership & Strategy
Business Project Manager,53.0,207,1602,0.1292134831460674,Data & IT
Pmo Manager,52.0,148,1192,0.1241610738255033,Supply Chain & Logistics
Marketing Project Manager,52.0,178,1396,0.1275071633237822,Medical & Healthcare
Product Marketing Manager,51.0,173,1350,0.1281481481481481,Law Enforcement
Project Controller,51.0,155,1215,0.1275720164609053,Construction
Class B Driver,50.0,31,254,0.1220472440944882,Supply Chain & Logistics
Icu Nurse,50.0,31,216,0.1435185185185185,Administrative & Clerical
Travel Nurse,50.0,29,198,0.1464646464646464,Leadership & Strategy
Car Detailer,50.0,51,601,0.0848585690515806,Medical & Healthcare
Package Handler,50.0,112,1318,0.0849772382397572,Supply Chain & Logistics
Casino Dealer,50.0,54,361,0.149584487534626,Communication & PR
Optician,50.0,49,503,0.0974155069582504,Data & IT
Receptionist,50.0,81,662,0.1223564954682779,Law Enforcement
Referral Coordinator,50.0,114,858,0.1328671328671328,Construction
Surgical Physician Assistant,50.0,35,371,0.0943396226415094,Medical & Healthcare
Cabin Cleaner,50.0,20,240,0.0833333333333333,Supply Chain & Logistics
Cable Installation Technician,50.0,65,458,0.1419213973799126,Law Enforcement
Cable Technician,50.0,63,451,0.1396895787139689,Construction
Cost Accounting Manager,50.0,156,1101,0.1416893732970027,Sales & Marketing
Cost Estimator,50.0,164,1138,0.1441124780316344,Hospitality
Credentialing Coordinator,50.0,164,1261,0.1300555114988104,Sales & Marketing
Credentialing Specialist,50.0,164,1261,0.1300555114988104,Hospitality
Commercial Driver,50.0,32,284,0.1126760563380281,Law Enforcement
Otr Truck Driver,50.0,31,347,0.0893371757925072,Construction
Class B CDL,50.0,31,254,0.1220472440944882,Medical & Healthcare
Mobile Engineer,50.0,137,1106,0.1238698010849909,Leadership & Strategy
R&D Engineer,50.0,153,1151,0.1329278887923544,Medical & Healthcare
Research And Development Engineer,50.0,154,1152,0.1336805555555555,Supply Chain & Logistics
Dialysis Technician,50.0,54,491,0.109979633401222,Law Enforcement
Hemodialysis Technician,50.0,49,397,0.1234256926952141,Construction
Loss Prevention Officer,50.0,70,540,0.1296296296296296,Law Enforcement
Police Records Clerk,50.0,59,623,0.0947030497592295,Construction
Security Architect,50.0,167,1603,0.1041796631316282,Medical & Healthcare
Solution Architect,50.0,205,1543,0.1328580686973428,Supply Chain & Logistics
System Administrator,50.0,182,1261,0.1443298969072164,Law Enforcement
Instrumentation Technician,50.0,116,719,0.1613351877607788,Sales & Marketing
Packager,50.0,111,1316,0.0843465045592705,Law Enforcement
Document Control Manager,50.0,243,2055,0.1182481751824817,Construction
Senior Pharmacy Technician,50.0,46,506,0.0909090909090909,Administrative & Clerical
Surgical First Assistant,50.0,35,371,0.0943396226415094,Leadership & Strategy
Help Desk Technician,50.0,204,1563,0.1305182341650671,Law Enforcement
It Engineer,50.0,188,1290,0.1457364341085271,Construction
Linux Engineer,50.0,189,1387,0.1362653208363374,Sales & Marketing
Linux System Administrator,50.0,189,1387,0.1362653208363374,Hospitality
Tractor Trailer Driver,50.0,52,558,0.0931899641577061,Sales & Marketing
Interior Painter,50.0,35,351,0.0997150997150997,Hospitality
Systems Programmer,50.0,202,1686,0.1198102016607354,Construction
Sales Marketing,50.0,211,2001,0.1054472763618191,Sales & Marketing
Sales Support Specialist,50.0,211,1966,0.1073245167853509,Hospitality
Network Administrator,50.0,186,1666,0.1116446578631452,Communication & PR
Network Security Administrator,50.0,175,1681,0.1041046995835812,Data & IT
Manufacturing Operator,50.0,58,512,0.11328125,Communication & PR
Asset Protection Manager,50.0,183,1823,0.1003839824465167,Data & IT
Digital Account Executive,50.0,743,2770,0.2682310469314079,Sales & Marketing
Inside Sales Executive,50.0,564,1855,0.3040431266846361,Hospitality
Medical Sales Representative,50.0,530,1676,0.3162291169451074,Communication & PR
Outside Sales Rep,50.0,210,1948,0.1078028747433264,Data & IT
Early Intervention Specialist,50.0,418,1440,0.2902777777777778,Hospitality
Nurse Rn,50.0,384,1421,0.2702322308233638,Administrative & Clerical
Cdl Driver,50.0,32,284,0.1126760563380281,Administrative & Clerical
Criminal Analyst,50.0,470,1602,0.2933832709113608,Data & IT
Class A Driver,50.0,32,271,0.1180811808118081,Leadership & Strategy
Interior Decorator,50.0,408,1792,0.2276785714285714,Communication & PR
Tax Auditor,50.0,185,1867,0.0990894483128012,Leadership & Strategy
Clinic Manager,50.0,182,1782,0.1021324354657687,Administrative & Clerical
Information Architect,50.0,231,2053,0.1125182659522649,Data & IT
Computer Programmer,50.0,154,1667,0.0923815236952609,Communication & PR
Wireless Network Engineer,50.0,142,1054,0.1347248576850095,Administrative & Clerical
Nursing Assistant,50.0,34,219,0.1552511415525114,Leadership & Strategy
Blackjack Dealer,50.0,53,368,0.1440217391304347,Hospitality
Child Life Specialist,50.0,452,1561,0.2895579756566304,Sales & Marketing
Regional Sales Representative,50.0,216,1967,0.1098118962887646,Medical & Healthcare
Sales Account Manager,50.0,212,1950,0.1087179487179487,Supply Chain & Logistics
Referral Specialist,50.0,113,857,0.131855309218203,Sales & Marketing
Security Receptionist,50.0,44,381,0.1154855643044619,Hospitality
Unit Clerk,50.0,76,782,0.0971867007672634,Communication & PR
Ward Clerk,50.0,74,701,0.1055634807417974,Data & IT
Agency Nurse,50.0,333,1214,0.2742998352553542,Communication & PR
Er Nurse,50.0,318,1122,0.2834224598930481,Data & IT
Sales Executive,50.0,207,1933,0.107087428867046,Construction
Statistician,50.0,165,1537,0.1073519843851659,Construction
Spanish Interpreter,50.0,122,1051,0.1160799238820171,Medical & Healthcare
Cad Engineer,50.0,547,2314,0.2363872082973206,Supply Chain & Logistics
Hardware Engineer,50.0,465,1829,0.2542372881355932,Law Enforcement
Restaurant Host,50.0,36,300,0.12,Construction
Outside Sales Representative,50.0,211,1949,0.1082606464853771,Administrative & Clerical
Pre Sales Consultant,50.0,208,1948,0.1067761806981519,Leadership & Strategy
Escrow Officer,50.0,197,1823,0.1080636313768513,Sales & Marketing
Clinical Trial Manager,50.0,173,1744,0.099197247706422,Hospitality
Sales Analyst,50.0,212,1978,0.1071789686552072,Law Enforcement
Business Process Manager,50.0,671,2162,0.3103607770582793,Law Enforcement
Buyer Planner,50.0,183,1289,0.1419705197827773,Communication & PR
Day Care Teacher,50.0,74,566,0.1307420494699646,Hospitality
Curriculum Developer,50.0,157,1406,0.1116642958748222,Sales & Marketing
Community Health Educator,50.0,155,1155,0.1341991341991342,Construction
CPR Instructor,50.0,64,489,0.130879345603272,Law Enforcement
Assistant Media Planner,50.0,206,1797,0.1146355036171396,Hospitality
Sourcing Specialist,50.0,148,1195,0.1238493723849372,Sales & Marketing
Mortgage Processor,50.0,127,960,0.1322916666666666,Leadership & Strategy
Test Analyst,50.0,252,2050,0.1229268292682926,Administrative & Clerical
Digital Artist,50.0,240,2063,0.116335433834222,Construction
Architectural Draftsman,50.0,137,932,0.1469957081545064,Law Enforcement
3D Artist,50.0,156,1190,0.1310924369747899,Supply Chain & Logistics
3D Animator,50.0,132,1041,0.1268011527377521,Medical & Healthcare
Software Qa Engineer,50.0,277,2231,0.1241595696996862,Construction
Quality Assurance Tester,50.0,280,2236,0.1252236135957066,Law Enforcement
Educational Consultant,50.0,162,1458,0.1111111111111111,Data & IT
Test Engineer,50.0,130,986,0.1318458417849898,Leadership & Strategy
Title Examiner,50.0,124,938,0.1321961620469083,Law Enforcement
Hospital Pharmacist,50.0,86,727,0.1182943603851444,Hospitality
Hospital Cleaner,50.0,20,240,0.0833333333333333,Sales & Marketing
Talent Acquisition Manager,50.0,125,1095,0.1141552511415525,Leadership & Strategy
Talent Acquisition,50.0,126,1096,0.114963503649635,Administrative & Clerical
Video Coordinator,50.0,206,1660,0.1240963855421686,Leadership & Strategy
Digital Media Specialist,50.0,286,2430,0.1176954732510288,Administrative & Clerical
Communications Associate,50.0,207,1797,0.1151919866444073,Data & IT
Export Specialist,50.0,167,1167,0.143101970865467,Data & IT
Sap Business Analyst,50.0,196,1580,0.1240506329113924,Construction
Pricing Analyst,50.0,144,1055,0.1364928909952606,Law Enforcement
Chemical Engineer,50.0,116,845,0.1372781065088757,Data & IT
Biochemist,50.0,113,828,0.1364734299516908,Communication & PR
Software Tester,50.0,272,2209,0.1231326392032594,Data & IT
Software Test Engineer,50.0,272,2209,0.1231326392032594,Communication & PR
Software Quality Assurance Engineer,50.0,276,2219,0.124380351509689,Hospitality
Software Quality Assurance,50.0,275,2220,0.1238738738738738,Sales & Marketing
Broadcast Producer,50.0,179,1516,0.1180738786279683,Communication & PR
Procurement Specialist,50.0,150,1190,0.1260504201680672,Supply Chain & Logistics
Materials Coordinator,50.0,135,974,0.1386036960985626,Medical & Healthcare
Logistics Assistant,50.0,139,1138,0.1221441124780316,Leadership & Strategy
Gas Controller,50.0,122,802,0.1521197007481296,Administrative & Clerical
Surveyor,50.0,80,680,0.1176470588235294,Supply Chain & Logistics
Quantity Surveyor,50.0,80,636,0.1257861635220125,Medical & Healthcare
Professional Organizer,50.0,61,488,0.125,Hospitality
Early Childhood Teacher,50.0,73,562,0.1298932384341637,Communication & PR
Medical Office Specialist,50.0,117,887,0.1319052987598647,Leadership & Strategy
Medical Consultant,50.0,100,779,0.128369704749679,Administrative & Clerical
Service Manager,50.0,114,911,0.1251372118551043,Construction
Purchasing Analyst,50.0,147,1149,0.1279373368146214,Law Enforcement
Travel Rn,50.0,28,197,0.1421319796954314,Supply Chain & Logistics
Business Associate,50.0,229,2087,0.1097268806899856,Medical & Healthcare
Loss Prevention Investigator,50.0,390,1376,0.2834302325581395,Leadership & Strategy
Evidence Technician,50.0,380,1370,0.2773722627737226,Administrative & Clerical
Mail Carrier,50.0,41,390,0.1051282051282051,Sales & Marketing
Store Shopper,50.0,64,529,0.1209829867674858,Data & IT
Personal Shopper,50.0,71,543,0.1307550644567219,Communication & PR
Dealer,50.0,54,369,0.1463414634146341,Hospitality
Senior Product Manager,50.0,161,1257,0.1280827366746221,Sales & Marketing
Java Consultant,50.0,186,1290,0.1441860465116279,Supply Chain & Logistics
Tester,50.0,134,1008,0.1329365079365079,Medical & Healthcare
Graphic Artist,50.0,238,2083,0.114258281325012,Hospitality
Draftsman,50.0,149,1375,0.1083636363636363,Sales & Marketing
Healthcare Consultant,50.0,190,1528,0.1243455497382199,Communication & PR
Licensed Insurance Agent,50.0,104,846,0.1229314420803782,Sales & Marketing
Insurance Analyst,50.0,186,1529,0.1216481360366252,Construction
Commercial Underwriter,50.0,179,1514,0.118229854689564,Law Enforcement
Eligibility Worker,50.0,153,1109,0.1379621280432822,Construction
Eligibility Specialist,50.0,154,1110,0.1387387387387387,Law Enforcement
Pharmacy Technician Trainee,50.0,48,501,0.0958083832335329,Supply Chain & Logistics
Patient Account Representative,50.0,103,813,0.1266912669126691,Medical & Healthcare
Medical Administrative Assistant,50.0,115,848,0.1356132075471698,Data & IT
Property Claims Adjuster,50.0,91,766,0.118798955613577,Hospitality
Program Evaluator,50.0,114,964,0.1182572614107883,Supply Chain & Logistics
Office Receptionist,50.0,79,658,0.1200607902735562,Medical & Healthcare
Tax Advisor,50.0,112,866,0.1293302540415704,Supply Chain & Logistics
Mortgage Underwriter,50.0,125,954,0.1310272536687631,Medical & Healthcare
Loan Processor,50.0,129,962,0.1340956340956341,Administrative & Clerical
Paralegal,50.0,144,982,0.1466395112016293,Supply Chain & Logistics
Talent Acquisition Specialist,50.0,126,1096,0.114963503649635,Medical & Healthcare
Fundraiser,50.0,164,1393,0.1177315147164393,Construction
Etl Tester,50.0,159,1100,0.1445454545454545,Medical & Healthcare
Fire Safety Director,50.0,85,628,0.1353503184713375,Leadership & Strategy
Clinical Trial Associate,50.0,162,1197,0.1353383458646616,Administrative & Clerical
Bouncer,50.0,25,238,0.1050420168067226,Data & IT
Armed Security Officer,50.0,75,569,0.1318101933216168,Communication & PR
Telemetry Technician,50.0,85,689,0.1233671988388969,Leadership & Strategy
Chemical Technician,50.0,106,795,0.1333333333333333,Administrative & Clerical
Tax Specialist,50.0,114,870,0.1310344827586207,Construction
Qa Tester,50.0,280,2236,0.1252236135957066,Supply Chain & Logistics
Etl Informatica Developer,50.0,161,1087,0.1481140754369825,Supply Chain & Logistics
Crm Administrator,50.0,183,1401,0.1306209850107066,Medical & Healthcare
Technical Support Specialist,50.0,219,1795,0.1220055710306406,Hospitality
Technical Support Analyst,50.0,220,1796,0.1224944320712694,Sales & Marketing
Fraud Specialist,50.0,176,1320,0.1333333333333333,Leadership & Strategy
Facilities Coordinator,50.0,156,1117,0.1396598030438675,Administrative & Clerical
Enrollment Specialist,50.0,177,1458,0.1213991769547325,Data & IT
Document Controller,50.0,202,1569,0.1287444231994901,Communication & PR
Technology Analyst,50.0,240,1729,0.1388085598611914,Communication & PR
Sap Basis Administrator,50.0,170,1248,0.1362179487179487,Administrative & Clerical
Administrative Manager,50.0,288,2547,0.1130742049469964,Construction
Wireless Engineer,50.0,142,1054,0.1347248576850095,Law Enforcement
Compensation Manager,50.0,170,1254,0.1355661881977671,Construction
Cash Manager,50.0,169,1250,0.1352,Law Enforcement
Bursar,50.0,146,1045,0.1397129186602871,Supply Chain & Logistics
Actuarial Analyst,50.0,160,1519,0.1053324555628703,Medical & Healthcare
Vmware Engineer,50.0,139,1048,0.1326335877862595,Data & IT
Security Administrator,50.0,160,1233,0.129764801297648,Leadership & Strategy
Programmer,50.0,218,1891,0.1152829190904283,Data & IT
Medical Assembler,50.0,54,493,0.1095334685598377,Communication & PR
Training Consultant,50.0,125,930,0.1344086021505376,Leadership & Strategy
Flight Instructor,50.0,55,399,0.137844611528822,Administrative & Clerical
Fabrication Manager,50.0,114,805,0.1416149068322981,Leadership & Strategy
Electrical Engineer,50.0,130,847,0.153482880755608,Administrative & Clerical
Hris Analyst,50.0,175,1363,0.1283932501834189,Data & IT
Tax Consultant,50.0,114,870,0.1310344827586207,Law Enforcement
Senior Design Engineer,50.0,163,1621,0.1005552128315854,Hospitality
Business Data Analyst,50.0,207,1500,0.138,Sales & Marketing
Clinical Pharmacist,50.0,93,745,0.1248322147651006,Data & IT
CNA,50.0,31,233,0.1330472103004291,Communication & PR
Cognos Developer,50.0,161,1098,0.1466302367941712,Supply Chain & Logistics
Web Programmer,50.0,148,1080,0.137037037037037,Medical & Healthcare
Analytical Scientist,50.0,124,912,0.1359649122807017,Hospitality
Underwriting Assistant,50.0,126,957,0.1316614420062695,Sales & Marketing
Ux Designer,50.0,129,993,0.1299093655589124,Communication & PR
Surveillance Investigator,50.0,82,673,0.1218424962852897,Data & IT
Security Specialist,50.0,92,735,0.1251700680272109,Communication & PR
Safety Inspector,50.0,67,523,0.1281070745697896,Hospitality
Safety Director,50.0,69,540,0.1277777777777777,Sales & Marketing
Junior Underwriter,50.0,123,932,0.1319742489270386,Data & IT
Junior Loan Processor,50.0,130,954,0.1362683438155136,Communication & PR
Intelligence Specialist,50.0,177,1247,0.1419406575781876,Supply Chain & Logistics
Fraud Investigator,50.0,169,1270,0.1330708661417322,Medical & Healthcare
Senior Programmer,50.0,217,1894,0.114572333685322,Administrative & Clerical
Dental Lab Technician,50.0,49,347,0.1412103746397694,Medical & Healthcare
Dental Ceramist,50.0,49,365,0.1342465753424657,Leadership & Strategy
Compounder,50.0,59,487,0.1211498973305954,Administrative & Clerical
Travel Manager,50.0,116,931,0.1245972073039742,Hospitality
Trading Analyst,50.0,148,1070,0.1383177570093458,Sales & Marketing
Construction Estimator,50.0,163,1111,0.1467146714671467,Leadership & Strategy
Business Analyst,50.0,218,1726,0.1263035921205098,Administrative & Clerical
Software Programmer,50.0,219,1900,0.1152631578947368,Leadership & Strategy
Dental Technician,50.0,50,350,0.1428571428571428,Supply Chain & Logistics
Private Investigator,49.0,63,395,0.1594936708860759,Medical & Healthcare
Computer Systems Analyst,48.0,549,2019,0.2719167904903417,Hospitality
Broadband Technician,48.0,391,1695,0.2306784660766961,Sales & Marketing
Integration Developer,48.0,503,1957,0.257026060296372,Medical & Healthcare
Automotive Service Technician,48.0,166,722,0.2299168975069252,Construction
Security Coordinator,48.0,148,1607,0.0920970752955818,Law Enforcement
Safety Supervisor,48.0,160,1652,0.0968523002421307,Supply Chain & Logistics
Control Engineer,48.0,473,1839,0.2572050027188689,Communication & PR
Embedded Engineer,48.0,477,1899,0.2511848341232227,Data & IT
Help Desk Administrator,48.0,599,2279,0.2628345765686705,Administrative & Clerical
Help Desk Analyst,48.0,603,2284,0.2640105078809107,Leadership & Strategy
It Recruiter,47.0,489,1602,0.3052434456928839,Supply Chain & Logistics
Junior Web Developer,47.0,526,2020,0.2603960396039604,Law Enforcement
Linux Administrator,46.0,483,1856,0.2602370689655172,Construction
Middleware Engineer,46.0,488,1923,0.2537701508060322,Sales & Marketing
Validation Specialist,45.0,177,1761,0.100511073253833,Data & IT
Bus Driver,45.0,80,426,0.1877934272300469,Administrative & Clerical
Class A CDL,45.0,81,437,0.1853546910755149,Medical & Healthcare
Regulatory Affairs Specialist,45.0,197,1814,0.1085997794928335,Communication & PR
Industrial Maintenance Mechanic,45.0,296,1171,0.2527754056362084,Leadership & Strategy
General Service Technician,45.0,303,1118,0.2710196779964222,Administrative & Clerical
Concrete Pump Operator,45.0,156,700,0.2228571428571428,Leadership & Strategy
Autocad Draftsman,45.0,539,2297,0.2346538963865912,Administrative & Clerical
Merchandise Buyer,45.0,677,2544,0.2661163522012578,Data & IT
Ecommerce Manager,45.0,904,3345,0.270254110612855,Communication & PR
Bus Operator,45.0,80,426,0.1877934272300469,Leadership & Strategy
Company Driver,45.0,122,552,0.2210144927536232,Supply Chain & Logistics
Order Selector,45.0,116,1331,0.087152516904583,Communication & PR
Scanner,45.0,149,1537,0.0969420949902407,Data & IT
Local Delivery Driver,45.0,130,567,0.2292768959435626,Sales & Marketing
Director Of Ecommerce,45.0,821,2899,0.2832011038289065,Hospitality
Otr Driver,45.0,27,184,0.1467391304347826,Communication & PR
Owner Operator,45.0,46,468,0.0982905982905982,Data & IT
Parts Delivery Driver,45.0,27,183,0.1475409836065573,Administrative & Clerical
Pizza Delivery Driver,45.0,26,181,0.143646408839779,Leadership & Strategy
Medical Office Receptionist,45.0,422,1434,0.2942817294281729,Sales & Marketing
Medical Receptionist,45.0,422,1434,0.2942817294281729,Hospitality
Truck Driver,45.0,29,189,0.1534391534391534,Law Enforcement
Trucker,45.0,28,185,0.1513513513513513,Construction
Local Truck Driver,45.0,128,566,0.2261484098939929,Hospitality
Warehouse Picker,45.0,114,1242,0.0917874396135265,Communication & PR
Escrow Assistant,45.0,461,1536,0.3001302083333333,Communication & PR
Biomedical Technician,45.0,514,2125,0.2418823529411764,Data & IT
Financial Assistant,45.0,566,1763,0.3210436755530346,Sales & Marketing
Financial Associate,45.0,563,1755,0.3207977207977208,Hospitality
Financial Coordinator,45.0,571,1820,0.3137362637362637,Communication & PR
Financial Representative,45.0,539,1715,0.3142857142857143,Data & IT
Financial Services Representative,45.0,538,1714,0.3138856476079346,Administrative & Clerical
Loan Specialist,45.0,485,1578,0.3073510773130545,Leadership & Strategy
Accounts Payable Analyst,45.0,622,2145,0.2899766899766899,Sales & Marketing
Billing Clerk,45.0,621,2136,0.2907303370786517,Hospitality
Valuation Analyst,45.0,179,1633,0.1096142069810165,Law Enforcement
Clinical Coordinator,45.0,690,2244,0.3074866310160428,Construction
Manufacturing Associate,45.0,317,1084,0.2924354243542435,Sales & Marketing
Certified Welding Inspector,45.0,105,477,0.220125786163522,Hospitality
Computer Technician,45.0,475,1535,0.3094462540716612,Communication & PR
General Maintenance Technician,45.0,299,1114,0.2684021543985637,Data & IT
Finance Associate,45.0,559,1758,0.3179749715585893,Law Enforcement
Finance Consultant,45.0,561,1772,0.3165914221218961,Construction
Industrial Maintenance Technician,45.0,295,1170,0.2521367521367521,Medical & Healthcare
Service Advisor,45.0,192,1798,0.1067853170189099,Supply Chain & Logistics
Cnc Machine Operator,45.0,265,980,0.2704081632653061,Law Enforcement
Inventory Control Supervisor,45.0,509,1635,0.3113149847094801,Construction
Casino Manager,45.0,463,1765,0.2623229461756374,Sales & Marketing
Operator,45.0,98,1180,0.0830508474576271,Hospitality
Staff Auditor,45.0,184,1848,0.0995670995670995,Medical & Healthcare
Tax Manager,45.0,186,1880,0.0989361702127659,Supply Chain & Logistics
Project Management Consultant,45.0,213,1949,0.1092868137506413,Sales & Marketing
Clinical Support Specialist,45.0,592,1892,0.3128964059196617,Sales & Marketing
Clinical Nurse Manager,45.0,536,1924,0.2785862785862786,Data & IT
Strategic Sourcing Manager,45.0,669,2165,0.3090069284064665,Sales & Marketing
Advertising Sales Representative,45.0,817,2532,0.3226698262243286,Hospitality
Business Development Representative,45.0,957,2881,0.3321763276640055,Communication & PR
Field Sales Representative,45.0,695,2258,0.3077945084145261,Data & IT
Field Service Representative,45.0,622,1903,0.3268523384130321,Administrative & Clerical
Group Sales Manager,45.0,795,2555,0.3111545988258317,Leadership & Strategy
Customer Account Manager,45.0,756,2300,0.328695652173913,Sales & Marketing
Division Order Analyst,45.0,626,1831,0.3418896777717094,Hospitality
Pcb Design Engineer,45.0,120,1161,0.1033591731266149,Administrative & Clerical
Pcb Designer,45.0,120,1161,0.1033591731266149,Leadership & Strategy
Facility Coordinator,45.0,465,1530,0.3039215686274509,Law Enforcement
Warehouse Selector,45.0,114,1242,0.0917874396135265,Data & IT
Procurement Analyst,45.0,690,2048,0.3369140625,Law Enforcement
Social Media Strategist,45.0,997,3490,0.2856733524355301,Construction
Certified Nurse Assistant,45.0,457,1486,0.3075370121130552,Medical & Healthcare
Graduate Nurse,45.0,261,664,0.3930722891566265,Supply Chain & Logistics
Neonatal Nurse,45.0,298,892,0.3340807174887892,Law Enforcement
Pediatric Oncology Nurse,45.0,372,1324,0.2809667673716012,Supply Chain & Logistics
Service Engineer,45.0,157,1594,0.0984943538268506,Medical & Healthcare
Document Control Specialist,45.0,542,1667,0.3251349730053989,Supply Chain & Logistics
Independent Sales Representative,45.0,508,1461,0.3477070499657768,Medical & Healthcare
Medical Sales,45.0,554,1580,0.350632911392405,Supply Chain & Logistics
Sales Representative,45.0,736,2273,0.3238011438627364,Administrative & Clerical
Assistant Nurse Manager,45.0,476,1541,0.308890330953926,Leadership & Strategy
Hotel Receptionist,45.0,381,1359,0.2803532008830022,Medical & Healthcare
Implementation Coordinator,45.0,552,1760,0.3136363636363636,Construction
Dietary Manager,45.0,390,1405,0.2775800711743772,Hospitality
Food Production Manager,45.0,421,1428,0.2948179271708683,Communication & PR
Gate Agent,45.0,331,1172,0.2824232081911262,Data & IT
Flatbed Driver,45.0,123,556,0.2212230215827338,Law Enforcement
Local Cdl,45.0,124,547,0.226691042047532,Construction
Billing Coordinator,45.0,620,2134,0.2905342080599812,Communication & PR
Billing Representative,45.0,619,2142,0.2889822595704948,Data & IT
Billing Specialist,45.0,620,2135,0.2903981264637002,Administrative & Clerical
Billing Supervisor,45.0,606,2100,0.2885714285714286,Leadership & Strategy
Finance Administrator,45.0,563,1767,0.3186191284663271,Medical & Healthcare
Finance Assistant,45.0,560,1762,0.3178206583427923,Supply Chain & Logistics
School Bus Driver,45.0,25,180,0.1388888888888889,Medical & Healthcare
Tanker Driver,45.0,28,185,0.1513513513513513,Supply Chain & Logistics
Tax Director,45.0,542,1943,0.2789500772002058,Communication & PR
Insurance Sales Manager,45.0,622,2122,0.293119698397738,Leadership & Strategy
Medical Practice Manager,45.0,609,2055,0.2963503649635036,Medical & Healthcare
Medical Records Specialist,45.0,646,2161,0.2989356779268857,Supply Chain & Logistics
Content Developer,45.0,791,3082,0.2566515249837767,Law Enforcement
Corporate Trainer,45.0,627,2127,0.2947813822284908,Construction
Hostess,45.0,276,995,0.2773869346733668,Administrative & Clerical
Hotel Front Desk,45.0,381,1361,0.2799412196914034,Leadership & Strategy
Inventory Analyst,45.0,806,2656,0.3034638554216867,Communication & PR
Lot Attendant,45.0,230,837,0.2747909199522103,Data & IT
Operation Specialist,45.0,871,2745,0.317304189435337,Administrative & Clerical
Peoplesoft Consultant,45.0,688,2148,0.3202979515828678,Leadership & Strategy
Process Analyst,45.0,708,2107,0.3360227812055054,Medical & Healthcare
Process Improvement Engineer,45.0,669,2022,0.330860534124629,Supply Chain & Logistics
Disability Case Manager,45.0,722,2376,0.3038720538720538,Administrative & Clerical
Paralegal Assistant,45.0,192,1856,0.1034482758620689,Construction
Kyc Analyst,45.0,545,1794,0.3037904124860646,Administrative & Clerical
Product Analyst,45.0,212,1922,0.1103017689906347,Leadership & Strategy
Trademark Paralegal,45.0,192,1837,0.1045182362547632,Communication & PR
Healthcare Analyst,45.0,623,1952,0.3191598360655737,Data & IT
Medical Administrator,45.0,521,1676,0.3108591885441527,Administrative & Clerical
Medical Office Administrator,45.0,544,1812,0.3002207505518763,Leadership & Strategy
Medical Records Clerk,45.0,569,1830,0.3109289617486339,Medical & Healthcare
Medical Records Technician,45.0,568,1830,0.3103825136612022,Supply Chain & Logistics
Senior Data Analyst,45.0,198,1846,0.1072589382448537,Communication & PR
Windows Server Administrator,45.0,183,1795,0.1019498607242339,Data & IT
Export Coordinator,45.0,557,1750,0.3182857142857143,Sales & Marketing
Account Analyst,45.0,623,2143,0.2907139524031731,Law Enforcement
Inventory Coordinator,45.0,546,1664,0.328125,Communication & PR
Logistics Associate,45.0,518,1647,0.3145112325440194,Data & IT
Shipping Supervisor,45.0,191,1812,0.1054083885209713,Administrative & Clerical
Assistant Account Executive,45.0,677,2220,0.3049549549549549,Leadership & Strategy
Patent Paralegal,45.0,189,1813,0.1042471042471042,Sales & Marketing
Personal Injury Paralegal,45.0,183,1731,0.1057192374350086,Hospitality
Pharmacy Clerk,45.0,66,433,0.1524249422632794,Law Enforcement
Buyer,45.0,607,2062,0.2943743937924345,Construction
Senior Consultant,45.0,207,1897,0.1091196626251976,Medical & Healthcare
Strategy Consultant,45.0,207,1907,0.1085474567383324,Supply Chain & Logistics
Assistant Brand Manager,45.0,833,2992,0.2784090909090909,Law Enforcement
Assistant Marketing Manager,45.0,841,3003,0.28005328005328,Construction
Associate Brand Manager,45.0,834,2991,0.2788365095285857,Sales & Marketing
Inventory Controller,45.0,550,1699,0.3237198351971748,Hospitality
Sales Administrator,45.0,632,2117,0.2985356636750118,Communication & PR
Sales Advisor,45.0,717,2230,0.32152466367713,Data & IT
Chief Investment Officer,45.0,528,1845,0.2861788617886179,Law Enforcement
Nurse Practitioner,45.0,365,1268,0.2878548895899053,Construction
Audio Technician,45.0,463,2059,0.2248664400194269,Sales & Marketing
Devops Engineer,45.0,552,2063,0.2675714978187106,Hospitality
Route Sales Representative,45.0,485,1626,0.2982779827798278,Hospitality
Retail Sales Representative,45.0,674,2203,0.3059464366772583,Sales & Marketing
Regional Sales Executive,45.0,743,2270,0.3273127753303965,Construction
Nurse Assistant,45.0,321,931,0.3447905477980666,Construction
Network Security Analyst,45.0,591,2171,0.2722247812068171,Hospitality
Operations Engineer,45.0,186,1833,0.1014729950900163,Communication & PR
Sas Analyst,45.0,173,1731,0.0999422299248989,Data & IT
Senior Recruiter,45.0,217,2002,0.1083916083916083,Law Enforcement
Senior Systems Administrator,45.0,186,1836,0.1013071895424836,Leadership & Strategy
Technical Support Agent,45.0,204,2014,0.1012909632571996,Law Enforcement
Technical Support Representative,45.0,204,2014,0.1012909632571996,Construction
Technology Specialist,45.0,199,1930,0.1031088082901554,Sales & Marketing
Virtualization Engineer,45.0,168,1752,0.0958904109589041,Hospitality
Wireless Consultant,45.0,189,1866,0.1012861736334405,Communication & PR
Financial Planning Analyst,45.0,640,2256,0.2836879432624113,Data & IT
Sharepoint Developer,45.0,174,1779,0.0978077571669477,Medical & Healthcare
Technical Support,45.0,204,2014,0.1012909632571996,Supply Chain & Logistics
Digital Designer,45.0,765,2778,0.275377969762419,Administrative & Clerical
Visual Designer,45.0,182,1753,0.1038220193953223,Leadership & Strategy
Recruiter,45.0,222,2034,0.1091445427728613,Medical & Healthcare
Recruitment Specialist,45.0,219,2009,0.1090094574415131,Supply Chain & Logistics
Sas Programmer,45.0,177,1743,0.1015490533562822,Administrative & Clerical
Insurance Investigator,45.0,406,1386,0.2929292929292929,Sales & Marketing
Insurance Underwriter,45.0,464,1553,0.2987765614938828,Hospitality
Band Director,45.0,292,1241,0.2352941176470588,Communication & PR
Education Specialist,45.0,462,1578,0.2927756653992395,Data & IT
Project Analyst,45.0,207,1901,0.1088900578642819,Law Enforcement
Project Control Analyst,45.0,200,1845,0.1084010840108401,Construction
Book Reviewer,45.0,602,2164,0.27818853974122,Medical & Healthcare
Clinical Research,45.0,599,1940,0.3087628865979381,Supply Chain & Logistics
Dietetic Technician,45.0,374,1337,0.2797307404637247,Law Enforcement
Drug Safety Associate,45.0,529,1667,0.3173365326934613,Construction
Formulation Scientist,45.0,449,1551,0.2894906511927788,Sales & Marketing
Healthcare Management,45.0,505,1644,0.3071776155717761,Hospitality
Associate Marketing Manager,45.0,834,2992,0.2787433155080214,Hospitality
Claims Analyst,45.0,732,2684,0.2727272727272727,Supply Chain & Logistics
Chemical Lab Technician,45.0,503,2116,0.2377126654064272,Administrative & Clerical
Laboratory Technician,45.0,425,1462,0.2906976744186046,Leadership & Strategy
Radiographer,45.0,75,961,0.0780437044745057,Medical & Healthcare
Research Analyst,45.0,199,1840,0.1081521739130434,Supply Chain & Logistics
Outside Sales,45.0,727,2260,0.3216814159292035,Law Enforcement
Accounting Analyst,45.0,619,2132,0.2903377110694184,Construction
Environmental Educator,45.0,410,1386,0.2958152958152958,Administrative & Clerical
Training Manager,45.0,238,2083,0.114258281325012,Leadership & Strategy
Content Editor,45.0,838,3084,0.2717250324254215,Law Enforcement
Transcriptionist,45.0,187,1764,0.1060090702947845,Construction
Qa Engineer,45.0,169,1722,0.0981416957026713,Sales & Marketing
Warehouse Packer,45.0,113,1239,0.0912025827280064,Hospitality
Land Surveyor,45.0,323,1531,0.2109732201175702,Medical & Healthcare
Associate Editor,45.0,717,2474,0.2898140662894098,Medical & Healthcare
Broadcast Technician,45.0,625,2565,0.2436647173489278,Supply Chain & Logistics
Director Of Digital Marketing,45.0,847,2963,0.2858589267634154,Administrative & Clerical
Director Of Marketing,45.0,792,2879,0.2750955192775269,Leadership & Strategy
Marketing,45.0,863,3239,0.2664402593393022,Medical & Healthcare
Marketing Account Executive,45.0,860,3234,0.2659245516388373,Supply Chain & Logistics
Marketing Account Manager,45.0,866,3262,0.2654812998160638,Law Enforcement
Marketing Director,45.0,885,3293,0.2687518979653811,Construction
Management Consulting,45.0,536,1784,0.3004484304932735,Administrative & Clerical
Principal Consultant,45.0,207,1899,0.1090047393364928,Leadership & Strategy
Senior Marketing Manager,45.0,226,2031,0.1112752338749384,Communication & PR
Social Media Marketing Manager,45.0,256,2272,0.1126760563380281,Data & IT
Agile Project Manager,45.0,629,2096,0.3000954198473282,Administrative & Clerical
Insurance Appraiser,45.0,394,1396,0.2822349570200573,Construction
Pmo Analyst,45.0,204,1871,0.1090326028861571,Medical & Healthcare
Product Development Manager,45.0,226,1981,0.1140837960625946,Supply Chain & Logistics
Brand Manager,45.0,862,2975,0.2897478991596638,Communication & PR
Brand Marketing Manager,45.0,862,2976,0.2896505376344086,Data & IT
Research Technician,45.0,188,1803,0.1042706600110926,Medical & Healthcare
Sap Analyst,45.0,177,1751,0.1010850942318675,Supply Chain & Logistics
Clinical Data Manager,45.0,739,2535,0.2915187376725838,Law Enforcement
Enterprise Data Architect,45.0,560,2069,0.2706621556307395,Construction
Junior Data Analyst,45.0,699,2417,0.289201489449731,Sales & Marketing
Oracle Database Administrator,45.0,184,1823,0.1009325287986834,Hospitality
Marketing Executive,45.0,894,3311,0.2700090607067351,Sales & Marketing
Marketing Manager,45.0,893,3300,0.2706060606060606,Hospitality
Claims Investigator,45.0,733,2717,0.2697828487302171,Law Enforcement
Director Of Product Management,45.0,707,2321,0.3046100818612667,Leadership & Strategy
Pediatric Nurse,44.0,246,964,0.2551867219917012,Sales & Marketing
Field Service Technician,43.0,581,1682,0.3454221165279429,Hospitality
Antenna Engineer,43.0,419,1393,0.3007896625987078,Leadership & Strategy
Regulatory Affairs Associate,43.0,614,1879,0.3267695582756785,Communication & PR
Aeronautical Engineer,43.0,415,1405,0.295373665480427,Data & IT
Agricultural Engineer,43.0,449,1471,0.3052345343303875,Administrative & Clerical
Fea Engineer,42.0,384,1080,0.3555555555555555,Hospitality
Electronics Engineer,42.0,412,1132,0.3639575971731448,Sales & Marketing
Avionics Engineer,42.0,431,1418,0.3039492242595205,Medical & Healthcare
Electrical Design Engineer,42.0,420,1212,0.3465346534653465,Law Enforcement
Electrical Designer,42.0,415,1217,0.3410024650780608,Construction
Cfd Engineer,42.0,384,1169,0.3284858853721129,Supply Chain & Logistics
Hvac Design Engineer,41.0,424,1631,0.2599632127529123,Communication & PR
Senior Buyer,40.0,449,1512,0.296957671957672,Leadership & Strategy
Patient Service Representative,40.0,386,1468,0.2629427792915531,Hospitality
Patient Service Specialist,40.0,394,1479,0.2663962136578769,Communication & PR
Patient Services Representative,40.0,392,1473,0.2661235573659199,Data & IT
Patient Registrar,40.0,369,1359,0.271523178807947,Sales & Marketing
Treasury Analyst,40.0,595,2047,0.2906692721055203,Law Enforcement
Underwriter,40.0,706,2654,0.2660135644310474,Construction
Lab Technologist,40.0,375,1584,0.2367424242424242,Medical & Healthcare
Supply Chain Planner,40.0,670,2481,0.2700523982265215,Medical & Healthcare
Certified Personal Trainer,40.0,551,1737,0.3172135866436384,Supply Chain & Logistics
Anchor,40.0,697,2170,0.3211981566820276,Law Enforcement
Broadcast Journalist,40.0,756,2331,0.3243243243243243,Construction
Screener,40.0,273,949,0.2876712328767123,Administrative & Clerical
Criminal Investigator,40.0,517,1512,0.3419312169312169,Leadership & Strategy
Er Rn,40.0,214,523,0.4091778202676864,Hospitality
Creative Producer,40.0,898,3016,0.2977453580901856,Data & IT
Regulatory Specialist,40.0,604,1904,0.3172268907563025,Law Enforcement
Cargo Agent,40.0,597,2088,0.2859195402298851,Construction
Inventory Planner,40.0,791,2569,0.3079019073569482,Sales & Marketing
Logistics Administrator,40.0,749,2422,0.3092485549132948,Hospitality
Dosimetrist,40.0,199,646,0.3080495356037152,Sales & Marketing
Food Inspector,40.0,345,1217,0.2834839769926047,Medical & Healthcare
Purchasing Specialist,40.0,530,1717,0.308677926616191,Administrative & Clerical
Content Specialist,40.0,986,3369,0.2926684476105669,Communication & PR
Creative Consultant,40.0,827,2896,0.2855662983425414,Medical & Healthcare
Sewing,40.0,143,512,0.279296875,Data & IT
Parking Enforcement Officer,40.0,148,558,0.2652329749103942,Communication & PR
Assistant Art Director,40.0,658,2252,0.2921847246891652,Data & IT
Art Director,40.0,686,2666,0.2573143285821455,Communication & PR
Aircraft Painter,40.0,403,1500,0.2686666666666666,Hospitality
Agent,40.0,648,2044,0.3170254403131115,Sales & Marketing
Cardiac Sonographer,40.0,403,1376,0.2928779069767442,Leadership & Strategy
Anesthesiologist Assistant,40.0,382,1277,0.2991386061080657,Administrative & Clerical
Test Proctor,40.0,463,1638,0.2826617826617826,Supply Chain & Logistics
Substitute Teacher,40.0,470,1701,0.2763080540858318,Medical & Healthcare
Laboratory Analyst,40.0,398,1602,0.2484394506866417,Supply Chain & Logistics
Industrial Painter,40.0,182,966,0.1884057971014492,Sales & Marketing
Illustrator,40.0,468,2014,0.2323733862959285,Construction
Drone Pilot,40.0,357,1046,0.3413001912045889,Law Enforcement
Patient Financial Counselor,40.0,419,1484,0.2823450134770889,Construction
Medical Scheduler,40.0,518,1687,0.3070539419087137,Law Enforcement
Collection Supervisor,40.0,578,1919,0.3011985409067222,Hospitality
Collection Manager,40.0,583,1844,0.3161605206073752,Sales & Marketing
Medical Case Manager,40.0,572,1693,0.3378617838157117,Leadership & Strategy
Intake Specialist,40.0,628,1833,0.342607746863066,Administrative & Clerical
Healthcare Recruiter,40.0,700,2253,0.3106968486462494,Data & IT
Health Information Manager,40.0,735,2315,0.3174946004319654,Communication & PR
Game Warden,40.0,320,1001,0.3196803196803197,Supply Chain & Logistics
Technical Writer,40.0,715,2803,0.2550838387442026,Hospitality
Accounts Receivable Specialist,40.0,713,2253,0.3164669329782512,Communication & PR
Portfolio Analyst,40.0,547,1795,0.3047353760445682,Supply Chain & Logistics
Loan Analyst,40.0,750,2337,0.3209242618741977,Medical & Healthcare
Investment Analyst,40.0,764,2456,0.3110749185667752,Leadership & Strategy
Financial Reporting Manager,40.0,741,2194,0.3377392889699179,Administrative & Clerical
Driver,40.0,59,204,0.2892156862745098,Leadership & Strategy
Courier Driver,40.0,61,182,0.3351648351648351,Administrative & Clerical
Support Engineer,40.0,442,1778,0.24859392575928,Supply Chain & Logistics
Supplier Quality Engineer,40.0,417,1691,0.2465996451803666,Medical & Healthcare
Virtual Assistant,40.0,589,1932,0.3048654244306418,Hospitality
Technical Assistant,40.0,625,2560,0.244140625,Sales & Marketing
Budget Manager,40.0,676,2240,0.3017857142857142,Leadership & Strategy
Records Manager,40.0,482,1623,0.2969808995686999,Law Enforcement
Route Driver,40.0,100,426,0.2347417840375587,Data & IT
Professional Driver,40.0,93,411,0.2262773722627737,Communication & PR
Incident Manager,40.0,707,2183,0.3238662391204764,Leadership & Strategy
Front Office Coordinator,40.0,873,2608,0.3347392638036809,Administrative & Clerical
Garbage Truck Driver,40.0,58,172,0.3372093023255814,Construction
Fuel Truck Driver,40.0,58,180,0.3222222222222222,Law Enforcement
Freight Agent,40.0,615,2030,0.3029556650246305,Supply Chain & Logistics
Dump Truck Driver,40.0,54,164,0.3292682926829268,Medical & Healthcare
Guest Services,40.0,558,1668,0.3345323741007194,Hospitality
Front Desk Associate,40.0,826,2445,0.3378323108384458,Sales & Marketing
Medical Manager,40.0,597,1739,0.3433007475560667,Supply Chain & Logistics
Scheduling Coordinator,40.0,509,1599,0.3183239524702939,Construction
Food Service Director,40.0,495,1647,0.3005464480874317,Construction
Catering Manager,40.0,684,2073,0.3299565846599132,Law Enforcement
Computational Biologist,40.0,466,1399,0.3330950679056469,Data & IT
Chemical Operator,40.0,357,1167,0.3059125964010283,Communication & PR
Biostatistician,40.0,567,1874,0.3025613660618997,Hospitality
Biological Technician,40.0,466,1628,0.2862407862407862,Sales & Marketing
Designer,40.0,745,2746,0.2713037144938092,Supply Chain & Logistics
Billing Analyst,40.0,716,2273,0.3150021997360316,Administrative & Clerical
Agronomist,40.0,460,1594,0.288582183186951,Supply Chain & Logistics
Loss Mitigation Specialist,40.0,584,2004,0.2914171656686626,Medical & Healthcare
Accounts Payable Specialist,40.0,713,2244,0.3177361853832442,Hospitality
Audit Associate,40.0,647,2057,0.3145357316480311,Data & IT
Research Associate,40.0,614,1947,0.315356959424756,Construction
Radiology Technician,40.0,219,861,0.2543554006968641,Law Enforcement
Financial Counselor,40.0,676,2113,0.3199242782773308,Data & IT
Credit Counselor,40.0,642,2075,0.3093975903614457,Communication & PR
Computer Teacher,40.0,562,1344,0.4181547619047619,Construction
Clinical Nurse Educator,40.0,386,1041,0.3707973102785782,Law Enforcement
Chartered Accountant,40.0,547,1642,0.3331303288672351,Construction
Certified Public Accountant,40.0,542,1637,0.3310934636530238,Law Enforcement
CPA,40.0,540,1635,0.3302752293577982,Supply Chain & Logistics
Budget Officer,40.0,669,2235,0.2993288590604027,Medical & Healthcare
Clinical Supervisor,40.0,388,1202,0.3227953410981697,Hospitality
Case Manager,40.0,784,2544,0.3081761006289308,Sales & Marketing
Accounting Auditor,40.0,680,2109,0.3224276908487434,Sales & Marketing
Janitorial Manager,40.0,355,1277,0.2779953014878621,Law Enforcement
Manufacturing Technician,40.0,432,1757,0.2458736482640865,Data & IT
Manufacturing Analyst,40.0,638,2158,0.2956441149212233,Communication & PR
Generalist,40.0,527,1657,0.3180446590223295,Leadership & Strategy
Forklift Mechanic,40.0,121,503,0.2405566600397614,Administrative & Clerical
Cmm Programmer,40.0,295,919,0.3210010881392818,Construction
Automation Technician,40.0,557,1796,0.3101336302895323,Law Enforcement
Associate Buyer,40.0,710,2181,0.3255387436955525,Supply Chain & Logistics
Assistant Buyer,40.0,710,2168,0.3274907749077491,Medical & Healthcare
Field Representative,40.0,682,2146,0.3178005591798695,Data & IT
Business Development Officer,40.0,958,2883,0.3322927506070066,Communication & PR
Communications Officer,40.0,842,2542,0.3312352478363493,Hospitality
Deli Manager,40.0,541,1803,0.3000554631170272,Sales & Marketing
Order Puller,40.0,343,1198,0.2863105175292154,Supply Chain & Logistics
Order Picker,40.0,345,1200,0.2875,Medical & Healthcare
Order Builder,40.0,341,1195,0.2853556485355648,Leadership & Strategy
Material Handler,40.0,352,1212,0.2904290429042904,Administrative & Clerical
Lobby Attendant,40.0,233,841,0.2770511296076099,Data & IT
Auto Body Technician,40.0,412,1409,0.2924059616749467,Sales & Marketing
Insurance Manager,40.0,700,2137,0.3275620028076743,Construction
Claim Representative,40.0,723,2147,0.3367489520260829,Law Enforcement
Inventory,40.0,539,1778,0.3031496062992126,Hospitality
Controls Technician,40.0,304,964,0.3153526970954357,Sales & Marketing
Director Of Development,40.0,829,2430,0.3411522633744856,Hospitality
Nurse Clinician,40.0,452,1493,0.3027461486939048,Law Enforcement
Family Nurse Practitioner,40.0,450,1494,0.3012048192771084,Supply Chain & Logistics
Bar Manager,40.0,564,1815,0.3107438016528925,Medical & Healthcare
Production Operator,40.0,250,1013,0.2467917077986179,Construction
Picker,40.0,154,584,0.2636986301369863,Law Enforcement
Clinical Nurse,40.0,458,1509,0.3035122597746852,Data & IT
Configuration Manager,40.0,701,2069,0.3388110198163364,Communication & PR
Excavator Operator,40.0,306,1146,0.2670157068062827,Supply Chain & Logistics
Service Delivery Manager,40.0,772,2336,0.3304794520547945,Medical & Healthcare
Reservation Specialist,40.0,614,2138,0.2871842843779233,Hospitality
Night Manager,40.0,430,1380,0.3115942028985507,Sales & Marketing
Maintenance Manager,40.0,407,1380,0.294927536231884,Construction
Restaurant Operations Manager,40.0,386,1428,0.2703081232492997,Medical & Healthcare
Reservation Agent,40.0,476,1597,0.2980588603631809,Leadership & Strategy
Night Auditor,40.0,469,1428,0.3284313725490196,Administrative & Clerical
Junior Systems Administrator,40.0,801,2493,0.3212996389891697,Data & IT
It Support Analyst,40.0,824,2533,0.3253059613106988,Communication & PR
Restaurant Supervisor,40.0,384,1285,0.2988326848249027,Leadership & Strategy
Server,40.0,206,666,0.3093093093093093,Medical & Healthcare
Theater Manager,40.0,472,1739,0.2714203565267395,Administrative & Clerical
Aircraft Technician,40.0,434,1406,0.3086770981507823,Supply Chain & Logistics
Aircraft Fueler,40.0,394,1326,0.2971342383107089,Medical & Healthcare
Newspaper Delivery,40.0,409,1411,0.2898653437278526,Hospitality
Maintenance Superintendent,40.0,397,1376,0.2885174418604651,Sales & Marketing
Restaurant Server,40.0,226,963,0.2346832814122533,Supply Chain & Logistics
Hvac Technician,40.0,272,1080,0.2518518518518518,Supply Chain & Logistics
Hvac Service Technician,40.0,270,1079,0.2502316960148285,Medical & Healthcare
Phlebotomy,40.0,171,710,0.2408450704225352,Construction
Pharmacy Technician,40.0,248,1012,0.2450592885375494,Law Enforcement
Equipment Technician,40.0,251,781,0.3213828425096031,Data & IT
Electronics Technician,40.0,339,966,0.3509316770186335,Communication & PR
Calibration Technician,40.0,478,1599,0.2989368355222013,Hospitality
Aviation Technician,40.0,434,1419,0.3058491895701198,Sales & Marketing
Education Consultant,40.0,618,1955,0.3161125319693094,Hospitality
Early Childhood Education,40.0,440,1092,0.4029304029304029,Sales & Marketing
Logistics Planner,40.0,756,2500,0.3024,Data & IT
Oncology Nurse,40.0,444,1475,0.3010169491525423,Leadership & Strategy
Qa Analyst,40.0,643,1948,0.330082135523614,Supply Chain & Logistics
Technical Designer,40.0,583,2311,0.2522717438338381,Medical & Healthcare
Sound Technician,40.0,424,1317,0.3219438116932422,Leadership & Strategy
Proofreader,40.0,430,1728,0.2488425925925926,Administrative & Clerical
Training Supervisor,40.0,655,2201,0.2975920036347115,Construction
Training Coordinator,40.0,676,2242,0.3015165031222123,Law Enforcement
Travel Assistant,40.0,708,2151,0.3291492329149233,Law Enforcement
Communications,40.0,841,2410,0.3489626556016597,Sales & Marketing
School Administrator,40.0,491,1714,0.2864644107351225,Leadership & Strategy
Online Instructor,40.0,846,2784,0.3038793103448275,Administrative & Clerical
Library Technician,40.0,521,1849,0.2817739318550568,Data & IT
Head Start Teacher,40.0,399,1196,0.3336120401337792,Communication & PR
Logistics Analyst,40.0,814,2675,0.3042990654205607,Communication & PR
Dialysis Nurse,40.0,453,1512,0.2996031746031746,Administrative & Clerical
Hearing Aid Specialist,40.0,301,1053,0.2858499525166192,Data & IT
Health Inspector,40.0,300,903,0.3322259136212624,Communication & PR
Concept Artist,40.0,786,2804,0.2803138373751783,Leadership & Strategy
Character Artist,40.0,737,2724,0.2705580029368575,Administrative & Clerical
Clinical Exercise Physiologist,40.0,283,904,0.3130530973451327,Construction
Certified Pharmacy Technician,40.0,232,722,0.3213296398891966,Law Enforcement
Certified Occupational Therapy Assistant,40.0,438,1476,0.2967479674796748,Supply Chain & Logistics
Cardiovascular Technologist,40.0,417,1411,0.2955350815024805,Medical & Healthcare
Radiology Manager,40.0,331,1271,0.2604248623131392,Hospitality
Phlebotomy Technician,40.0,177,714,0.2478991596638655,Sales & Marketing
Specimen Processor,40.0,325,1144,0.2840909090909091,Communication & PR
Ticketing Agent,40.0,495,1754,0.282212086659065,Communication & PR
Pharmacist Technician,40.0,238,1071,0.2222222222222222,Supply Chain & Logistics
Medical Physicist,40.0,305,1065,0.2863849765258216,Medical & Healthcare
Medical Illustrator,40.0,487,2085,0.2335731414868105,Leadership & Strategy
Hearing Instrument Specialist,40.0,297,1049,0.2831267874165872,Administrative & Clerical
Automation Specialist,40.0,598,1883,0.3175783324482209,Construction
Atm Technician,40.0,442,1466,0.3015006821282401,Law Enforcement
Transportation Dispatcher,40.0,719,2282,0.3150744960560911,Leadership & Strategy
Events Assistant,40.0,758,2237,0.3388466696468484,Administrative & Clerical
Surgical Technologist,40.0,266,910,0.2923076923076923,Leadership & Strategy
Surgical Technician,40.0,265,887,0.2987598647125141,Administrative & Clerical
Sterile Processing Technician,40.0,274,1052,0.2604562737642585,Data & IT
Video Game Tester,40.0,532,1838,0.2894450489662676,Data & IT
Shop Foreman,40.0,307,1152,0.2664930555555556,Sales & Marketing
Project Management Assistant,40.0,621,1886,0.3292682926829268,Data & IT
Project Director,40.0,613,1953,0.3138760880696364,Communication & PR
Independent Contractor,40.0,522,1454,0.359009628610729,Supply Chain & Logistics
Heavy Equipment Mechanic,40.0,242,924,0.2619047619047619,Medical & Healthcare
Estimator,40.0,648,2029,0.3193691473632331,Leadership & Strategy
Electrical Project Manager,40.0,510,1446,0.3526970954356846,Administrative & Clerical
Network Specialist,40.0,814,2537,0.3208513992905006,Leadership & Strategy
Network Architect,40.0,778,2346,0.3316283034953112,Administrative & Clerical
Bodyguard,40.0,229,1115,0.2053811659192825,Supply Chain & Logistics
Armed Security,40.0,233,1050,0.2219047619047619,Medical & Healthcare
It Support,40.0,830,2540,0.326771653543307,Hospitality
Medical Information Specialist,40.0,765,2450,0.3122448979591837,Medical & Healthcare
Help Desk Specialist,40.0,843,2600,0.3242307692307692,Construction
Desktop Support Specialist,40.0,661,1982,0.3335015136226034,Law Enforcement
Solutions Architect,40.0,774,2301,0.3363754889178618,Data & IT
Sharepoint Consultant,40.0,734,2255,0.3254988913525499,Communication & PR
Bi Analyst,40.0,815,2531,0.3220071118135124,Leadership & Strategy
Safety Assistant,40.0,395,1446,0.2731673582295988,Administrative & Clerical
Sap Security Consultant,40.0,689,2156,0.3195732838589981,Construction
Sap Administrator,40.0,671,2130,0.3150234741784037,Law Enforcement
Performance Tester,40.0,612,1933,0.3166063114330057,Supply Chain & Logistics
Network Support Technician,40.0,806,2527,0.3189552829442026,Medical & Healthcare
Process Improvement Specialist,40.0,795,2413,0.3294653957728968,Hospitality
Business Consultant,40.0,997,2969,0.3358033007746716,Sales & Marketing
It Architect,40.0,772,2297,0.3360905528950805,Sales & Marketing
Data Specialist,40.0,795,2343,0.3393085787451985,Supply Chain & Logistics
Data Center Manager,40.0,816,2382,0.3425692695214106,Medical & Healthcare
It Project Coordinator,40.0,872,2890,0.3017301038062284,Supply Chain & Logistics
Associate Project Manager,40.0,861,2753,0.3127497275699237,Medical & Healthcare
Warehouse Operator,40.0,319,1227,0.2599837000814995,Construction
Unloader,40.0,278,1128,0.2464539007092198,Law Enforcement
Unit Coordinator,40.0,564,1968,0.2865853658536585,Data & IT
Media Buyer,40.0,857,2906,0.2949070887818307,Communication & PR
Marketing Research Analyst,40.0,1009,3220,0.3133540372670807,Hospitality
Marketing Analyst,40.0,1029,3263,0.3153539687404229,Sales & Marketing
Project Scheduler,40.0,585,1840,0.3179347826086957,Leadership & Strategy
Project Officer,40.0,590,1833,0.3218767048554282,Administrative & Clerical
Claim Analyst,40.0,590,1927,0.3061754021795537,Hospitality
Circulation Manager,40.0,633,1823,0.3472298409215579,Medical & Healthcare
Project Coordinator,40.0,683,2074,0.3293153326904532,Hospitality
Project Administrator,40.0,636,1972,0.3225152129817444,Sales & Marketing
Product Developer,40.0,715,2633,0.2715533611849601,Construction
Junior Project Manager,40.0,844,2792,0.3022922636103152,Law Enforcement
Dozer Operator,40.0,68,280,0.2428571428571428,Data & IT
Civil Drafter,40.0,373,1098,0.3397085610200364,Communication & PR
Placement Coordinator,40.0,566,1772,0.3194130925507901,Construction
Payroll Administrator,40.0,587,1971,0.297818366311517,Law Enforcement
Floor Supervisor,40.0,450,1446,0.3112033195020747,Construction
Deli Clerk,40.0,249,755,0.3298013245033112,Law Enforcement
Courtesy Clerk,40.0,218,744,0.293010752688172,Supply Chain & Logistics
Project Supervisor,40.0,615,1963,0.3132959755476311,Medical & Healthcare
Market Analyst,40.0,1044,3370,0.3097922848664688,Supply Chain & Logistics
Controls Engineer,40.0,453,1254,0.361244019138756,Communication & PR
Computer Operator,40.0,457,1300,0.3515384615384615,Hospitality
Intelligence Officer,40.0,530,1542,0.3437094682230869,Construction
Crime Analyst,40.0,637,1979,0.3218797372410308,Law Enforcement
Assistant Product Manager,40.0,853,2632,0.3240881458966565,Leadership & Strategy
Architectural Project Manager,40.0,795,2482,0.3203062046736503,Administrative & Clerical
Armed Guard,40.0,223,1030,0.216504854368932,Leadership & Strategy
Youth Development Specialist,40.0,475,1830,0.2595628415300546,Administrative & Clerical
Decorator,40.0,616,2386,0.2581726739312657,Data & IT
Travel Specialist,40.0,566,2071,0.2732979237083534,Communication & PR
Server Assistant,40.0,246,708,0.3474576271186441,Supply Chain & Logistics
Citrix Engineer,40.0,499,1325,0.3766037735849056,Medical & Healthcare
Netsuite Consultant,40.0,730,2157,0.3384330088085304,Supply Chain & Logistics
Room Attendant,40.0,258,959,0.2690302398331595,Law Enforcement
Public Affairs Specialist,40.0,647,2271,0.2848965213562307,Data & IT
Privacy Officer,40.0,500,1687,0.2963841138114997,Communication & PR
Personnel Security Specialist,40.0,511,1730,0.2953757225433526,Hospitality
Loss Prevention,40.0,457,1439,0.3175816539263377,Sales & Marketing
Cisco Network Engineer,40.0,95,623,0.1524879614767255,Sales & Marketing
Dental Office Manager,40.0,651,2087,0.31193100143747,Hospitality
Assembly Technician,40.0,437,1436,0.3043175487465181,Construction
Desktop Support,40.0,658,1981,0.3321554770318021,Supply Chain & Logistics
Watchmaker,40.0,157,643,0.2441679626749611,Leadership & Strategy
Air Marshal,40.0,41,325,0.1261538461538461,Communication & PR
Behavioral Technician,40.0,134,948,0.1413502109704641,Construction
Room Service Server,40.0,203,842,0.2410926365795724,Construction
Insurance Clerk,40.0,463,1446,0.3201936376210235,Medical & Healthcare
Telecommunications Analyst,40.0,554,2270,0.2440528634361233,Supply Chain & Logistics
Technology Coordinator,40.0,656,2506,0.2617717478052673,Medical & Healthcare
Tech Support,40.0,636,2458,0.258746948738812,Leadership & Strategy
Systems Architect,40.0,520,1914,0.2716823406478579,Administrative & Clerical
Market Researcher,40.0,1037,3356,0.3089988081048868,Construction
Market Research Analyst,40.0,1046,3372,0.3102016607354685,Law Enforcement
Service Desk Analyst,40.0,772,2319,0.3329021129797326,Hospitality
Senior Network Engineer,40.0,609,1807,0.3370226895406751,Sales & Marketing
Call Center,40.0,1064,3265,0.3258805513016845,Leadership & Strategy
Strategic Consultant,40.0,629,2098,0.2998093422306959,Administrative & Clerical
Solutions Consultant,40.0,836,2528,0.3306962025316455,Data & IT
Nursing Home Administrator,40.0,440,1692,0.260047281323877,Sales & Marketing
Restaurant General Manager,40.0,392,1308,0.2996941896024465,Administrative & Clerical
Reservations Agent,40.0,565,2015,0.2803970223325062,Data & IT
Reservationist,40.0,570,2011,0.2834410740924913,Communication & PR
Investigator,40.0,473,1414,0.3345120226308345,Supply Chain & Logistics
Gunsmith,40.0,140,555,0.2522522522522522,Medical & Healthcare
Forensic Investigator,40.0,419,1269,0.3301812450748621,Leadership & Strategy
Detective,40.0,400,1195,0.3347280334728033,Administrative & Clerical
Court Security Officer,40.0,339,1079,0.3141797961075069,Data & IT
Travel Counselor,40.0,565,2101,0.2689195621132794,Hospitality
Travel Agent,40.0,575,2145,0.2680652680652681,Sales & Marketing
Cisco Engineer,40.0,95,623,0.1524879614767255,Construction
Security Supervisor,40.0,283,998,0.2835671342685371,Law Enforcement
Youth Program Director,40.0,771,2366,0.3258664412510566,Hospitality
Professional Services Consultant,40.0,805,2344,0.3434300341296928,Communication & PR
Mechatronics Engineer,40.0,434,1677,0.2587954680977937,Administrative & Clerical
Voip Engineer,40.0,349,1406,0.2482219061166429,Construction
Telecom Engineer,40.0,390,1626,0.2398523985239852,Law Enforcement
Environmental Scientist,40.0,521,1566,0.3326947637292465,Leadership & Strategy
Environmental Chemist,40.0,511,1558,0.32798459563543,Administrative & Clerical
Storage Engineer,40.0,403,1672,0.2410287081339713,Leadership & Strategy
Site Engineer,40.0,461,1551,0.2972275950999355,Administrative & Clerical
Rf Engineer,40.0,419,1418,0.2954866008462623,Data & IT
Rf Design Engineer,40.0,415,1405,0.295373665480427,Communication & PR
Production Clerk,40.0,336,1291,0.260263361735089,Supply Chain & Logistics
Maintenance Director,40.0,399,1357,0.2940309506263817,Medical & Healthcare
Procurement Engineer,40.0,527,1671,0.3153800119688809,Construction
Database Manager,40.0,761,2088,0.364463601532567,Law Enforcement
Facilities Administrator,40.0,673,2177,0.3091410197519522,Data & IT
Documentation Specialist,40.0,786,2418,0.3250620347394541,Communication & PR
Business Coordinator,40.0,939,2880,0.3260416666666667,Hospitality
Welding,40.0,92,444,0.2072072072072072,Sales & Marketing
Recruiting Assistant,40.0,611,2013,0.3035270740188773,Hospitality
Public Relations,40.0,734,2691,0.272761055369751,Sales & Marketing
Clinical Data Associate,40.0,862,2525,0.3413861386138614,Data & IT
Planning Analyst,40.0,598,1872,0.3194444444444444,Communication & PR
Hr Analyst,40.0,776,2352,0.3299319727891156,Supply Chain & Logistics
Compensation Specialist,40.0,723,2180,0.3316513761467889,Medical & Healthcare
Web Designer,40.0,667,2649,0.2517931294828237,Leadership & Strategy
User Interface Designer,40.0,686,2633,0.2605393087732624,Administrative & Clerical
Process Control Engineer,40.0,482,1584,0.3042929292929293,Law Enforcement
Caterer,40.0,630,1975,0.3189873417721519,Supply Chain & Logistics
Tow Truck Driver,40.0,69,360,0.1916666666666666,Medical & Healthcare
Shuttle Driver,40.0,95,416,0.2283653846153846,Leadership & Strategy
Shuttle Bus Driver,40.0,93,412,0.2257281553398058,Administrative & Clerical
Biological Scientist,40.0,475,1721,0.2760023242300988,Construction
Associate Scientist,40.0,524,1772,0.2957110609480812,Law Enforcement
Non Cdl Driver,40.0,168,583,0.2881646655231561,Hospitality
Heavy Truck Driver,40.0,154,565,0.2725663716814159,Sales & Marketing
Lease Administrator,40.0,635,2107,0.301376364499288,Leadership & Strategy
Risk Management Specialist,40.0,604,1858,0.32508073196986,Administrative & Clerical
Lab Aide,40.0,287,1031,0.2783705140640155,Data & IT
Hotel Night Auditor,40.0,452,1301,0.3474250576479631,Communication & PR
Noc Engineer,40.0,681,2080,0.3274038461538461,Leadership & Strategy
Sports Information Director,40.0,474,1798,0.2636262513904338,Communication & PR
Immigration Attorney,40.0,479,1673,0.2863120143454871,Leadership & Strategy
Defense Attorney,40.0,462,1253,0.3687150837988827,Administrative & Clerical
Outreach Coordinator,40.0,901,3233,0.2786885245901639,Construction
Fundraising Manager,40.0,867,2659,0.3260624294847687,Law Enforcement
Community Outreach Specialist,40.0,926,2851,0.3247983163802174,Supply Chain & Logistics
Community Outreach Coordinator,40.0,934,2874,0.324982602644398,Medical & Healthcare
Resident Engineer,40.0,463,1502,0.3082556591211717,Hospitality
Project Engineer,40.0,505,1613,0.3130812151270923,Sales & Marketing
Litigation Paralegal,40.0,554,1932,0.2867494824016563,Data & IT
Litigation Legal Assistant,40.0,553,1927,0.2869745718733783,Communication & PR
Operating Engineer,40.0,380,1509,0.2518223989396951,Supply Chain & Logistics
Office Engineer,40.0,461,1743,0.2644865174985656,Medical & Healthcare
Mechanical Designer,40.0,485,1864,0.2601931330472103,Data & IT
Claims Supervisor,40.0,600,1988,0.3018108651911468,Leadership & Strategy
Claims Adjuster,40.0,588,1919,0.3064095883272538,Administrative & Clerical
Claims,40.0,557,1738,0.3204833141542002,Data & IT
Claim Examiner,40.0,579,1913,0.3026659696811291,Communication & PR
Field Investigator,40.0,628,1840,0.3413043478260869,Supply Chain & Logistics
Erp Analyst,40.0,648,1730,0.3745664739884393,Medical & Healthcare
Pipeline Controller,40.0,306,1154,0.2651646447140381,Construction
Installation Coordinator,40.0,588,1814,0.3241455347298787,Law Enforcement
Business Developer,40.0,984,2898,0.3395445134575569,Data & IT
Bi Developer,40.0,822,2530,0.324901185770751,Communication & PR
Software Trainer,40.0,800,2642,0.3028009084027252,Hospitality
Sap Abap Developer,40.0,615,1838,0.3346028291621327,Sales & Marketing
Technology Trainer,40.0,643,2446,0.2628781684382665,Construction
Clinical Data Coordinator,40.0,859,2499,0.3437374949979992,Administrative & Clerical
Event Producer,40.0,936,3182,0.2941546197360151,Hospitality
Volunteer,40.0,245,926,0.2645788336933045,Sales & Marketing
Patent Analyst,40.0,561,1813,0.3094318808604523,Hospitality
Loss Prevention Detective,40.0,415,1381,0.3005068790731354,Sales & Marketing
Junior Financial Analyst,40.0,792,2669,0.2967403521918321,Construction
Fraud Analyst,40.0,711,2184,0.3255494505494505,Law Enforcement
Ui Designer,40.0,691,2693,0.2565911622725584,Data & IT
Server Engineer,40.0,566,1757,0.3221400113830392,Communication & PR
Cost Analyst,40.0,680,1864,0.3648068669527897,Leadership & Strategy
Business Objects Developer,40.0,871,2669,0.3263394529786437,Administrative & Clerical
Gis Specialist,40.0,701,2197,0.3190714610832954,Construction
Cloud Consultant,40.0,772,2262,0.3412908930150309,Leadership & Strategy
Staffing Specialist,40.0,685,2281,0.3003068829460762,Law Enforcement
Oracle Consultant,40.0,716,2140,0.3345794392523364,Hospitality
Marketing Data Analyst,40.0,1027,3220,0.3189440993788819,Sales & Marketing
Staffing Consultant,40.0,678,2192,0.3093065693430657,Leadership & Strategy
Sales Recruiter,40.0,606,1842,0.3289902280130293,Administrative & Clerical
Recruitment Manager,40.0,643,2048,0.31396484375,Data & IT
Recruiting Coordinator,40.0,613,2010,0.3049751243781095,Communication & PR
Legal Administrative Assistant,40.0,531,1910,0.2780104712041885,Supply Chain & Logistics
Immigration Paralegal,40.0,531,1890,0.2809523809523809,Medical & Healthcare
Concrete Truck Driver,40.0,59,193,0.3056994818652849,Data & IT
Box Truck Driver,40.0,331,1162,0.2848537005163511,Communication & PR
Contract Attorney,40.0,466,1378,0.3381712626995646,Data & IT
Merchandise Coordinator,40.0,804,2897,0.2775284777355885,Sales & Marketing
Assistant District Attorney,40.0,592,1989,0.2976370035193564,Hospitality
Workforce Management Analyst,40.0,652,2166,0.3010156971375808,Sales & Marketing
Senior Paralegal,40.0,432,1578,0.2737642585551331,Leadership & Strategy
Real Estate Paralegal,40.0,431,1547,0.2786037491919845,Administrative & Clerical
Staffing Manager,40.0,682,2269,0.3005729396209784,Supply Chain & Logistics
Staffing Coordinator,40.0,684,2278,0.3002633889376646,Medical & Healthcare
Litigation Attorney,40.0,503,1699,0.2960565038257798,Hospitality
Litigation Associate,40.0,502,1701,0.2951205173427396,Sales & Marketing
Legal Secretary,40.0,532,1909,0.2786799371398638,Construction
Legal Assistant,40.0,527,1905,0.2766404199475065,Law Enforcement
Php Web Developer,40.0,568,2182,0.2603116406966086,Construction
Php Developer,40.0,566,2178,0.2598714416896235,Law Enforcement
Autocad Designer,40.0,663,2463,0.269183922046285,Hospitality
Associate Attorney,40.0,654,2100,0.3114285714285714,Communication & PR
Digital Account Manager,39.0,560,1606,0.348692403486924,Data & IT
Crisis Counselor,38.0,397,1224,0.3243464052287582,Administrative & Clerical
Support Technician,38.0,1122,3609,0.3108894430590191,Data & IT
Edi Analyst,38.0,524,1437,0.3646485734168406,Administrative & Clerical
Information Security Engineer,38.0,491,1373,0.3576110706482155,Leadership & Strategy
Integration Analyst,38.0,540,1483,0.3641267700606878,Medical & Healthcare
It Specialist,38.0,547,1548,0.3533591731266149,Supply Chain & Logistics
Network Consultant,38.0,1009,3292,0.3065006075334143,Construction
Network Support Specialist,38.0,1025,3395,0.3019145802650957,Sales & Marketing
Salesforce Administrator,38.0,1022,3269,0.3126338329764453,Hospitality
Sap Functional Consultant,38.0,1025,3289,0.3116448768622681,Communication & PR
Junior Network Engineer,38.0,493,1352,0.3646449704142012,Law Enforcement
Simulation Engineer,37.0,667,2285,0.2919037199124726,Law Enforcement
Mechanical Drafter,37.0,567,1959,0.2894333843797856,Leadership & Strategy
Security Engineer,37.0,631,1968,0.320630081300813,Supply Chain & Logistics
Production Engineer,37.0,668,2485,0.2688128772635815,Medical & Healthcare
Unix Engineer,36.0,516,1690,0.3053254437869822,Sales & Marketing
Underground Miner,36.0,286,1124,0.2544483985765124,Construction
Verification Engineer,36.0,506,1628,0.3108108108108108,Hospitality
Voice Engineer,36.0,551,1759,0.313246162592382,Communication & PR
Policy Advisor,35.0,736,2378,0.3095037846930193,Data & IT
Commercial Account Manager,35.0,374,2294,0.1630340017436791,Administrative & Clerical
Commercial Sales Manager,35.0,376,1109,0.3390441839495041,Leadership & Strategy
Family Support Worker,35.0,454,1560,0.291025641025641,Communication & PR
Online Sales Manager,35.0,998,3082,0.3238157040882544,Supply Chain & Logistics
Hvac Sales,35.0,309,1062,0.2909604519774011,Medical & Healthcare
Field Organizer,35.0,452,1389,0.3254139668826494,Data & IT
Insurance Broker,35.0,441,1376,0.3204941860465116,Communication & PR
Organizer,35.0,823,3094,0.2659987071751777,Administrative & Clerical
Business Partner,35.0,319,2087,0.1528509822712027,Leadership & Strategy
Senior Sales Executive,35.0,973,3033,0.3208044840092318,Communication & PR
Overnight Stocker,35.0,320,1114,0.2872531418312388,Construction
Neonatal Nurse Practitioner,35.0,229,825,0.2775757575757576,Administrative & Clerical
Nursing,35.0,237,882,0.2687074829931973,Leadership & Strategy
Business Development Consultant,35.0,346,2218,0.1559963931469792,Sales & Marketing
Business Development Director,35.0,348,2223,0.1565452091767881,Hospitality
Business Development Manager,35.0,352,2227,0.1580601706331387,Communication & PR
Client Manager,35.0,353,2216,0.1592960288808664,Data & IT
Lathe Operator,35.0,200,820,0.2439024390243902,Medical & Healthcare
Manufacturing Process Engineer,35.0,715,2635,0.2713472485768501,Supply Chain & Logistics
Night Stocker,35.0,312,1108,0.2815884476534296,Law Enforcement
Acute Care Nurse Practitioner,35.0,119,796,0.1494974874371859,Data & IT
Programmer Analyst,35.0,979,3054,0.3205631958087754,Communication & PR
Peoplesoft Developer,35.0,957,3052,0.313564875491481,Hospitality
Penetration Tester,35.0,668,2047,0.3263312164142647,Sales & Marketing
Gis Technician,35.0,494,1408,0.3508522727272727,Leadership & Strategy
Geospatial Analyst,35.0,506,1430,0.3538461538461538,Administrative & Clerical
Data Manager,35.0,611,1771,0.3450028232636928,Data & IT
Transportation Analyst,35.0,815,2451,0.3325173398612811,Communication & PR
Front Office Assistant,35.0,470,1642,0.2862362971985384,Hospitality
Dental Receptionist,35.0,461,1651,0.2792247122955784,Sales & Marketing
Claims Representative,35.0,240,1572,0.1526717557251908,Hospitality
Treasury Manager,35.0,704,2184,0.3223443223443223,Law Enforcement
Associate Product Manager,35.0,316,2008,0.1573705179282868,Data & IT
Assistant Project Manager,35.0,311,1980,0.157070707070707,Communication & PR
Special Events Coordinator,35.0,1071,3790,0.2825857519788918,Hospitality
Purchasing Agent,35.0,853,3098,0.2753389283408651,Sales & Marketing
Prepress,35.0,546,2241,0.2436412315930388,Supply Chain & Logistics
Office Cleaning,35.0,67,416,0.1610576923076923,Medical & Healthcare
Materials Planner,35.0,752,2426,0.3099752679307502,Leadership & Strategy
Lead Technician,35.0,428,1196,0.3578595317725752,Administrative & Clerical
Financial Consultant,35.0,486,1547,0.3141564318034906,Leadership & Strategy
Clinic Receptionist,35.0,241,1566,0.1538952745849297,Construction
Claims Examiner,35.0,238,1561,0.1524663677130044,Sales & Marketing
Car Mechanic,35.0,66,525,0.1257142857142857,Leadership & Strategy
Aviation Mechanic,35.0,67,527,0.127134724857685,Administrative & Clerical
Aviation Maintenance Technician,35.0,68,536,0.126865671641791,Data & IT
Automotive Technician,35.0,70,573,0.1221640488656195,Communication & PR
Employee Relations Specialist,35.0,467,1469,0.3179033356024506,Construction
Senior Graphic Designer,35.0,857,3006,0.2850964737192282,Law Enforcement
Graphics Designer,35.0,631,2347,0.2688538559863656,Supply Chain & Logistics
Oracle Dba,35.0,961,3055,0.3145662847790507,Medical & Healthcare
Aircraft Maintenance Technician,35.0,68,536,0.126865671641791,Supply Chain & Logistics
Salesforce Developer,35.0,1004,3228,0.3110285006195787,Data & IT
Orthopedic Technician,35.0,174,673,0.2585438335809807,Leadership & Strategy
Mobile Phlebotomist,35.0,147,467,0.3147751605995717,Administrative & Clerical
Program Analyst,35.0,970,3248,0.2986453201970443,Hospitality
Gis Analyst,35.0,511,1434,0.3563458856345886,Sales & Marketing
Financial Risk Analyst,35.0,517,1584,0.3263888888888889,Construction
Financial Reporting Analyst,35.0,532,1624,0.3275862068965517,Law Enforcement
Special Events Manager,35.0,1049,3671,0.2857532007627349,Data & IT
Payroll Supervisor,35.0,718,2405,0.2985446985446985,Communication & PR
Onboarding Specialist,35.0,955,3349,0.2851597491788593,Hospitality
Human Resources Representative,35.0,469,1525,0.3075409836065573,Sales & Marketing
Aircraft Assembler,35.0,64,518,0.1235521235521235,Medical & Healthcare
Transportation Manager,35.0,278,1819,0.1528312259483232,Medical & Healthcare
Licensed Practical Nurse,35.0,80,588,0.1360544217687075,Law Enforcement
Management Analyst,35.0,442,2925,0.1511111111111111,Medical & Healthcare
Production Team Leader,35.0,254,1552,0.163659793814433,Sales & Marketing
Process Consultant,35.0,243,1378,0.1763425253991291,Construction
Strategic Planning Manager,35.0,262,2038,0.1285574092247301,Data & IT
Senior Sales Manager,35.0,263,2064,0.127422480620155,Data & IT
Sales Specialist,35.0,271,2075,0.1306024096385542,Communication & PR
Business Development Analyst,35.0,338,2185,0.1546910755148741,Leadership & Strategy
Parts Advisor,35.0,246,1893,0.1299524564183835,Sales & Marketing
Inventory Clerk,35.0,530,1840,0.2880434782608695,Leadership & Strategy
Inventory Associate,35.0,536,1848,0.29004329004329,Administrative & Clerical
Cnc Operator,35.0,89,611,0.1456628477905073,Data & IT
Shop Manager,35.0,238,1929,0.1233799896319336,Communication & PR
Workforce Analyst,35.0,771,2290,0.3366812227074235,Construction
Strategist,35.0,926,3429,0.2700495771361913,Law Enforcement
Strategic Planner,35.0,935,3451,0.270935960591133,Supply Chain & Logistics
Product Trainer,35.0,264,1946,0.1356628982528263,Hospitality
Staffing Recruiter,35.0,870,2826,0.3078556263269639,Law Enforcement
Environmental Specialist,35.0,376,1239,0.3034705407586763,Supply Chain & Logistics
Staff Nurse,35.0,236,841,0.2806183115338882,Medical & Healthcare
Grant Coordinator,35.0,499,1630,0.3061349693251534,Hospitality
Director Of Education,35.0,438,1326,0.3303167420814479,Sales & Marketing
Computer Science Tutor,35.0,418,1297,0.3222821896684656,Construction
Childcare Teacher,35.0,125,884,0.1414027149321267,Law Enforcement
Informatics Nurse,35.0,114,761,0.1498028909329829,Supply Chain & Logistics
Channel Manager,35.0,218,1291,0.168861347792409,Supply Chain & Logistics
Butcher,35.0,55,513,0.1072124756335282,Data & IT
Regional Manager,35.0,309,1904,0.1622899159663865,Communication & PR
Field Application Engineer,35.0,444,1220,0.3639344262295082,Data & IT
Dsp Engineer,35.0,438,1225,0.3575510204081633,Communication & PR
Circuit Design Engineer,35.0,96,697,0.1377331420373027,Hospitality
Asic Design Engineer,35.0,98,699,0.1402002861230329,Sales & Marketing
Inside Sales Manager,35.0,225,1454,0.15474552957359,Construction
Director Of Business Development,35.0,220,1334,0.1649175412293853,Law Enforcement
Certified Nurse Aide,35.0,90,657,0.136986301369863,Medical & Healthcare
Traffic Manager,35.0,281,2146,0.1309412861136999,Leadership & Strategy
Health Coach,35.0,404,1322,0.3055975794251134,Construction
Clinical Research Manager,35.0,294,1874,0.1568836712913554,Law Enforcement
Clinical Research Coordinator,35.0,294,1874,0.1568836712913554,Supply Chain & Logistics
Vocational Counselor,35.0,713,2178,0.3273645546372819,Medical & Healthcare
Knowledge Manager,35.0,272,1587,0.1713925645872716,Leadership & Strategy
Information Technology Manager,35.0,276,1906,0.1448058761804826,Administrative & Clerical
Business Administrator,35.0,238,1432,0.1662011173184357,Data & IT
Operations Analyst,35.0,939,3006,0.312375249500998,Medical & Healthcare
Business Development Specialist,35.0,341,2193,0.1554947560419516,Supply Chain & Logistics
Business Development Associate,35.0,340,2190,0.1552511415525114,Medical & Healthcare
Consultant,35.0,495,1511,0.3275976174718729,Administrative & Clerical
Sharepoint Administrator,35.0,1002,3274,0.3060476481368356,Administrative & Clerical
Sales Coordinator,35.0,997,3135,0.3180223285486443,Hospitality
Sales Consultant,35.0,996,3045,0.3270935960591133,Sales & Marketing
Relationship Manager,35.0,967,3049,0.317153164972122,Construction
Regional Sales Manager,35.0,1003,3153,0.3181097367586425,Law Enforcement
Assistant Designer,35.0,226,1888,0.1197033898305084,Communication & PR
Medical Laboratory Technologist,35.0,340,1340,0.2537313432835821,Data & IT
Medical Laboratory Technician,35.0,339,1339,0.2531740104555638,Communication & PR
Medical Laboratory Scientist,35.0,342,1343,0.2546537602382725,Hospitality
Lab Assistant,35.0,458,1498,0.3057409879839786,Sales & Marketing
Family Support Specialist,35.0,450,1548,0.2906976744186046,Hospitality
Patent Examiner,35.0,607,2133,0.2845757149554618,Sales & Marketing
Legislative Assistant,35.0,774,2532,0.3056872037914692,Construction
Legal Receptionist,35.0,463,1700,0.2723529411764706,Law Enforcement
Ic Design Engineer,35.0,448,1243,0.3604183427192277,Leadership & Strategy
Library Media Specialist,35.0,720,2380,0.3025210084033613,Administrative & Clerical
Instructor,35.0,406,1238,0.3279483037156704,Data & IT
Hvac Instructor,35.0,273,917,0.2977099236641221,Communication & PR
Intake Coordinator,35.0,434,1412,0.3073654390934844,Supply Chain & Logistics
Health Services Manager,35.0,436,1437,0.3034098816979819,Medical & Healthcare
Medical Technologist,35.0,301,1125,0.2675555555555555,Leadership & Strategy
Medical Technician,35.0,306,1131,0.2705570291777188,Administrative & Clerical
Chemistry Tutor,35.0,117,730,0.1602739726027397,Supply Chain & Logistics
Integration Engineer,35.0,525,1396,0.3760744985673352,Medical & Healthcare
School Librarian,35.0,694,2295,0.30239651416122,Leadership & Strategy
Chef Manager,35.0,90,740,0.1216216216216216,Communication & PR
Loss Prevention Manager,35.0,445,1545,0.2880258899676375,Leadership & Strategy
Emergency Management Specialist,35.0,403,1291,0.3121611154144074,Administrative & Clerical
Chief Administrative Officer,35.0,281,1828,0.1537199124726477,Data & IT
Tanker,35.0,62,373,0.1662198391420911,Supply Chain & Logistics
Forklift Driver,35.0,160,648,0.2469135802469135,Medical & Healthcare
Courier,35.0,177,680,0.2602941176470588,Leadership & Strategy
Prepress Technician,35.0,548,2232,0.2455197132616487,Law Enforcement
Juvenile Probation Officer,35.0,429,1323,0.3242630385487528,Supply Chain & Logistics
Corporate Paralegal,35.0,458,1638,0.2796092796092796,Medical & Healthcare
Training Specialist,35.0,1018,3114,0.3269107257546564,Leadership & Strategy
Strategy Manager,35.0,262,1999,0.1310655327663832,Administrative & Clerical
Cyber Security Engineer,35.0,99,694,0.1426512968299711,Construction
Computer Support Specialist,35.0,134,1090,0.1229357798165137,Law Enforcement
Care Manager,35.0,221,1544,0.1431347150259067,Supply Chain & Logistics
Psychiatric Nurse Practitioner,35.0,121,897,0.1348940914158305,Medical & Healthcare
Contract Driver,35.0,174,672,0.2589285714285714,Administrative & Clerical
Analytical Chemist,35.0,114,757,0.1505944517833553,Administrative & Clerical
Entry Level Accountant,35.0,481,1585,0.3034700315457413,Construction
Corporate Accountant,35.0,486,1586,0.3064312736443884,Law Enforcement
Commodity Trader,35.0,444,1360,0.3264705882352941,Supply Chain & Logistics
Commercial Loan Officer,35.0,441,1284,0.3434579439252336,Medical & Healthcare
Aesthetic Nurse,35.0,108,726,0.1487603305785124,Leadership & Strategy
Brewer,35.0,55,508,0.108267716535433,Hospitality
Executive Chef,35.0,299,1007,0.2969215491559086,Data & IT
Assistant Restaurant Manager,35.0,142,1006,0.1411530815109344,Construction
Taxi Driver,35.0,93,383,0.2428198433420365,Law Enforcement
Construction Driver,35.0,200,756,0.2645502645502645,Data & IT
Carrier,35.0,62,529,0.1172022684310018,Communication & PR
Car Driver,35.0,60,505,0.1188118811881188,Hospitality
Volunteer Coordinator,35.0,787,2343,0.3358941527955612,Sales & Marketing
Front Of House Manager,35.0,443,1432,0.3093575418994413,Leadership & Strategy
Food Production Worker,35.0,260,953,0.2728226652675761,Administrative & Clerical
Banquet Captain,35.0,101,793,0.1273644388398487,Sales & Marketing
Shift Manager,35.0,233,1888,0.1234110169491525,Hospitality
Inventory Control Manager,35.0,546,1774,0.3077790304396843,Leadership & Strategy
Title Processor,35.0,685,2075,0.3301204819277108,Administrative & Clerical
Ranger,35.0,203,720,0.2819444444444444,Data & IT
Fire Investigator,35.0,424,1308,0.3241590214067278,Communication & PR
Patient Access Specialist,35.0,440,1709,0.2574605032182563,Hospitality
Patient Access Representative,35.0,441,1710,0.2578947368421053,Sales & Marketing
Infusion Nurse,35.0,113,864,0.130787037037037,Leadership & Strategy
Front Desk Supervisor,35.0,194,1236,0.156957928802589,Sales & Marketing
Administrative Services Manager,35.0,294,1879,0.1564662054284193,Hospitality
Multimedia Specialist,35.0,982,3476,0.2825086306098964,Administrative & Clerical
Field Service Engineer,35.0,425,1217,0.3492193919474117,Administrative & Clerical
Aircraft Engineer,35.0,93,688,0.1351744186046511,Construction
Telecom Sales,35.0,257,1909,0.1346254583551597,Administrative & Clerical
Telephone Interviewer,35.0,924,2765,0.3341772151898734,Administrative & Clerical
Managing Consultant,35.0,232,1341,0.1730052199850857,Law Enforcement
Medical Secretary,35.0,585,2151,0.2719665271966527,Construction
Director Of Finance,35.0,287,1774,0.1617812852311161,Administrative & Clerical
Management Consultant,35.0,231,1336,0.1729041916167664,Supply Chain & Logistics
Logistics Specialist,35.0,805,2534,0.3176795580110497,Medical & Healthcare
Channel Sales Manager,35.0,348,2205,0.1578231292517006,Hospitality
Business Continuity Manager,35.0,306,1947,0.1571648690292758,Sales & Marketing
Representative,35.0,261,1681,0.1552647233789411,Construction
Insurance Specialist,35.0,240,1523,0.1575837163493105,Law Enforcement
Communications Technician,35.0,125,792,0.1578282828282828,Supply Chain & Logistics
Supply Planner,35.0,745,2408,0.3093853820598006,Supply Chain & Logistics
Public Relations Coordinator,35.0,974,3481,0.2798046538351048,Leadership & Strategy
Medical Interpreter,35.0,419,1730,0.2421965317919075,Law Enforcement
Media Coordinator,35.0,1020,3559,0.2865973588086541,Data & IT
Event Coordinator,35.0,502,1632,0.3075980392156863,Communication & PR
Corporate Event Planner,35.0,508,1624,0.312807881773399,Hospitality
Content Writer,35.0,553,2025,0.2730864197530864,Sales & Marketing
Blogger,35.0,328,2417,0.1357054199420769,Construction
Blog Writer,35.0,327,2442,0.1339066339066339,Law Enforcement
Packaging,35.0,161,1310,0.1229007633587786,Medical & Healthcare
Generator Technician,35.0,232,841,0.2758620689655172,Sales & Marketing
Hotel General Manager,35.0,425,1271,0.3343823760818253,Construction
Hotel Front Office Manager,35.0,475,1545,0.3074433656957929,Law Enforcement
Greeter,35.0,277,900,0.3077777777777777,Supply Chain & Logistics
Front Office Supervisor,35.0,468,1627,0.2876459741856177,Medical & Healthcare
Accounting Consultant,35.0,240,1585,0.1514195583596214,Hospitality
Taxonomist,35.0,661,2244,0.2945632798573975,Sales & Marketing
Cytogenetic Technologist,35.0,337,1150,0.2930434782608695,Leadership & Strategy
Laboratory Assistant,35.0,456,1497,0.3046092184368738,Law Enforcement
General Contractor,35.0,299,939,0.3184238551650692,Leadership & Strategy
Drilling Supervisor,35.0,232,792,0.2929292929292929,Administrative & Clerical
Architectural Drafter,35.0,137,1204,0.1137873754152823,Data & IT
Stock Manager,35.0,661,2265,0.291832229580574,Communication & PR
Proposal Specialist,35.0,988,3459,0.2856316854582249,Data & IT
Housing Specialist,35.0,441,1408,0.3132102272727273,Communication & PR
Contract Negotiator,35.0,397,1238,0.3206785137318255,Hospitality
Patent Agent,35.0,641,2233,0.2870577698163905,Construction
Associate Consultant,35.0,289,1784,0.1619955156950672,Data & IT
Yard Jockey,35.0,314,1178,0.266553480475382,Communication & PR
Fire Alarm Technician,35.0,218,777,0.2805662805662806,Construction
Diesel Technician,35.0,209,744,0.2809139784946236,Law Enforcement
Diesel Mechanic,35.0,206,740,0.2783783783783783,Supply Chain & Logistics
Copier Technician,35.0,232,884,0.2624434389140271,Medical & Healthcare
Wire Technician,35.0,527,1641,0.3211456429006703,Hospitality
Gse Mechanic,35.0,199,736,0.2703804347826087,Hospitality
Telecom Technician,35.0,637,1938,0.3286893704850361,Construction
Chief Risk Officer,35.0,279,1788,0.1560402684563758,Communication & PR
Automotive Mechanic,35.0,70,573,0.1221640488656195,Hospitality
Auto Technician,35.0,70,573,0.1221640488656195,Sales & Marketing
Auto Mechanic,35.0,70,573,0.1221640488656195,Construction
Aircraft Mechanic,35.0,69,546,0.1263736263736263,Law Enforcement
Hvac Mechanic,35.0,206,807,0.2552664188351921,Data & IT
Hvac,35.0,204,765,0.2666666666666666,Communication & PR
Upholsterer,35.0,325,1265,0.2569169960474308,Sales & Marketing
Provider Relations Representative,35.0,707,2389,0.2959397237337798,Supply Chain & Logistics
Proposal Coordinator,35.0,984,3525,0.2791489361702127,Medical & Healthcare
General Accountant,35.0,466,1545,0.3016181229773463,Data & IT
Fund Accounting Manager,35.0,483,1612,0.2996277915632754,Communication & PR
Financial Accountant,35.0,483,1572,0.3072519083969465,Hospitality
Equity Trader,35.0,443,1351,0.3279052553663952,Sales & Marketing
Broker Assistant,35.0,207,1467,0.1411042944785276,Leadership & Strategy
Hotel Operations Manager,35.0,429,1275,0.3364705882352941,Sales & Marketing
Accounts Receivable Clerk,35.0,217,1451,0.149552033080634,Data & IT
Accounting Technician,35.0,213,1460,0.1458904109589041,Communication & PR
Risk Analyst,35.0,725,2289,0.3167321974661424,Supply Chain & Logistics
Private Equity Analyst,35.0,721,2283,0.3158125273762593,Medical & Healthcare
Investment Banking Analyst,35.0,478,1461,0.3271731690622861,Leadership & Strategy
General Ledger Accountant,35.0,466,1543,0.3020090732339598,Administrative & Clerical
Food Technologist,35.0,336,1179,0.2849872773536895,Supply Chain & Logistics
Food Scientist,35.0,340,1184,0.2871621621621621,Medical & Healthcare
Appraiser,35.0,177,1268,0.139589905362776,Administrative & Clerical
Project Lead,35.0,1053,3454,0.3048639258830342,Supply Chain & Logistics
Project Estimator,35.0,865,2706,0.319660014781966,Medical & Healthcare
Product Owner,35.0,1045,3492,0.2992554410080183,Leadership & Strategy
Product Director,35.0,995,3281,0.3032612008533983,Administrative & Clerical
Claim Specialist,35.0,236,1511,0.1561879549966909,Construction
Adjuster,35.0,222,1451,0.1529979324603721,Law Enforcement
Safety Specialist,35.0,570,1958,0.2911133810010214,Supply Chain & Logistics
Safety Professional,35.0,574,1964,0.2922606924643584,Medical & Healthcare
Secretary,35.0,617,2226,0.2771787960467206,Law Enforcement
Product Demonstrator,35.0,911,3170,0.2873817034700315,Law Enforcement
Technology Consultant,35.0,1236,4064,0.3041338582677165,Supply Chain & Logistics
Technical Consultant,35.0,1240,4070,0.3046683046683047,Medical & Healthcare
Merchandising Assistant,35.0,873,3073,0.2840872111942727,Hospitality
Inventory Specialist,35.0,524,1687,0.3106105512744517,Sales & Marketing
Project Management Specialist,35.0,1070,3480,0.3074712643678161,Construction
Project Leader,35.0,1051,3453,0.3043730089777005,Law Enforcement
Trading Assistant,35.0,659,2040,0.3230392156862745,Construction
Promotions Manager,35.0,1044,3723,0.2804190169218372,Construction
Licensed Practical Nurse Lpn,34.0,80,588,0.1360544217687075,Construction
Lpn Nurse,33.0,81,588,0.1377551020408163,Sales & Marketing
Mental Health Nurse,33.0,112,582,0.1924398625429553,Hospitality
Production Coordinator,33.0,255,1739,0.1466359976998275,Medical & Healthcare
Practical Nurse,33.0,95,445,0.2134831460674157,Data & IT
Interviewer,33.0,160,1173,0.1364023870417732,Administrative & Clerical
Operations Specialist,33.0,232,1489,0.1558092679650772,Leadership & Strategy
Occupational Health Nurse,33.0,106,565,0.1876106194690265,Communication & PR
Risk Manager,32.0,244,1904,0.1281512605042016,Supply Chain & Logistics
Electronic Engineer,32.0,202,1552,0.1301546391752577,Construction
Component Engineer,32.0,192,1452,0.1322314049586777,Law Enforcement
Hvac Engineer,32.0,146,1343,0.1087118391660461,Data & IT
Failure Analysis Engineer,32.0,196,1498,0.1308411214953271,Communication & PR
Equipment Engineer,32.0,191,1369,0.139517896274653,Hospitality
Energy Engineer,32.0,182,1114,0.163375224416517,Sales & Marketing
Mechanical Design Engineer,31.0,181,1193,0.151718357082984,Leadership & Strategy
Material Engineer,31.0,168,1167,0.1439588688946015,Administrative & Clerical
Patent Attorney,30.0,176,1168,0.1506849315068493,Medical & Healthcare
Legal Consultant,30.0,220,1464,0.1502732240437158,Leadership & Strategy
Legal Analyst,30.0,235,1548,0.1518087855297157,Administrative & Clerical
Intellectual Property Attorney,30.0,196,1380,0.1420289855072463,Data & IT
Foster Care Case Manager,30.0,173,1505,0.1149501661129568,Communication & PR
Contract Administrator,30.0,226,1336,0.1691616766467066,Hospitality
Service Cashier,30.0,118,784,0.1505102040816326,Communication & PR
Software Analyst,30.0,279,2092,0.1333652007648183,Supply Chain & Logistics
Retail Cashier,30.0,117,730,0.1602739726027397,Sales & Marketing
Restaurant Cashier,30.0,120,792,0.1515151515151515,Construction
Pharmacy Cashier,30.0,124,629,0.1971383147853736,Law Enforcement
Head Cashier,30.0,140,1064,0.131578947368421,Supply Chain & Logistics
Bookstore,30.0,210,1355,0.1549815498154981,Medical & Healthcare
Project Superintendent,30.0,158,1146,0.137870855148342,Leadership & Strategy
Foreman,30.0,119,1295,0.0918918918918919,Sales & Marketing
Business Development Coordinator,30.0,300,1867,0.1606855918585966,Leadership & Strategy
Equipment Operator,30.0,127,702,0.1809116809116809,Law Enforcement
Elevator Technician,30.0,128,721,0.1775312066574202,Supply Chain & Logistics
Electrical Estimator,30.0,176,1063,0.1655691439322671,Medical & Healthcare
Visual Merchandiser,30.0,210,1773,0.1184433164128595,Leadership & Strategy
Store Detective,30.0,73,516,0.1414728682170542,Administrative & Clerical
Store Cashier,30.0,117,730,0.1602739726027397,Data & IT
Software Support Engineer,30.0,286,2083,0.1373019683149303,Law Enforcement
Benefits Consultant,30.0,234,1391,0.1682242990654205,Construction
Machine Operator,30.0,197,1598,0.123279098873592,Communication & PR
Line Leader,30.0,201,1598,0.1257822277847309,Hospitality
Laser Operator,30.0,201,1640,0.1225609756097561,Sales & Marketing
Embroidery Machine Operator,30.0,122,669,0.1823617339312406,Law Enforcement
Field Inspector,30.0,175,941,0.1859723698193411,Construction
Civil Designer,30.0,174,1333,0.1305326331582895,Law Enforcement
Cinematographer,30.0,216,1549,0.1394448030987734,Supply Chain & Logistics
Arts Manager,30.0,225,1848,0.1217532467532467,Medical & Healthcare
Archivist,30.0,153,1021,0.1498530852105778,Leadership & Strategy
Special Education Paraprofessional,30.0,121,806,0.1501240694789082,Administrative & Clerical
Special Education Assistant,30.0,121,806,0.1501240694789082,Data & IT
It Business Analyst,30.0,379,2519,0.1504565303691941,Administrative & Clerical
Background Investigator,30.0,166,1121,0.1480820695807315,Construction
Financial Business Analyst,30.0,376,2519,0.149265581579992,Communication & PR
Data Engineer,30.0,216,1478,0.1461434370771312,Hospitality
Collection Analyst,30.0,174,1017,0.1710914454277286,Sales & Marketing
Business Systems Analyst,30.0,306,1773,0.1725888324873096,Construction
Business Strategist,30.0,264,1512,0.1746031746031746,Law Enforcement
Business Intelligence Analyst,30.0,305,1828,0.1668490153172866,Supply Chain & Logistics
Employment Specialist,30.0,216,1190,0.1815126050420168,Communication & PR
Inventory Control Clerk,30.0,255,1952,0.1306352459016393,Construction
Senior Database Administrator,30.0,211,1749,0.1206403659233847,Sales & Marketing
Data Center Technician,30.0,202,1417,0.1425546930134086,Construction
Senior Business Analyst,30.0,294,2165,0.1357967667436489,Law Enforcement
Research Engineer,30.0,205,1746,0.1174112256586483,Supply Chain & Logistics
Junior Business Analyst,30.0,373,2496,0.1494391025641025,Medical & Healthcare
Junior Analyst,30.0,372,2481,0.1499395405078597,Leadership & Strategy
Bankruptcy Paralegal,30.0,209,1341,0.1558538404175988,Sales & Marketing
Retail Sales Consultant,30.0,189,1384,0.1365606936416185,Hospitality
Content Manager,30.0,314,2327,0.1349376880103137,Administrative & Clerical
Conference Coordinator,30.0,289,2026,0.1426456071076011,Data & IT
Channel Marketing Manager,30.0,238,1697,0.140247495580436,Communication & PR
Brand Strategist,30.0,283,1841,0.1537208039109179,Hospitality
Brand Specialist,30.0,280,1839,0.1522566612289287,Sales & Marketing
Brand Consultant,30.0,281,1832,0.1533842794759825,Construction
Project Executive,30.0,162,1140,0.1421052631578947,Administrative & Clerical
Staff Attorney,30.0,135,1167,0.1156812339331619,Supply Chain & Logistics
Bioinformatics,30.0,201,1237,0.1624898949070331,Medical & Healthcare
Bioinformatician,30.0,201,1226,0.1639477977161501,Leadership & Strategy
Carpenter Helper,30.0,104,612,0.1699346405228758,Sales & Marketing
Trash Collector,30.0,59,525,0.1123809523809523,Leadership & Strategy
Product Support Specialist,30.0,288,2115,0.1361702127659574,Communication & PR
Talent Manager,30.0,223,1733,0.1286785920369302,Hospitality
Marketing Strategist,30.0,310,2324,0.1333907056798623,Sales & Marketing
Marketing Professional,30.0,283,2192,0.1291058394160583,Construction
Marketer,30.0,288,2208,0.1304347826086956,Law Enforcement
Field Marketing Manager,30.0,242,1591,0.152105593966059,Supply Chain & Logistics
Maintenance Planner,30.0,213,1585,0.134384858044164,Law Enforcement
Manufacturing Specialist,30.0,284,2068,0.1373307543520309,Data & IT
Laundry,30.0,96,767,0.1251629726205997,Medical & Healthcare
Equipment Specialist,30.0,168,1253,0.1340782122905028,Leadership & Strategy
Cnc Machinist,30.0,134,780,0.1717948717948718,Supply Chain & Logistics
Composite Technician,30.0,149,1079,0.1380908248378128,Data & IT
Combo Welder,30.0,116,616,0.1883116883116883,Communication & PR
Carpentry,30.0,112,684,0.1637426900584795,Hospitality
Bindery Operator,30.0,115,771,0.1491569390402075,Medical & Healthcare
Process Operator,30.0,194,900,0.2155555555555555,Hospitality
Trailer Mechanic,30.0,67,450,0.1488888888888888,Administrative & Clerical
Tower Climber,30.0,53,389,0.1362467866323907,Data & IT
Service Technician,30.0,119,1006,0.1182902584493041,Communication & PR
Sanitation Worker,30.0,54,404,0.1336633663366336,Hospitality
Process Manager,30.0,227,1674,0.1356033452807646,Sales & Marketing
Ndt Technician,30.0,161,907,0.1775082690187431,Construction
Mechanical Inspector,30.0,271,1811,0.1496410822749862,Administrative & Clerical
Quality Assurance Engineer,30.0,332,2348,0.141396933560477,Leadership & Strategy
Spa Receptionist,30.0,128,813,0.1574415744157441,Law Enforcement
Nutrition Manager,30.0,158,1030,0.1533980582524272,Supply Chain & Logistics
Desktop Support Technician,30.0,192,1332,0.1441441441441441,Administrative & Clerical
Benefits Administrator,30.0,238,1372,0.173469387755102,Hospitality
Roll Off Driver,30.0,55,399,0.137844611528822,Communication & PR
Assistant Sales Manager,30.0,234,1446,0.1618257261410788,Supply Chain & Logistics
Business Architect,30.0,255,1459,0.1747772446881425,Administrative & Clerical
Business Analyst Manager,30.0,289,1671,0.172950329144225,Data & IT
Analytics Manager,30.0,297,1788,0.1661073825503355,Communication & PR
Analytics Consultant,30.0,297,1789,0.1660145332588038,Hospitality
Administrative Analyst,30.0,291,1691,0.172087522176227,Sales & Marketing
Web Analyst,30.0,251,1761,0.1425326519023282,Construction
Economic Consultant,30.0,164,1072,0.1529850746268656,Sales & Marketing
Content Strategist,30.0,320,2339,0.1368106028217187,Leadership & Strategy
Automotive Consultant,30.0,228,1388,0.1642651296829971,Law Enforcement
Yard Driver,30.0,58,493,0.1176470588235294,Supply Chain & Logistics
Warehouseman,30.0,90,630,0.1428571428571428,Medical & Healthcare
Business Intelligence Developer,30.0,287,1628,0.1762899262899263,Supply Chain & Logistics
Smt Operator,30.0,106,848,0.125,Administrative & Clerical
Sensor Operator,30.0,119,992,0.1199596774193548,Data & IT
Automotive Sales Manager,30.0,227,1439,0.1577484364141765,Law Enforcement
Project Architect,30.0,163,1206,0.1351575456053068,Data & IT
Advertising Account Executive,30.0,281,1882,0.1493092454835281,Medical & Healthcare
Call Center Specialist,30.0,301,1816,0.1657488986784141,Leadership & Strategy
Salesforce Consultant,30.0,262,1991,0.131592164741336,Administrative & Clerical
Lean Consultant,30.0,290,1678,0.1728247914183552,Data & IT
Integration Consultant,30.0,298,1737,0.1715601611974669,Communication & PR
Implementation Consultant,30.0,299,1782,0.1677890011223344,Hospitality
Digital Strategist,30.0,308,2225,0.1384269662921348,Medical & Healthcare
Maintenance Engineer,30.0,202,1552,0.1301546391752577,Supply Chain & Logistics
Oral Surgery Assistant,30.0,92,473,0.1945031712473573,Sales & Marketing
Fpga Engineer,30.0,136,1332,0.1021021021021021,Construction
Cnc Programmer,30.0,154,1161,0.1326442721791559,Law Enforcement
Warehouse Specialist,30.0,101,673,0.150074294205052,Leadership & Strategy
Business Office Manager,30.0,223,1349,0.1653076352853966,Administrative & Clerical
Certified Home Health Aide,30.0,87,678,0.1283185840707964,Administrative & Clerical
Valet Attendant,30.0,64,531,0.1205273069679849,Data & IT
Registrar,30.0,129,736,0.1752717391304347,Administrative & Clerical
Club Manager,30.0,141,878,0.1605922551252847,Construction
Production Controller,30.0,252,1611,0.1564245810055866,Communication & PR
Operations Coordinator,30.0,228,1468,0.1553133514986376,Hospitality
Office Secretary,30.0,183,1289,0.1419705197827773,Sales & Marketing
Office Coordinator,30.0,193,1334,0.1446776611694153,Construction
Health And Safety Coordinator,30.0,177,1197,0.1478696741854636,Law Enforcement
Facility Supervisor,30.0,162,964,0.1680497925311203,Supply Chain & Logistics
Lift Operator,30.0,106,1187,0.0893007582139848,Communication & PR
Food Manager,30.0,180,1227,0.1466992665036675,Supply Chain & Logistics
City Driver,30.0,58,451,0.1286031042128603,Sales & Marketing
Business Development Executive,30.0,323,1961,0.1647118816930137,Medical & Healthcare
Value Stream Manager,30.0,261,1776,0.1469594594594594,Law Enforcement
Support Coordinator,30.0,294,2160,0.1361111111111111,Supply Chain & Logistics
Service Assistant,30.0,187,1033,0.1810261374636979,Medical & Healthcare
Scheduler,30.0,209,1553,0.1345782356728911,Leadership & Strategy
Salon Manager,30.0,470,1263,0.3721298495645289,Hospitality
Chairman,30.0,181,1203,0.1504571903574397,Administrative & Clerical
Director Of Rehabilitation,30.0,146,886,0.164785553047404,Data & IT
Executive Sous Chef,30.0,140,815,0.1717791411042944,Communication & PR
Assistant Hotel Manager,30.0,222,1383,0.1605206073752711,Hospitality
Cardiothoracic Surgeon,30.0,79,530,0.1490566037735849,Supply Chain & Logistics
Information Security Specialist,30.0,277,1645,0.1683890577507598,Construction
Information Security Consultant,30.0,279,1621,0.1721159777914867,Administrative & Clerical
Finance Manager,30.0,306,1997,0.1532298447671507,Construction
Security Analyst,30.0,729,1817,0.4012107870115575,Communication & PR
Revenue Cycle Manager,30.0,548,1549,0.3537766300839251,Sales & Marketing
Chauffeur,30.0,56,442,0.1266968325791855,Construction
Laboratory Technologist,30.0,115,1125,0.1022222222222222,Communication & PR
Benefits Analyst,30.0,249,1443,0.1725571725571725,Supply Chain & Logistics
Psychiatric Nurse,30.0,116,711,0.1631504922644163,Sales & Marketing
Hotel Sales Manager,30.0,233,1492,0.156166219839142,Leadership & Strategy
Brand Director,30.0,264,1671,0.1579892280071813,Law Enforcement
Medication Technician,30.0,102,517,0.1972920696324951,Supply Chain & Logistics
Medical Dosimetrist,30.0,116,670,0.1731343283582089,Medical & Healthcare
Mammography Technologist,30.0,112,1067,0.1049671977507029,Leadership & Strategy
Mammographer,30.0,109,1059,0.1029272898961284,Administrative & Clerical
Laser Technician,30.0,132,1242,0.1062801932367149,Data & IT
Cyber Security Specialist,30.0,273,1602,0.1704119850187266,Law Enforcement
Computer Repair Technician,30.0,188,1420,0.1323943661971831,Data & IT
Stockroom Associate,30.0,175,1239,0.1412429378531073,Medical & Healthcare
Senior Manufacturing Engineer,30.0,214,1348,0.158753709198813,Leadership & Strategy
Landscape Manager,30.0,185,1249,0.1481184947958366,Sales & Marketing
Outside Machinist,30.0,102,664,0.1536144578313253,Data & IT
Manufacturing Engineer,30.0,224,1371,0.1633843909555069,Communication & PR
Materials Manager,30.0,228,1373,0.1660597232337946,Hospitality
Community Health Nurse,30.0,124,718,0.1727019498607242,Medical & Healthcare
Technical Artist,30.0,321,2409,0.1332503113325031,Supply Chain & Logistics
Paraeducator,30.0,122,873,0.1397479954180985,Sales & Marketing
Online English Teacher,30.0,164,1119,0.1465594280607685,Construction
Medical Instructor,30.0,142,1001,0.1418581418581418,Law Enforcement
Coffee Shop Manager,30.0,131,850,0.1541176470588235,Sales & Marketing
Instructional Assistant,30.0,138,1054,0.1309297912713472,Medical & Healthcare
Instructional Aide,30.0,137,1050,0.1304761904761904,Leadership & Strategy
Creative Strategist,30.0,297,2272,0.1307218309859155,Sales & Marketing
Cardiologist,30.0,140,982,0.1425661914460285,Leadership & Strategy
Floor Manager,30.0,194,1229,0.1578519121236777,Communication & PR
Insurance Consultant,30.0,229,1408,0.1626420454545454,Hospitality
Procurement Officer,30.0,234,1481,0.1580013504388926,Administrative & Clerical
Histologist,30.0,113,1142,0.0989492119089317,Construction
Health Specialist,30.0,138,844,0.1635071090047393,Law Enforcement
Genetic Counselor,30.0,111,1099,0.1010009099181073,Supply Chain & Logistics
Endoscopy Technician,30.0,118,687,0.1717612809315866,Medical & Healthcare
Ekg Technician,30.0,111,668,0.1661676646706587,Leadership & Strategy
Automotive Instructor,30.0,112,761,0.1471747700394218,Medical & Healthcare
Reference Librarian,30.0,147,1081,0.1359851988899167,Hospitality
Scout,30.0,100,586,0.1706484641638225,Administrative & Clerical
Announcer,30.0,147,981,0.1498470948012232,Data & IT
Youth Worker,30.0,158,1318,0.1198786039453717,Communication & PR
Volunteer Manager,30.0,196,1532,0.1279373368146214,Hospitality
Outreach Worker,30.0,177,1194,0.1482412060301507,Sales & Marketing
Major Gifts Officer,30.0,219,1732,0.1264434180138568,Construction
Esl Tutor,30.0,145,1137,0.1275285839929639,Administrative & Clerical
Recruiting Manager,30.0,903,2361,0.3824650571791613,Construction
Educational Diagnostician,30.0,132,906,0.1456953642384106,Communication & PR
Culinary Instructor,30.0,113,774,0.1459948320413436,Hospitality
Community Assistant,30.0,151,1010,0.1495049504950495,Sales & Marketing
Clinical Educator,30.0,140,942,0.1486199575371549,Construction
Business Instructor,30.0,130,859,0.1513387660069848,Law Enforcement
Biology Tutor,30.0,117,778,0.1503856041131105,Supply Chain & Logistics
Special Education Aide,30.0,122,807,0.151177199504337,Communication & PR
Imagery Analyst,30.0,261,1941,0.1344667697063369,Data & IT
Ruby Developer,30.0,190,1583,0.1200252684775742,Medical & Healthcare
Rails Developer,30.0,191,1584,0.120580808080808,Leadership & Strategy
Insurance Adjuster,30.0,152,1454,0.1045392022008253,Administrative & Clerical
Right Of Way Agent,30.0,102,696,0.146551724137931,Data & IT
Lead Carpenter,30.0,112,901,0.1243063263041065,Communication & PR
Heavy Equipment Operator,30.0,104,1188,0.0875420875420875,Hospitality
Nutrition Educator,30.0,164,1077,0.1522748375116063,Medical & Healthcare
Creative Designer,30.0,284,2215,0.128216704288939,Construction
Process Improvement Manager,30.0,736,1896,0.3881856540084388,Law Enforcement
Fitter,30.0,98,690,0.1420289855072463,Construction
Warehouse Administrator,30.0,226,1341,0.168530947054437,Law Enforcement
Service Coordinator,30.0,227,1473,0.1541072640868974,Supply Chain & Logistics
Technical Illustrator,30.0,311,2250,0.1382222222222222,Law Enforcement
Echocardiographer,30.0,120,687,0.1746724890829694,Data & IT
Retoucher,30.0,194,1715,0.1131195335276968,Medical & Healthcare
Photo Editor,30.0,281,1883,0.1492299522039299,Leadership & Strategy
Motion Graphics Designer,30.0,236,1764,0.1337868480725623,Administrative & Clerical
Game Tester,30.0,210,1769,0.1187111362351611,Data & IT
Film Producer,30.0,244,2010,0.1213930348258706,Communication & PR
Curatorial Assistant,30.0,142,936,0.1517094017094017,Hospitality
Cardiology Nurse Practitioner,30.0,87,616,0.1412337662337662,Medical & Healthcare
Histotechnologist,30.0,109,1080,0.1009259259259259,Hospitality
Histology Technician,30.0,113,1143,0.0988626421697287,Sales & Marketing
Assisted Living Administrator,30.0,121,663,0.1825037707390648,Data & IT
Anesthesiologist,30.0,106,641,0.1653666146645865,Communication & PR
Visual Information Specialist,30.0,251,1943,0.1291816778178075,Hospitality
Video Editor,30.0,282,2061,0.1368267831149927,Sales & Marketing
Vfx Artist,30.0,240,1836,0.130718954248366,Construction
Eeg Technician,30.0,111,669,0.1659192825112107,Administrative & Clerical
Sports Coordinator,30.0,199,1541,0.1291369240752758,Leadership & Strategy
Travel Coordinator,30.0,241,1611,0.1495965238981998,Law Enforcement
Training Administrator,30.0,299,1876,0.1593816631130064,Supply Chain & Logistics
Reporting Analyst,30.0,244,1914,0.1274817136886102,Medical & Healthcare
Physician Recruiter,30.0,188,1178,0.1595925297113752,Leadership & Strategy
Human Resources Specialist,30.0,236,1811,0.1303147432357813,Administrative & Clerical
Hr Specialist,30.0,246,1874,0.1312700106723585,Data & IT
Development Officer,30.0,174,1022,0.1702544031311154,Law Enforcement
English Tutor,30.0,148,1156,0.1280276816608996,Data & IT
Biomedical Equipment Technician,30.0,132,748,0.1764705882352941,Administrative & Clerical
Technical Support Manager,30.0,338,2425,0.139381443298969,Administrative & Clerical
Hotel Manager,30.0,172,1225,0.1404081632653061,Leadership & Strategy
Catering Sales Manager,30.0,232,1373,0.1689730517115804,Law Enforcement
Catering Coordinator,30.0,259,1902,0.1361724500525762,Supply Chain & Logistics
Cafe Manager,30.0,211,1354,0.155834564254062,Medical & Healthcare
Assistant Cook,30.0,99,686,0.1443148688046647,Leadership & Strategy
Personal Driver,30.0,69,364,0.1895604395604395,Administrative & Clerical
Packer,30.0,100,511,0.1956947162426614,Data & IT
Food Services Manager,30.0,187,1255,0.149003984063745,Law Enforcement
Poker Dealer,30.0,98,537,0.1824953445065177,Data & IT
Clinical Therapist,30.0,130,895,0.1452513966480447,Sales & Marketing
Wordpress Developer,30.0,153,943,0.1622481442205726,Construction
Web Producer,30.0,234,1685,0.1388724035608308,Law Enforcement
Web Manager,30.0,238,1709,0.139262726740784,Supply Chain & Logistics
Dietary Supervisor,30.0,117,836,0.1399521531100478,Leadership & Strategy
Technology Manager,30.0,283,2058,0.1375121477162293,Leadership & Strategy
Housekeeping Manager,30.0,158,1171,0.1349274124679761,Medical & Healthcare
Table Games Dealer,30.0,65,428,0.1518691588785046,Hospitality
Hotel Housekeeping,30.0,133,1086,0.1224677716390423,Administrative & Clerical
Hotel Concierge,30.0,174,1563,0.1113243761996161,Data & IT
Hotel Assistant Manager,30.0,175,1493,0.117213663764233,Communication & PR
Hospitality Manager,30.0,192,1637,0.1172877214416615,Hospitality
Guest Services Manager,30.0,208,1764,0.1179138321995464,Sales & Marketing
Guest Relations Manager,30.0,206,1762,0.1169125993189557,Construction
Prep Cook,30.0,98,417,0.2350119904076738,Administrative & Clerical
Armorer,30.0,79,570,0.1385964912280701,Construction
Parking Manager,30.0,156,1200,0.13,Communication & PR
Locker Room Attendant,30.0,123,1004,0.1225099601593625,Hospitality
Laundry Attendant,30.0,113,927,0.1218985976267529,Sales & Marketing
Kitchen Supervisor,30.0,158,1149,0.1375108790252393,Construction
Telecommunications,30.0,252,1697,0.1484973482616381,Medical & Healthcare
Communication Technician,30.0,195,1343,0.1451973194341027,Supply Chain & Logistics
Slot Attendant,30.0,58,375,0.1546666666666666,Sales & Marketing
Service Director,30.0,222,1846,0.1202600216684723,Construction
Restaurant Manager,30.0,236,1944,0.1213991769547325,Law Enforcement
Restaurant Assistant Manager,30.0,231,1936,0.1193181818181818,Supply Chain & Logistics
Restaurant,30.0,180,1490,0.1208053691275167,Medical & Healthcare
Resort Manager,30.0,225,1691,0.133057362507392,Leadership & Strategy
Correction Officer,30.0,106,692,0.1531791907514451,Sales & Marketing
Network Analyst,30.0,255,1573,0.1621106166560712,Leadership & Strategy
Accounting Associate,30.0,220,1321,0.1665404996214988,Communication & PR
Accounting Assistant,30.0,219,1320,0.1659090909090909,Hospitality
Account Administrator,30.0,217,1313,0.1652703731911652,Sales & Marketing
Scientific Writer,30.0,199,1779,0.1118605958403597,Construction
Science Writer,30.0,200,1787,0.1119194180190263,Law Enforcement
Desktop Administrator,30.0,193,1359,0.1420161883738042,Construction
Crm Manager,30.0,217,1187,0.1828138163437236,Law Enforcement
Technical Business Analyst,30.0,300,2190,0.136986301369863,Data & IT
Clinical Systems Analyst,30.0,197,1399,0.1408148677626876,Medical & Healthcare
Business Intelligence Consultant,30.0,286,1622,0.1763255240443896,Leadership & Strategy
Administrator,30.0,231,1298,0.1779661016949152,Administrative & Clerical
Security Director,30.0,119,766,0.1553524804177545,Data & IT
Head Of Security,30.0,133,1045,0.1272727272727272,Communication & PR
Director Of Security,30.0,132,889,0.1484814398200225,Hospitality
Network Designer,30.0,241,1506,0.1600265604249668,Medical & Healthcare
Family Counselor,30.0,138,903,0.1528239202657807,Hospitality
Netsuite Administrator,30.0,251,1551,0.1618310767246937,Administrative & Clerical
It Support Specialist,30.0,223,1517,0.1470006591957811,Data & IT
It Consultant,30.0,260,1599,0.1626016260162601,Communication & PR
It Analyst,30.0,330,1942,0.1699279093717816,Hospitality
Desktop Support Engineer,30.0,196,1429,0.1371588523442967,Sales & Marketing
Research Director,30.0,223,1841,0.1211298207495926,Supply Chain & Logistics
Enrolled Agent,30.0,107,733,0.145975443383356,Leadership & Strategy
Propulsion Engineer,30.0,134,745,0.1798657718120805,Law Enforcement
Professional Engineer,30.0,151,802,0.1882793017456359,Supply Chain & Logistics
Product Engineer,30.0,186,1214,0.1532125205930807,Medical & Healthcare
Process Engineer,30.0,180,1214,0.1482701812191103,Leadership & Strategy
Building Manager,30.0,158,984,0.1605691056910569,Data & IT
Principal Engineer,30.0,163,1140,0.1429824561403508,Data & IT
Business Unit Manager,30.0,236,1437,0.1642310368823938,Construction
Diagnostic Medical Sonographer,30.0,120,692,0.1734104046242774,Communication & PR
Cytotechnologist,30.0,111,744,0.1491935483870967,Hospitality
Ct Technologist,30.0,118,681,0.1732745961820851,Sales & Marketing
Certified Ophthalmic Assistant,30.0,108,684,0.1578947368421052,Construction
Certified Dental Assistant,30.0,107,676,0.158284023668639,Law Enforcement
Principal Mechanical Engineer,30.0,161,1138,0.1414762741652021,Administrative & Clerical
Kitchen Manager,30.0,165,1172,0.1407849829351536,Law Enforcement
Librarian,30.0,200,1648,0.1213592233009708,Supply Chain & Logistics
Management Engineer,30.0,259,1854,0.139697950377562,Supply Chain & Logistics
Compliance Specialist,30.0,235,1366,0.1720351390922401,Medical & Healthcare
Insurance Coordinator,30.0,237,1397,0.1696492483894058,Leadership & Strategy
National Sales Director,30.0,707,2002,0.3531468531468531,Sales & Marketing
External Wholesaler,30.0,278,1997,0.1392088132198297,Law Enforcement
District Sales Manager,30.0,247,1635,0.1510703363914373,Supply Chain & Logistics
Director Of Sales,30.0,255,1665,0.1531531531531531,Medical & Healthcare
Client Success Manager,30.0,286,1824,0.156798245614035,Leadership & Strategy
Car Sales,30.0,221,1515,0.1458745874587458,Administrative & Clerical
Strategy Analyst,30.0,784,1928,0.4066390041493776,Data & IT
Structural Engineer,30.0,146,1228,0.1188925081433224,Law Enforcement
Technical Engineer,30.0,162,1327,0.1220798794272795,Construction
Tooling Engineer,30.0,170,1375,0.1236363636363636,Sales & Marketing
Validation Engineer,30.0,94,683,0.1376281112737921,Hospitality
Funeral Arranger,30.0,113,811,0.1393341553637484,Leadership & Strategy
Housekeeping Supervisor,30.0,153,1157,0.132238547968885,Supply Chain & Logistics
Valet,30.0,65,557,0.1166965888689407,Communication & PR
Program Coordinator,30.0,229,1606,0.1425902864259028,Data & IT
Stress Engineer,30.0,145,1219,0.1189499589827727,Medical & Healthcare
Solar Engineer,30.0,153,1201,0.1273938384679434,Leadership & Strategy
Senior Mechanical Engineer,30.0,160,1263,0.126682501979414,Administrative & Clerical
Senior Mechanical Design Engineer,30.0,161,1285,0.1252918287937743,Data & IT
Senior Engineer,30.0,160,1427,0.1121233356692361,Communication & PR
Senior Electrical Engineer,30.0,160,1263,0.126682501979414,Hospitality
Facility Manager,30.0,168,976,0.1721311475409836,Medical & Healthcare
Forklift Operator,30.0,144,1383,0.1041214750542299,Hospitality
Preschool Director,30.0,139,964,0.1441908713692946,Law Enforcement
Home Health Care,30.0,94,610,0.1540983606557377,Supply Chain & Logistics
Funeral Attendant,30.0,87,691,0.1259044862518089,Medical & Healthcare
Senior Civil Engineer,30.0,156,1257,0.1241050119331742,Sales & Marketing
Planning Engineer,30.0,171,1213,0.1409727947238252,Hospitality
Satellite Engineer,30.0,151,1198,0.1260434056761268,Construction
Food Broker,30.0,157,1152,0.1362847222222222,Medical & Healthcare
Food And Beverage Manager,30.0,212,1442,0.1470180305131761,Leadership & Strategy
Executive Pastry Chef,30.0,105,731,0.1436388508891929,Administrative & Clerical
Director Of Food And Beverage,30.0,126,785,0.1605095541401273,Data & IT
Director Of Events,30.0,242,1342,0.180327868852459,Communication & PR
Cook,30.0,84,610,0.1377049180327869,Hospitality
Principal Electrical Engineer,30.0,161,1138,0.1414762741652021,Communication & PR
Structural Design Engineer,30.0,147,1208,0.1216887417218543,Supply Chain & Logistics
Physical Design Engineer,30.0,174,1152,0.1510416666666666,Sales & Marketing
Performance Test Engineer,30.0,215,1405,0.1530249110320284,Construction
Osp Engineer,30.0,156,842,0.1852731591448931,Law Enforcement
Metallurgical Engineer,30.0,154,823,0.1871202916160388,Supply Chain & Logistics
Mechanical Engineer,30.0,173,1196,0.1446488294314381,Medical & Healthcare
Transportation Coordinator,30.0,202,1350,0.1496296296296296,Sales & Marketing
Tax Assistant,30.0,163,1190,0.1369747899159664,Administrative & Clerical
Reconciliation Analyst,30.0,207,1710,0.1210526315789473,Data & IT
Private Equity Associate,30.0,151,1123,0.1344612644701691,Communication & PR
Payroll Clerk,30.0,186,1363,0.1364636830520909,Hospitality
Canvasser,30.0,177,1014,0.1745562130177514,Medical & Healthcare
Sourcing Manager,30.0,239,1848,0.1293290043290043,Hospitality
Bench Technician,30.0,107,966,0.1107660455486542,Law Enforcement
Auto Glass Technician,30.0,99,967,0.1023784901758014,Supply Chain & Logistics
Sleep Technician,30.0,82,546,0.1501831501831501,Medical & Healthcare
Radiation Therapist,30.0,75,454,0.1651982378854625,Leadership & Strategy
Prn,30.0,87,455,0.1912087912087912,Administrative & Clerical
Phlebotomy Supervisor,30.0,135,889,0.1518560179977502,Data & IT
Insurance Fraud Investigator,30.0,193,1661,0.1161950632149307,Administrative & Clerical
Audio Engineer,30.0,189,1368,0.1381578947368421,Construction
Research Coordinator,30.0,234,1892,0.1236786469344608,Medical & Healthcare
Domestic Violence Advocate,30.0,154,969,0.1589267285861713,Hospitality
Director Of Public Safety,30.0,137,822,0.1666666666666666,Sales & Marketing
Deputy Sheriff,30.0,104,675,0.154074074074074,Construction
Code Enforcement Officer,30.0,141,881,0.1600454029511918,Law Enforcement
City Clerk,30.0,137,865,0.1583815028901734,Supply Chain & Logistics
Supply Chain,30.0,233,1819,0.1280923584387026,Communication & PR
Senior Account Executive,30.0,255,2035,0.1253071253071253,Supply Chain & Logistics
Operations Supervisor,30.0,207,1373,0.1507647487254187,Sales & Marketing
Logistics Supervisor,30.0,273,1707,0.1599297012302284,Construction
Logistics Consultant,30.0,299,1746,0.1712485681557846,Law Enforcement
Logistician,30.0,291,1786,0.1629339305711086,Supply Chain & Logistics
Expeditor,30.0,155,940,0.1648936170212765,Medical & Healthcare
Social Work Assistant,30.0,173,1177,0.1469838572642311,Leadership & Strategy
Broadcast Engineer,30.0,186,1368,0.1359649122807017,Sales & Marketing
Financial Aid Advisor,30.0,194,1343,0.1444527177959791,Hospitality
Fire Inspector,30.0,136,1385,0.0981949458483754,Communication & PR
Building Maintenance,30.0,131,890,0.147191011235955,Communication & PR
Diet Technician,30.0,113,763,0.1480996068152031,Administrative & Clerical
Supply Chain Specialist,30.0,230,1828,0.1258205689277899,Data & IT
Stage Hand,30.0,76,879,0.08646188850967,Law Enforcement
Test Architect,30.0,159,1430,0.1111888111888111,Data & IT
Packaging Specialist,30.0,284,2147,0.1322775966464834,Sales & Marketing
Packaging Operator,30.0,237,1371,0.1728665207877461,Construction
Packaging Manager,30.0,260,2061,0.126152353226589,Law Enforcement
Packaging Machine Operator,30.0,233,1338,0.1741405082212257,Supply Chain & Logistics
Monitor,30.0,135,906,0.1490066225165563,Medical & Healthcare
Merchandise Planner,30.0,240,1896,0.1265822784810126,Leadership & Strategy
Quality Assurance Inspector,30.0,351,2445,0.1435582822085889,Medical & Healthcare
Orthodontic Assistant,30.0,89,412,0.2160194174757281,Hospitality
Qa Test Lead,30.0,328,2375,0.1381052631578947,Administrative & Clerical
Teller,30.0,154,1031,0.1493695441319107,Leadership & Strategy
Qa Inspector,30.0,340,2417,0.1406702523789822,Communication & PR
Qa Consultant,30.0,329,2365,0.1391120507399577,Hospitality
Inspector,30.0,140,1401,0.0999286224125624,Sales & Marketing
Technical Director,30.0,283,2227,0.1270767849124382,Construction
Test Technician,30.0,152,1273,0.1194029850746268,Administrative & Clerical
Carpenter,30.0,116,724,0.1602209944751381,Construction
Senior Quality Engineer,30.0,189,1573,0.1201525746980292,Communication & PR
Quality Technician,30.0,206,1619,0.1272390364422483,Hospitality
Quality Engineer,30.0,199,1597,0.1246086412022542,Sales & Marketing
Quality Control Technician,30.0,201,1612,0.1246898263027295,Construction
Quality Control Engineer,30.0,196,1427,0.1373510861948143,Law Enforcement
Quality Assurance Technician,30.0,352,2446,0.1439084219133279,Supply Chain & Logistics
Orthotist,30.0,87,476,0.1827731092436974,Communication & PR
Grants Administrator,30.0,231,1833,0.1260229132569558,Data & IT
Trust Accountant,30.0,193,1406,0.1372688477951635,Medical & Healthcare
Qa Lead,30.0,328,2375,0.1381052631578947,Data & IT
Support Specialist,30.0,345,2380,0.1449579831932773,Communication & PR
Service Desk Technician,30.0,348,2446,0.14227309893704,Hospitality
Sap Consultant,30.0,264,1994,0.1323971915747241,Sales & Marketing
Programming,30.0,222,1383,0.1605206073752711,Construction
Pc Specialist,30.0,254,1603,0.1584529008109794,Law Enforcement
Network Technician,30.0,257,1648,0.1559466019417475,Supply Chain & Logistics
Youth Counselor,30.0,160,1349,0.1186063750926612,Communication & PR
Environmental Technician,30.0,151,951,0.1587802313354364,Supply Chain & Logistics
Transplant Coordinator,30.0,202,1438,0.1404728789986092,Administrative & Clerical
Surgical Coordinator,30.0,120,774,0.1550387596899224,Data & IT
Patient Representative,30.0,165,1153,0.1431049436253252,Communication & PR
Medical Clerk,30.0,171,1072,0.1595149253731343,Hospitality
Clinic Assistant,30.0,131,816,0.1605392156862745,Sales & Marketing
Admitting Clerk,30.0,198,1209,0.1637717121588089,Construction
Phlebotomist,30.0,104,592,0.1756756756756756,Administrative & Clerical
Research Administrator,30.0,207,1765,0.1172804532577903,Leadership & Strategy
Arborist,30.0,92,633,0.1453396524486571,Law Enforcement
Property Management Assistant,30.0,182,1359,0.1339220014716703,Supply Chain & Logistics
Foreclosure Specialist,30.0,184,1263,0.1456848772763262,Medical & Healthcare
Broker,30.0,198,1271,0.1557828481510621,Leadership & Strategy
Assistant Property Manager,30.0,218,1323,0.164777021919879,Administrative & Clerical
Asset Manager,30.0,224,1354,0.1654357459379616,Data & IT
Epidemiologist,30.0,123,784,0.1568877551020408,Law Enforcement
Accounting Specialist,30.0,224,1338,0.1674140508221225,Data & IT
Entomologist,30.0,97,677,0.1432791728212703,Medical & Healthcare
Dna Analyst,30.0,126,833,0.1512605042016806,Leadership & Strategy
Clinical Laboratory Technologist,30.0,121,784,0.1543367346938775,Administrative & Clerical
Clinical Laboratory Technician,30.0,121,784,0.1543367346938775,Data & IT
Clinical Laboratory Scientist,30.0,126,813,0.1549815498154981,Communication & PR
Chemist,30.0,136,884,0.1538461538461538,Hospitality
Cartographer,30.0,148,1221,0.1212121212121212,Sales & Marketing
Microbiology,30.0,137,1032,0.1327519379844961,Data & IT
Lab Analyst,30.0,156,1484,0.105121293800539,Communication & PR
Histotechnician,30.0,111,1116,0.0994623655913978,Hospitality
Geoscientist,30.0,127,1382,0.0918958031837916,Sales & Marketing
Formulation Chemist,30.0,154,1440,0.1069444444444444,Construction
Accounts Payable Assistant,30.0,219,1351,0.1621021465581051,Administrative & Clerical
Mortgage Broker,30.0,165,1225,0.1346938775510204,Construction
Public Relations Specialist,30.0,351,2093,0.1677018633540372,Medical & Healthcare
Public Relations Assistant,30.0,340,1948,0.1745379876796714,Leadership & Strategy
Production Associate,30.0,246,1605,0.1532710280373831,Administrative & Clerical
Media Strategist,30.0,291,1865,0.1560321715817694,Data & IT
Event Manager,30.0,322,2297,0.1401828471919895,Communication & PR
Development Coordinator,30.0,252,1628,0.1547911547911548,Hospitality
Financial Officer,30.0,216,1427,0.1513665031534688,Communication & PR
Assistant Librarian,30.0,171,1005,0.1701492537313433,Construction
Commercial Lender,30.0,141,874,0.1613272311212814,Sales & Marketing
Billing Assistant,30.0,215,1335,0.1610486891385767,Construction
Bankruptcy Specialist,30.0,216,1351,0.159881569207994,Law Enforcement
Audit Director,30.0,222,1371,0.161925601750547,Supply Chain & Logistics
Assistant Bookkeeper,30.0,215,1344,0.159970238095238,Medical & Healthcare
Accounts Payable Clerk,30.0,219,1351,0.1621021465581051,Leadership & Strategy
Mortgage Loan Officer,30.0,166,1226,0.1353996737357259,Sales & Marketing
Campaign Manager,30.0,248,1479,0.1676808654496281,Leadership & Strategy
Loan Officer,30.0,225,1522,0.1478318002628121,Law Enforcement
Loan Assistant,30.0,192,1290,0.1488372093023255,Supply Chain & Logistics
Investment Banking Associate,30.0,186,1320,0.1409090909090909,Medical & Healthcare
Investment Associate,30.0,185,1298,0.1425269645608628,Leadership & Strategy
Investment Accountant,30.0,188,1353,0.138950480413895,Administrative & Clerical
Hedge Fund Accountant,30.0,181,1334,0.1356821589205397,Data & IT
Vault Teller,30.0,139,1201,0.115736885928393,Law Enforcement
Underwriting Manager,30.0,252,1618,0.1557478368355995,Supply Chain & Logistics
Senior Merchandiser,29.0,616,1598,0.3854818523153942,Administrative & Clerical
Sales Trainer,29.0,682,1686,0.4045077105575326,Data & IT
Sales Operations Manager,29.0,702,1800,0.39,Communication & PR
National Sales Manager,29.0,703,1989,0.3534439416792358,Hospitality
Build Engineer,28.0,189,1523,0.124097176625082,Leadership & Strategy
Assistant Manager,28.0,246,1611,0.1527001862197393,Supply Chain & Logistics
Bridge Engineer,28.0,183,1517,0.1206328279499011,Administrative & Clerical
Automotive Engineer,28.0,193,1544,0.125,Data & IT
Aerospace Technician,28.0,142,1173,0.1210571184995737,Communication & PR
Pest Control Technician,28.0,214,816,0.2622549019607843,Hospitality
Technical Sales Engineer,28.0,736,2103,0.3499762244412743,Leadership & Strategy
Coordinator,28.0,265,1694,0.1564344746162927,Construction
Cannabis,28.0,157,1234,0.1272285251215559,Law Enforcement
Field Engineer,28.0,257,1801,0.1426985008328706,Data & IT
Hydraulic Engineer,28.0,219,1700,0.1288235294117647,Administrative & Clerical
Facility Engineer,28.0,254,1788,0.1420581655480984,Communication & PR
Chemical Process Engineer,28.0,191,1637,0.1166768478924862,Medical & Healthcare
Consulting Engineer,28.0,208,1679,0.1238832638475282,Supply Chain & Logistics
Deployment Engineer,28.0,203,1683,0.1206179441473559,Law Enforcement
Drilling Engineer,28.0,180,1458,0.1234567901234567,Construction
Facilities Engineer,28.0,253,1778,0.1422947131608549,Hospitality
Hvac Installer,28.0,206,1696,0.1214622641509434,Sales & Marketing
Entry Level Electrical Engineer,28.0,186,1491,0.124748490945674,Sales & Marketing
Flight Nurse,28.0,177,1511,0.1171409662475182,Medical & Healthcare
Industrial Engineer,27.0,246,1722,0.1428571428571428,Leadership & Strategy
Infrastructure Engineer,27.0,242,1744,0.1387614678899082,Medical & Healthcare
Parking Attendant,26.0,191,694,0.2752161383285302,Supply Chain & Logistics
Parking Lot Attendant,26.0,189,700,0.27,Law Enforcement
Restaurant Worker,26.0,356,1071,0.3323996265172735,Construction
Commercial Manager,25.0,264,1735,0.1521613832853026,Construction
Senior Analyst,25.0,809,2272,0.3560739436619718,Law Enforcement
Server Administrator,25.0,884,2331,0.3792363792363792,Construction
3D Designer,25.0,272,1956,0.1390593047034765,Sales & Marketing
Junior Designer,25.0,390,2388,0.1633165829145728,Hospitality
Retail Merchandiser,25.0,604,1578,0.3827629911280101,Sales & Marketing
Retail Consultant,25.0,655,1808,0.3622787610619469,Construction
Merchandiser,25.0,658,1759,0.374076179647527,Law Enforcement
Grocery Stocker,25.0,147,1023,0.1436950146627566,Supply Chain & Logistics
Bench Jeweler,25.0,95,766,0.1240208877284595,Medical & Healthcare
Mover,25.0,165,625,0.264,Supply Chain & Logistics
Benefits Specialist,25.0,217,1444,0.1502770083102493,Data & IT
Assistant Facility Manager,25.0,231,1547,0.1493212669683258,Sales & Marketing
Driver Recruiter,25.0,175,1148,0.1524390243902439,Administrative & Clerical
Marketing Engineer,25.0,590,3260,0.1809815950920245,Supply Chain & Logistics
Call Center Agent,25.0,296,1897,0.1560358460727464,Communication & PR
Call Center Operator,25.0,296,1897,0.1560358460727464,Data & IT
Collections Agent,25.0,265,1744,0.1519495412844036,Administrative & Clerical
Customer Support Manager,25.0,281,1747,0.160847166571265,Leadership & Strategy
Senior Designer,25.0,907,2523,0.3594926674593737,Communication & PR
Catering Chef,25.0,137,1079,0.1269694161260426,Administrative & Clerical
Casino Host,25.0,183,1397,0.1309949892627058,Data & IT
Casino,25.0,145,1133,0.1279788172992056,Communication & PR
Beverage Manager,25.0,166,1278,0.1298904538341158,Hospitality
Banquet Chef,25.0,131,1071,0.1223155929038282,Sales & Marketing
Transportation Inspector,25.0,257,921,0.2790445168295331,Construction
Parts Runner,25.0,205,681,0.3010279001468429,Law Enforcement
Food Worker,25.0,109,864,0.1261574074074074,Data & IT
Loader,25.0,108,908,0.118942731277533,Medical & Healthcare
Freight Coordinator,25.0,246,1828,0.1345733041575492,Leadership & Strategy
Freight Associate,25.0,214,1722,0.1242740998838559,Administrative & Clerical
Service Consultant,25.0,601,1719,0.3496218731820826,Hospitality
Food Service Worker,25.0,154,1144,0.1346153846153846,Communication & PR
Crew Chief,25.0,109,879,0.124004550625711,Supply Chain & Logistics
Dining Room Manager,25.0,175,1342,0.1304023845007451,Law Enforcement
Executive Housekeeper,25.0,201,1261,0.1593973037272006,Construction
Food Prep,25.0,129,1314,0.0981735159817351,Sales & Marketing
Team Coordinator,25.0,598,1775,0.3369014084507042,Data & IT
Study Coordinator,25.0,588,1705,0.3448680351906158,Communication & PR
Senior Administrative Assistant,25.0,546,1705,0.3202346041055718,Hospitality
Retention Specialist,25.0,551,1584,0.3478535353535353,Sales & Marketing
Chef De Cuisine,25.0,132,1016,0.1299212598425196,Leadership & Strategy
Retail Sales Associate,25.0,561,1422,0.3945147679324894,Communication & PR
Retail Sales,25.0,572,1448,0.3950276243093922,Hospitality
Food Service Supervisor,25.0,195,1337,0.1458489154824233,Hospitality
Chef De Partie,25.0,134,1050,0.1276190476190476,Medical & Healthcare
Kitchen Staff,25.0,96,792,0.1212121212121212,Medical & Healthcare
Kitchen Assistant,25.0,95,1082,0.0878003696857671,Leadership & Strategy
Houseperson,25.0,92,844,0.1090047393364928,Administrative & Clerical
Marine Engineer,25.0,220,1668,0.13189448441247,Leadership & Strategy
Sound Engineer,25.0,798,2599,0.3070411696806464,Law Enforcement
Sound Designer,25.0,814,2667,0.3052118485189351,Supply Chain & Logistics
Real Estate Photographer,25.0,567,2010,0.282089552238806,Medical & Healthcare
Production Artist,25.0,748,2900,0.2579310344827586,Leadership & Strategy
Photography Assistant,25.0,600,2154,0.2785515320334262,Administrative & Clerical
Multimedia Designer,25.0,784,2900,0.2703448275862068,Data & IT
Multimedia Artist,25.0,754,2769,0.272300469483568,Communication & PR
Discharge Planner,25.0,239,1530,0.1562091503267973,Supply Chain & Logistics
Shift Engineer,25.0,339,1086,0.3121546961325966,Leadership & Strategy
Conservator,25.0,115,1029,0.1117589893100097,Construction
Superintendent,25.0,333,1035,0.3217391304347826,Law Enforcement
Special Education Coordinator,25.0,429,1280,0.33515625,Supply Chain & Logistics
Sign Language Interpreter,25.0,288,895,0.3217877094972067,Medical & Healthcare
Para Educator,25.0,442,1289,0.3429014740108611,Leadership & Strategy
Online Tutor,25.0,586,1757,0.3335230506545247,Administrative & Clerical
Studio Engineer,25.0,789,2589,0.3047508690614137,Construction
Library Director,25.0,281,1861,0.1509940891993552,Communication & PR
Instructional Coordinator,25.0,301,2036,0.1478388998035363,Hospitality
Graduate Assistant,25.0,264,1907,0.1384373361300472,Sales & Marketing
Educational Assistant,25.0,232,1561,0.1486226777706598,Construction
Economics Teacher,25.0,219,1597,0.1371321227301189,Law Enforcement
Driving Instructor,25.0,126,881,0.1430192962542565,Supply Chain & Logistics
Director Of Photography,25.0,192,1595,0.1203761755485893,Sales & Marketing
Area Supervisor,25.0,217,1508,0.1438992042440318,Construction
Account Representative,25.0,211,1581,0.133459835547122,Law Enforcement
Welding Supervisor,25.0,234,821,0.2850182704019488,Supply Chain & Logistics
Video Engineer,25.0,711,2095,0.3393794749403341,Medical & Healthcare
Customer Support Representative,25.0,313,1911,0.1637885923600209,Medical & Healthcare
Senior Structural Engineer,25.0,476,1400,0.34,Administrative & Clerical
Recovery Specialist,25.0,569,1670,0.3407185628742515,Construction
Senior Process Engineer,25.0,482,1417,0.3401552575864502,Communication & PR
Reliability Engineer,25.0,460,1373,0.3350327749453751,Hospitality
Product Development Engineer,25.0,497,1399,0.355253752680486,Sales & Marketing
Performance Engineer,25.0,479,1384,0.3460982658959537,Construction
Packaging Engineer,25.0,518,1750,0.296,Law Enforcement
Kitchen Steward,25.0,92,725,0.1268965517241379,Supply Chain & Logistics
Materials Engineer,25.0,445,1345,0.3308550185873606,Medical & Healthcare
Business Support,25.0,269,1795,0.1498607242339832,Hospitality
Lead Pharmacy Technician,25.0,194,1534,0.1264667535853976,Administrative & Clerical
Lead Medical Assistant,25.0,196,1543,0.1270252754374595,Data & IT
Intervention Specialist,25.0,248,1844,0.1344902386117136,Communication & PR
Hygienist,25.0,178,1172,0.151877133105802,Hospitality
Hospital Technician,25.0,206,1577,0.1306277742549144,Sales & Marketing
Health Technician,25.0,230,1743,0.1319563970166379,Construction
Environmental Health Specialist,25.0,256,1832,0.1397379912663755,Law Enforcement
Senior Project Engineer,25.0,483,1415,0.3413427561837456,Data & IT
Organizational Development Consultant,25.0,741,2138,0.3465855940130963,Sales & Marketing
Environmental Consultant,25.0,229,1840,0.1244565217391304,Construction
Warehouse Technician,25.0,390,1182,0.3299492385786802,Law Enforcement
Mechanical Project Engineer,25.0,463,1361,0.340191036002939,Supply Chain & Logistics
Procurement Administrator,25.0,577,1652,0.349273607748184,Medical & Healthcare
Loan Originator,25.0,292,1940,0.1505154639175257,Leadership & Strategy
Junior Accountant,25.0,282,1921,0.1467985424258198,Administrative & Clerical
Investment Banker,25.0,277,1869,0.1482075976457998,Data & IT
Fund Manager,25.0,285,1874,0.1520811099252935,Communication & PR
Legal Administrator,25.0,285,1844,0.1545553145336225,Data & IT
Commercial Banker,25.0,209,1447,0.1444367657221838,Sales & Marketing
Safety Officer,25.0,463,1279,0.3620015637216575,Medical & Healthcare
Hospital Security Officer,25.0,171,1185,0.1443037974683544,Leadership & Strategy
Fire Marshal,25.0,200,1658,0.120627261761158,Administrative & Clerical
Combat Engineer,25.0,72,569,0.1265377855887522,Data & IT
Print Production Manager,25.0,701,2336,0.3000856164383562,Sales & Marketing
Youth Coordinator,25.0,237,1485,0.1595959595959596,Hospitality
Youth Advocate,25.0,434,1230,0.3528455284552845,Sales & Marketing
Human Resources Manager,25.0,297,1994,0.1489468405215647,Supply Chain & Logistics
Corporate Recruiter,25.0,222,1472,0.1508152173913043,Communication & PR
Assistant Controller,25.0,225,1504,0.1496010638297872,Supply Chain & Logistics
Information Officer,25.0,208,1454,0.1430536451169188,Sales & Marketing
Social Work Case Manager,25.0,199,1530,0.1300653594771242,Construction
Hospital Director,25.0,164,1291,0.1270333075135553,Law Enforcement
Health Unit Coordinator,25.0,197,1531,0.1286740692357936,Supply Chain & Logistics
Director Of Radiology,25.0,152,1122,0.1354723707664884,Medical & Healthcare
Employee Relations Manager,25.0,212,1356,0.1563421828908554,Hospitality
Kitchen Designer,25.0,219,1889,0.115934356802541,Administrative & Clerical
Youth Specialist,25.0,229,1458,0.1570644718792866,Communication & PR
Sports,25.0,575,1415,0.4063604240282685,Supply Chain & Logistics
Recreation Specialist,25.0,607,1585,0.3829652996845425,Medical & Healthcare
Victim Advocate,25.0,462,1328,0.3478915662650602,Leadership & Strategy
Peer Support Specialist,25.0,524,1571,0.3335455124124761,Administrative & Clerical
Family Advocate,25.0,295,2066,0.1427879961277831,Data & IT
Community Liaison,25.0,246,1602,0.1535580524344569,Communication & PR
Senior Planner,25.0,604,1618,0.3733003708281829,Supply Chain & Logistics
Veterinary Assistant,25.0,285,898,0.3173719376391982,Sales & Marketing
Animal Control Officer,25.0,161,1239,0.1299435028248587,Construction
Trial Attorney,25.0,377,1152,0.3272569444444444,Law Enforcement
Personal Injury Attorney,25.0,423,1288,0.328416149068323,Supply Chain & Logistics
Senior Credit Analyst,25.0,571,1601,0.3566520924422236,Supply Chain & Logistics
Legal Editor,25.0,347,2167,0.1601292108906322,Leadership & Strategy
Legal Clerk,25.0,275,1582,0.1738305941845765,Administrative & Clerical
Apartment Property Manager,25.0,233,1537,0.1515940143135979,Construction
Digital Court Reporter,25.0,200,1330,0.150375939849624,Communication & PR
Workforce Manager,25.0,617,1757,0.3511667615253273,Hospitality
Payroll Manager,25.0,688,2069,0.3325277912034799,Sales & Marketing
Medical Recruiter,25.0,800,2214,0.3613369467028003,Construction
Human Resources Generalist,25.0,371,2244,0.1653297682709447,Law Enforcement
Human Resources Executive,25.0,355,2093,0.1696129956999522,Supply Chain & Logistics
Human Resources Business Partner,25.0,366,2234,0.1638316920322292,Medical & Healthcare
Community Health Worker,25.0,227,1556,0.1458868894601542,Hospitality
Business Banker,25.0,209,1452,0.1439393939393939,Construction
Legal Officer,25.0,295,1961,0.1504334523202447,Medical & Healthcare
Leasing Specialist,25.0,285,1943,0.1466803911477097,Administrative & Clerical
Leasing Consultant,25.0,280,1933,0.1448525607863424,Data & IT
Leasing Agent,25.0,281,1933,0.1453698913605794,Communication & PR
Housing Counselor,25.0,255,1802,0.1415094339622641,Hospitality
Commercial Property Manager,25.0,224,1516,0.1477572559366754,Sales & Marketing
Elevator Mechanic,25.0,58,490,0.1183673469387755,Hospitality
Project Assistant,25.0,817,2252,0.3627886323268206,Administrative & Clerical
Product Coordinator,25.0,749,2026,0.3696939782823297,Data & IT
Wedding Planner,25.0,787,2506,0.3140462889066241,Communication & PR
Social Media Director,25.0,1009,3039,0.3320171108917407,Hospitality
Custodial Supervisor,25.0,171,1327,0.1288620949510173,Medical & Healthcare
Research Manager,25.0,994,2806,0.3542409123307198,Medical & Healthcare
Media Director,25.0,770,2159,0.3566465956461325,Law Enforcement
Retail Sales Manager,25.0,649,1685,0.3851632047477745,Data & IT
Marketing Communications Specialist,25.0,586,3251,0.1802522300830513,Medical & Healthcare
Marketing Communications Manager,25.0,578,3227,0.1791137279206693,Leadership & Strategy
Marketing Communications,25.0,581,3233,0.1797092483761212,Administrative & Clerical
Marketing Associate,25.0,586,3251,0.1802522300830513,Data & IT
Lead Generator,25.0,479,2883,0.1661463753035033,Communication & PR
Digital Producer,25.0,373,2471,0.150951031970862,Hospitality
Community Manager,25.0,335,1928,0.1737551867219917,Sales & Marketing
Bakery Clerk,25.0,138,1207,0.1143330571665285,Leadership & Strategy
Advertising Sales,25.0,240,1570,0.1528662420382165,Law Enforcement
Solutions Engineer,25.0,904,2370,0.3814345991561181,Supply Chain & Logistics
Media Planner,25.0,813,2673,0.3041526374859708,Construction
Microstrategy Developer,25.0,533,1457,0.3658201784488675,Leadership & Strategy
Erp Consultant,25.0,270,1842,0.1465798045602606,Administrative & Clerical
Business Process Analyst,25.0,261,2008,0.1299800796812749,Data & IT
Business Intelligence Manager,25.0,235,1554,0.1512226512226512,Communication & PR
Web Architect,25.0,1067,2752,0.3877180232558139,Hospitality
Software Developer,25.0,946,2429,0.3894606834088102,Sales & Marketing
Hr Generalist,25.0,368,2189,0.1681132937414344,Leadership & Strategy
Senior Software Developer,25.0,952,2436,0.3908045977011494,Law Enforcement
Python Developer,25.0,541,1469,0.3682777399591559,Supply Chain & Logistics
Lead Software Engineer,25.0,287,1861,0.1542181622783449,Medical & Healthcare
Lead Engineer,25.0,291,1884,0.1544585987261146,Leadership & Strategy
Regional Property Manager,25.0,627,1724,0.3636890951276102,Leadership & Strategy
Pipe Fitter,25.0,232,879,0.2639362912400455,Data & IT
Home Builder,25.0,199,1646,0.1208991494532199,Communication & PR
Researcher,25.0,1028,2939,0.3497788363388908,Supply Chain & Logistics
Construction Consultant,25.0,206,1450,0.1420689655172413,Sales & Marketing
Boilermaker,25.0,59,495,0.1191919191919192,Construction
Visual Merchandising Manager,25.0,760,2277,0.3337725076855511,Law Enforcement
Stocker,25.0,285,1041,0.2737752161383285,Supply Chain & Logistics
Sales Merchandiser,25.0,591,1562,0.3783610755441741,Medical & Healthcare
Retail Specialist,25.0,586,1618,0.3621755253399258,Leadership & Strategy
Retail Salesperson,25.0,558,1409,0.3960255500354862,Administrative & Clerical
Senior Software Engineer,25.0,950,2434,0.390304026294166,Construction
Security Guard,25.0,245,869,0.2819332566168009,Medical & Healthcare
Insurance Verification Specialist,25.0,292,2021,0.144482929242949,Administrative & Clerical
Utility Worker,25.0,235,840,0.2797619047619047,Administrative & Clerical
Instructional Technology Specialist,25.0,288,1982,0.1453077699293642,Leadership & Strategy
Recreation Leader,25.0,600,1484,0.4043126684636118,Law Enforcement
Provider,25.0,386,1100,0.3509090909090909,Supply Chain & Logistics
Personal Care Assistant,25.0,382,1125,0.3395555555555555,Medical & Healthcare
Midwife,25.0,327,1006,0.3250497017892644,Leadership & Strategy
Home Care Aide,25.0,154,1106,0.1392405063291139,Administrative & Clerical
Hairstylist,25.0,127,992,0.1280241935483871,Data & IT
Wine Consultant,25.0,323,1073,0.3010251630941286,Communication & PR
Security Agent,25.0,294,937,0.3137673425827108,Supply Chain & Logistics
Sous Chef,25.0,293,966,0.3033126293995859,Sales & Marketing
Shopper,25.0,366,1162,0.3149741824440619,Construction
Counter Manager,25.0,170,1337,0.1271503365744203,Communication & PR
Auto Body Painter,25.0,94,883,0.1064552661381653,Law Enforcement
Audio Visual Technician,25.0,172,1241,0.1385979049153908,Supply Chain & Logistics
Aircraft Inspector,25.0,103,999,0.1031031031031031,Medical & Healthcare
Vaccinator,25.0,163,543,0.3001841620626151,Leadership & Strategy
Radiology,25.0,366,1444,0.2534626038781163,Administrative & Clerical
Physical Therapist Assistant,25.0,266,977,0.2722620266120777,Data & IT
Pharmacy Assistant,25.0,324,1008,0.3214285714285714,Communication & PR
Banking Analyst,25.0,218,1530,0.1424836601307189,Law Enforcement
Field Manager,25.0,220,1459,0.1507882111034955,Communication & PR
Field Sales Manager,25.0,222,1454,0.1526822558459422,Data & IT
Food Service Manager,25.0,222,1505,0.1475083056478405,Administrative & Clerical
Franchise Manager,25.0,229,1480,0.1547297297297297,Leadership & Strategy
Team Member,25.0,407,1132,0.3595406360424028,Hospitality
Nuclear Medicine Technologist,25.0,321,1071,0.299719887955182,Supply Chain & Logistics
Mri Technologist,25.0,330,1065,0.3098591549295774,Medical & Healthcare
Mri Technician,25.0,329,1062,0.3097928436911488,Leadership & Strategy
Substance Abuse Counselor,25.0,374,1046,0.3575525812619503,Administrative & Clerical
Automotive Service Manager,25.0,133,1044,0.1273946360153256,Construction
Peer Counselor,25.0,529,1380,0.3833333333333333,Communication & PR
Health Psychologist,25.0,211,1626,0.1297662976629766,Hospitality
Family Therapist,25.0,221,1724,0.1281902552204176,Sales & Marketing
Technical Trainer,25.0,867,2423,0.3578208832026413,Construction
Technical Analyst,25.0,836,2289,0.3652249890782001,Law Enforcement
Support Analyst,25.0,805,2322,0.3466838931955211,Supply Chain & Logistics
Noc Technician,25.0,460,1277,0.360219263899765,Medical & Healthcare
Welding Inspector,25.0,232,807,0.2874845105328377,Leadership & Strategy
Gis Manager,25.0,264,1844,0.1431670281995661,Administrative & Clerical
Exchange Administrator,25.0,260,1835,0.1416893732970027,Data & IT
Enterprise Architect,25.0,242,1885,0.1283819628647214,Communication & PR
Desktop Support Analyst,25.0,247,1585,0.1558359621451104,Hospitality
Desktop Engineer,25.0,214,1711,0.1250730566919929,Sales & Marketing
Change Manager,25.0,241,1573,0.1532104259376986,Construction
Traffic Coordinator,25.0,610,1701,0.3586125808348031,Law Enforcement
Residence Counselor,25.0,505,1348,0.3746290801186943,Data & IT
Manufacturing Operations Manager,25.0,258,1853,0.1392336751214247,Sales & Marketing
Factory Worker,25.0,182,1461,0.1245722108145106,Construction
Electrical Inspector,25.0,176,1325,0.1328301886792453,Law Enforcement
Director Of Manufacturing,25.0,226,1754,0.1288483466362599,Supply Chain & Logistics
Cargo Handler,25.0,119,828,0.143719806763285,Medical & Healthcare
Perfusionist,25.0,293,981,0.2986748216106014,Hospitality
Acquisition Specialist,25.0,202,1427,0.1415557112824106,Leadership & Strategy
Press Secretary,25.0,241,1950,0.1235897435897435,Administrative & Clerical
Policy Analyst,25.0,240,2019,0.1188707280832095,Data & IT
Operations Manager,25.0,232,1461,0.1587953456536618,Communication & PR
National Account Manager,25.0,194,1208,0.1605960264900662,Hospitality
Learning And Development Manager,25.0,312,2046,0.1524926686217008,Sales & Marketing
Key Account Manager,25.0,310,2020,0.1534653465346534,Law Enforcement
Labor Relations Manager,25.0,237,1714,0.1382730455075846,Construction
Interaction Designer,25.0,271,2044,0.1325831702544031,Hospitality
Apartment Leasing Agent,25.0,240,1595,0.1504702194357366,Law Enforcement
Economic Analyst,25.0,206,1401,0.1470378301213419,Sales & Marketing
Treasurer,25.0,417,1271,0.3280881195908733,Law Enforcement
General Manager,25.0,231,1484,0.1556603773584905,Medical & Healthcare
Budtender,25.0,122,980,0.1244897959183673,Communication & PR
Dermatology Nurse Practitioner,25.0,137,1167,0.117395029991431,Hospitality
Business Director,25.0,186,1358,0.1369661266568483,Sales & Marketing
Chief Development Officer,25.0,180,1347,0.133630289532294,Construction
DBA,25.0,172,1322,0.1301059001512859,Law Enforcement
Assistant Front Office Manager,25.0,213,1552,0.1372422680412371,Data & IT
Transportation Supervisor,25.0,179,1419,0.1261451726568005,Medical & Healthcare
Center Manager,25.0,209,1542,0.1355382619974059,Leadership & Strategy
Stock Clerk,25.0,151,1036,0.1457528957528957,Administrative & Clerical
Product Design Engineer,25.0,260,1939,0.1340897369778236,Data & IT
Pattern Maker,25.0,194,1674,0.1158900836320191,Communication & PR
Clinical Liaison,25.0,221,1520,0.1453947368421052,Hospitality
Cancer Registrar,25.0,179,1323,0.1352985638699924,Sales & Marketing
Manufacturing Manager,25.0,194,1364,0.1422287390029325,Data & IT
Accounts Payable Coordinator,25.0,225,1585,0.1419558359621451,Administrative & Clerical
Trust Officer,25.0,426,1258,0.3386327503974563,Construction
Accounting Administrator,25.0,219,1577,0.1388712745719721,Communication & PR
Seismologist,25.0,268,988,0.2712550607287449,Hospitality
Scientist,25.0,315,1068,0.2949438202247191,Sales & Marketing
Renewable Energy,25.0,348,1115,0.3121076233183856,Construction
Microbiology Technician,25.0,378,1223,0.3090760425183974,Law Enforcement
Meteorologist,25.0,320,1074,0.297951582867784,Supply Chain & Logistics
Library Clerk,25.0,245,1394,0.1757532281205165,Medical & Healthcare
Economist,25.0,214,1450,0.1475862068965517,Hospitality
Industrial Hygienist,25.0,241,1794,0.1343366778149387,Administrative & Clerical
Health Physicist,25.0,233,1701,0.1369782480893592,Data & IT
Aml Analyst,25.0,205,1409,0.1454932576295244,Medical & Healthcare
Clinical Technician,25.0,154,1236,0.1245954692556634,Hospitality
Certified Phlebotomy Technician,25.0,136,889,0.1529808773903262,Sales & Marketing
Transaction Coordinator,25.0,652,1836,0.355119825708061,Construction
Title Officer,25.0,532,1467,0.3626448534423994,Law Enforcement
Accounting Director,25.0,194,1417,0.136908962597036,Data & IT
Warehouse Assistant,25.0,167,1187,0.1406908171861836,Supply Chain & Logistics
District Manager,25.0,198,1529,0.1294964028776978,Construction
Warehouse Coordinator,25.0,177,1198,0.1477462437395659,Law Enforcement
Screen Printer,25.0,197,1708,0.1153395784543325,Supply Chain & Logistics
Transportation Planner,25.0,188,1413,0.1330502476999292,Medical & Healthcare
Operations Team Leader,25.0,193,1460,0.1321917808219178,Leadership & Strategy
Facilities Director,25.0,171,1283,0.1332813717848792,Administrative & Clerical
Laboratory Manager,25.0,277,1897,0.1460200316288877,Leadership & Strategy
Environmental Planner,25.0,268,1848,0.145021645021645,Communication & PR
Media Relations Manager,25.0,831,2391,0.3475533249686324,Law Enforcement
Media Producer,25.0,793,2650,0.2992452830188679,Supply Chain & Logistics
Media Consultant,25.0,843,2278,0.3700614574187884,Medical & Healthcare
Line Producer,25.0,334,2201,0.1517492049068605,Leadership & Strategy
Executive Creative Director,25.0,368,2299,0.160069595476294,Administrative & Clerical
Qa Manager,25.0,779,2477,0.3144933387161889,Construction
Dietitian,25.0,174,1299,0.1339491916859122,Medical & Healthcare
Dialysis Rn,25.0,155,1177,0.1316907391673746,Leadership & Strategy
Dental Hygienist,25.0,134,996,0.1345381526104417,Administrative & Clerical
Dental Assistant,25.0,133,999,0.1331331331331331,Data & IT
Clinical Dietitian,25.0,183,1330,0.137593984962406,Communication & PR
Central Service Technician,25.0,149,1171,0.1272416737830913,Hospitality
Operating Room Assistant,25.0,306,1037,0.2950819672131147,Law Enforcement
Public Relations Director,25.0,807,2317,0.3482952093223996,Hospitality
Fitness Manager,25.0,255,1855,0.137466307277628,Administrative & Clerical
Fitness Director,25.0,253,1854,0.1364617044228694,Data & IT
Fitness Consultant,25.0,257,1864,0.1378755364806867,Communication & PR
Supply Manager,25.0,643,1800,0.3572222222222222,Hospitality
Supply Chain Consultant,25.0,714,1970,0.3624365482233502,Sales & Marketing
Shipping Manager,25.0,642,1722,0.3728222996515679,Construction
Receiving Manager,25.0,579,1629,0.3554327808471454,Law Enforcement
Development Assistant,25.0,238,1584,0.1502525252525252,Data & IT
Director Of Logistics,25.0,245,1644,0.1490267639902676,Medical & Healthcare
Social Services Specialist,25.0,615,1771,0.3472614342179559,Leadership & Strategy
Public Information Officer,25.0,795,2071,0.3838725253500724,Administrative & Clerical
Campaign Coordinator,25.0,274,1710,0.1602339181286549,Data & IT
Video Production,25.0,902,2865,0.3148342059336824,Sales & Marketing
Event Designer,25.0,386,2432,0.1587171052631578,Hospitality
Program Specialist,25.0,737,1916,0.3846555323590814,Law Enforcement
Program Officer,25.0,722,1874,0.3852721451440768,Supply Chain & Logistics
Office Support,25.0,615,1612,0.3815136476426799,Medical & Healthcare
Master Scheduler,25.0,491,1471,0.3337865397688647,Leadership & Strategy
Facilities Management,25.0,261,1856,0.140625,Administrative & Clerical
Facilitator,25.0,287,2002,0.1433566433566433,Data & IT
Chief Nursing Officer,25.0,174,1334,0.1304347826086956,Leadership & Strategy
Online Teacher,25.0,604,1794,0.3366778149386845,Data & IT
Quality Control Inspector,25.0,625,2141,0.2919196637085474,Medical & Healthcare
Quality Control Analyst,25.0,728,2499,0.2913165266106443,Leadership & Strategy
Quality Assurance Specialist,25.0,772,2533,0.3047769443347809,Administrative & Clerical
Medical Editor,25.0,838,2421,0.3461379595208591,Construction
Quality Analyst,25.0,760,2449,0.3103307472437729,Communication & PR
Qa Supervisor,25.0,740,2437,0.3036520311858843,Hospitality
Qa Specialist,25.0,786,2543,0.3090837593393629,Sales & Marketing
Computer Science Teacher,25.0,208,1526,0.1363040629095675,Leadership & Strategy
Qa Director,25.0,755,2434,0.310188989317995,Law Enforcement
Director Of Quality,25.0,223,1650,0.1351515151515151,Supply Chain & Logistics
Writing Assistant,25.0,820,2801,0.2927525883612995,Medical & Healthcare
Video Producer,25.0,945,2922,0.3234086242299794,Leadership & Strategy
Television Producer,25.0,910,2709,0.3359173126614987,Administrative & Clerical
Segment Producer,25.0,906,2715,0.3337016574585635,Data & IT
Publisher,25.0,808,2321,0.3481258078414476,Communication & PR
Quality Control Specialist,25.0,708,2467,0.2869882448317795,Supply Chain & Logistics
Medical Writer,25.0,833,2432,0.3425164473684211,Sales & Marketing
Quality Assurance Analyst,25.0,783,2547,0.3074204946996466,Data & IT
Paint Mixer,25.0,254,1269,0.2001576044129235,Administrative & Clerical
Maintenance Technician,25.0,198,1563,0.1266794625719769,Data & IT
Maintenance Specialist,25.0,198,1563,0.1266794625719769,Communication & PR
Machine Builder,25.0,188,1529,0.1229561805101373,Hospitality
Lube Technician,25.0,159,1348,0.1179525222551928,Sales & Marketing
Lab Technician,25.0,233,1706,0.1365767878077374,Construction
Installer,25.0,212,1740,0.1218390804597701,Law Enforcement
Toolmaker,25.0,213,794,0.2682619647355164,Data & IT
Hvac Apprentice,25.0,188,1582,0.1188369152970922,Medical & Healthcare
Form Carpenter,25.0,176,1574,0.1118170266836086,Leadership & Strategy
Finish Carpenter,25.0,172,1538,0.1118335500650195,Administrative & Clerical
Driller,25.0,62,496,0.125,Data & IT
Assistant Community Manager,25.0,292,1791,0.163037409268565,Communication & PR
Cabinet Maker,25.0,79,874,0.0903890160183066,Hospitality
Cabinet Installer,25.0,80,575,0.1391304347826087,Sales & Marketing
Pipeline Technician,25.0,310,1049,0.2955195424213536,Leadership & Strategy
Box Office Manager,25.0,179,1350,0.1325925925925926,Communication & PR
Wellness Nurse,25.0,348,1027,0.3388510223953262,Hospitality
Wellness Coordinator,25.0,449,1517,0.2959789057350033,Sales & Marketing
Wellness Consultant,25.0,471,1443,0.3264033264033264,Construction
Trainer,25.0,774,1971,0.3926940639269406,Law Enforcement
Studio Assistant,25.0,718,1857,0.386645126548196,Supply Chain & Logistics
Sports Director,25.0,672,1656,0.4057971014492754,Medical & Healthcare
Hvac Helper,25.0,189,1606,0.1176836861768368,Supply Chain & Logistics
Patient Coordinator,25.0,524,1538,0.3407022106631989,Sales & Marketing
Pathologist Assistant,25.0,307,1020,0.3009803921568627,Construction
Crew Scheduler,25.0,175,1333,0.1312828207051763,Communication & PR
Pharmacy Analyst,25.0,508,1517,0.3348714568226763,Hospitality
Patient Care Associate,25.0,398,1203,0.3308395677472984,Sales & Marketing
Personal Fitness Trainer,25.0,403,1149,0.350739773716275,Leadership & Strategy
Medical Officer,25.0,434,1365,0.3179487179487179,Law Enforcement
Hospital Receptionist,25.0,254,1641,0.1547836684948202,Supply Chain & Logistics
Storage Manager,25.0,499,1415,0.3526501766784452,Medical & Healthcare
Sewing Machine Operator,25.0,210,758,0.2770448548812665,Leadership & Strategy
Production Scheduler,25.0,520,1552,0.3350515463917525,Administrative & Clerical
Press Brake Operator,25.0,255,939,0.2715654952076677,Data & IT
Packaging Designer,25.0,781,2946,0.2651052274270197,Communication & PR
Director Of Purchasing,25.0,222,1482,0.1497975708502024,Supply Chain & Logistics
Clinical Instructor,25.0,182,1313,0.1386138613861386,Administrative & Clerical
Manufacturing Planner,25.0,285,1972,0.1445233265720081,Hospitality
Assistant Teacher,25.0,232,1554,0.1492921492921493,Communication & PR
Aide,25.0,212,1608,0.1318407960199005,Hospitality
Admissions Assistant,25.0,256,1782,0.143658810325477,Sales & Marketing
Usability Engineer,25.0,915,2369,0.3862389193752638,Construction
Quality Inspector,25.0,457,1684,0.2713776722090261,Law Enforcement
Mental Health Case Manager,25.0,614,1703,0.360540223135643,Construction
Tool Crib Attendant,25.0,213,801,0.2659176029962546,Communication & PR
Tire Technician,25.0,212,799,0.2653316645807259,Hospitality
Support Worker,25.0,430,1274,0.3375196232339089,Sales & Marketing
Small Engine Mechanic,25.0,222,782,0.2838874680306905,Construction
Relay Technician,25.0,334,1112,0.3003597122302158,Law Enforcement
Refrigeration Technician,25.0,307,1052,0.2918250950570342,Supply Chain & Logistics
Printer Technician,25.0,342,1417,0.2413549752999294,Medical & Healthcare
Classroom Assistant,25.0,227,1580,0.1436708860759493,Data & IT
Regulatory Affairs Manager,24.0,259,1843,0.1405317417254476,Sales & Marketing
Regional Sales Director,24.0,270,1942,0.1390319258496395,Construction
Regional Operations Manager,24.0,254,1877,0.1353223228556206,Law Enforcement
Real Estate Manager,24.0,272,2354,0.1155480033984706,Supply Chain & Logistics
Public Relations Manager,24.0,291,2380,0.1222689075630252,Medical & Healthcare
Program Manager,24.0,276,2003,0.1377933100349475,Leadership & Strategy
Sales Manager,23.0,293,1997,0.1467200801201802,Hospitality
Senior Operations Manager,23.0,260,1861,0.1397098334228909,Communication & PR
Distribution Supervisor,22.0,8,57,0.1403508771929824,Law Enforcement
Wine Sales Representative,22.0,171,1321,0.129447388342165,Law Enforcement
Territory Sales Representative,22.0,188,1395,0.1347670250896057,Supply Chain & Logistics
Technology Sales,22.0,197,1447,0.1361437456807187,Medical & Healthcare
Technical Sales Representative,22.0,198,1424,0.1390449438202247,Leadership & Strategy
Technical Sales,22.0,382,2377,0.1607067732435843,Administrative & Clerical
Tour Manager,22.0,192,1442,0.1331484049930651,Data & IT
Unit Manager,22.0,182,1386,0.1313131313131313,Administrative & Clerical
Jewelry Consultant,22.0,155,1189,0.1303616484440706,Construction
Licensed Customs Broker,22.0,167,1252,0.1333865814696485,Sales & Marketing
Sales Coach,22.0,285,1996,0.1427855711422845,Hospitality
Sales Director,22.0,296,2158,0.1371640407784986,Communication & PR
Sales Supervisor,22.0,295,2169,0.136007376671277,Data & IT
Vice President Of Sales,22.0,202,1458,0.1385459533607681,Medical & Healthcare
Car Dealer,22.0,5,20,0.25,Supply Chain & Logistics
Validation Manager,22.0,174,1326,0.1312217194570135,Leadership & Strategy
Category Manager,21.0,6,46,0.1304347826086956,Communication & PR
Nurse Extern,21.0,133,771,0.172503242542153,Construction
Private Duty Nurse,21.0,114,1168,0.0976027397260274,Sales & Marketing
Student Nurse,21.0,81,378,0.2142857142857142,Hospitality
Senior Web Developer,20.0,273,1673,0.1631799163179916,Construction
Principal Software Engineer,20.0,162,1427,0.1135248773651016,Law Enforcement
Mobile Developer,20.0,141,925,0.1524324324324324,Supply Chain & Logistics
Mobile Application Developer,20.0,142,931,0.1525241675617615,Medical & Healthcare
Lead Developer,20.0,276,1699,0.1624484991171277,Leadership & Strategy
Medical Sonographer,20.0,149,1260,0.1182539682539682,Administrative & Clerical
Medical Office Manager,20.0,220,1345,0.1635687732342007,Data & IT
Medical Liaison,20.0,197,1151,0.1711555169417897,Communication & PR
Medical Examiner,20.0,118,821,0.1437271619975639,Hospitality
Home Health Aide,20.0,60,435,0.1379310344827586,Construction
Flight Paramedic,20.0,137,1052,0.1302281368821292,Law Enforcement
Safety Advisor,20.0,258,1486,0.1736204576043068,Hospitality
Staff Assistant,20.0,303,2266,0.1337157987643424,Communication & PR
Client Relations Manager,20.0,9,57,0.1578947368421052,Data & IT
Corporate Counsel,20.0,5,20,0.25,Administrative & Clerical
Corporate Lawyer,20.0,5,20,0.25,Leadership & Strategy
Firefighter Paramedic,20.0,128,824,0.1553398058252427,Supply Chain & Logistics
Emergency Room Technician,20.0,140,863,0.1622247972190034,Leadership & Strategy
Hospitality Aide,20.0,77,560,0.1375,Sales & Marketing
Director Of Human Resources,20.0,8,49,0.1632653061224489,Data & IT
Hr Coordinator,20.0,301,1972,0.1526369168356998,Administrative & Clerical
Hr Manager,20.0,299,1960,0.1525510204081632,Leadership & Strategy
Hris Manager,20.0,275,1896,0.145042194092827,Medical & Healthcare
Human Resources Analyst,20.0,291,1943,0.1497683993823983,Supply Chain & Logistics
Career Consultant,20.0,9,57,0.1578947368421052,Communication & PR
Senior Instructional Designer,20.0,343,2385,0.1438155136268343,Hospitality
Mainframe Developer,20.0,295,1760,0.1676136363636363,Sales & Marketing
Sustainability Manager,20.0,222,1648,0.1347087378640776,Construction
Software Architect,20.0,258,1530,0.1686274509803921,Sales & Marketing
Market Research Manager,20.0,444,2978,0.1490933512424446,Supply Chain & Logistics
Erp Manager,20.0,200,1390,0.1438848920863309,Medical & Healthcare
Web Developer,20.0,193,1406,0.1372688477951635,Leadership & Strategy
Web Application Developer,20.0,191,1435,0.1331010452961672,Administrative & Clerical
Human Resources Coordinator,20.0,308,2003,0.1537693459810284,Law Enforcement
Junior Recruiter,20.0,252,1759,0.1432632177373507,Construction
Payroll Assistant,20.0,222,1273,0.1743912018853103,Sales & Marketing
Technical Architect,20.0,245,1255,0.1952191235059761,Data & IT
Software Manager,20.0,275,1986,0.1384692849949647,Communication & PR
Software Development Engineer,20.0,263,1617,0.1626468769325912,Hospitality
Research Specialist,20.0,333,2357,0.1412812897751378,Law Enforcement
Medical Lab Assistant,20.0,185,1476,0.1253387533875338,Hospitality
Medical Staff Coordinator,20.0,221,1374,0.160844250363901,Communication & PR
Medical Support Assistant,20.0,217,1363,0.1592076302274394,Data & IT
Nurse Case Manager,20.0,218,1353,0.1611234294161123,Administrative & Clerical
Nurse Consultant,20.0,206,1252,0.1645367412140575,Leadership & Strategy
Optical Assistant,20.0,160,953,0.1678908709338929,Medical & Healthcare
Optometric Technician,20.0,169,985,0.1715736040609137,Supply Chain & Logistics
Patient Advocate,20.0,206,1173,0.175618073316283,Law Enforcement
Patient Care Coordinator,20.0,229,1400,0.1635714285714285,Construction
Patient Services Coordinator,20.0,233,1395,0.1670250896057347,Sales & Marketing
Rn Case Manager,20.0,146,791,0.1845764854614412,Hospitality
Er Technician,20.0,138,866,0.1593533487297921,Medical & Healthcare
Constable,20.0,3,0,inf,Data & IT
Director Of Social Services,20.0,9,57,0.1578947368421052,Administrative & Clerical
Group Home Manager,20.0,195,1221,0.1597051597051597,Leadership & Strategy
Medical Social Worker,20.0,177,1094,0.1617915904936014,Medical & Healthcare
Outreach Specialist,20.0,210,1282,0.1638065522620904,Supply Chain & Logistics
Plans Examiner,20.0,134,1053,0.1272554605887939,Law Enforcement
Public Works Director,20.0,152,1215,0.1251028806584362,Construction
School Social Worker,20.0,211,1511,0.1396426207809397,Sales & Marketing
Sheriff,20.0,65,361,0.1800554016620498,Hospitality
Social Services Assistant,20.0,195,1500,0.13,Communication & PR
Social Worker Assistant,20.0,184,1062,0.1732580037664783,Data & IT
Logistics Engineer,20.0,255,1787,0.1426972579742585,Administrative & Clerical
Case Worker,20.0,8,49,0.1632653061224489,Communication & PR
Court Interpreter,20.0,4,14,0.2857142857142857,Medical & Healthcare
Environmental Attorney,20.0,165,1186,0.1391231028667791,Supply Chain & Logistics
Estate Planning Attorney,20.0,170,1227,0.1385493072534637,Law Enforcement
Hearing Officer,20.0,195,1380,0.1413043478260869,Construction
Law Office Assistant,20.0,210,1491,0.1408450704225352,Sales & Marketing
Legal Counsel,20.0,245,1691,0.1448846836191602,Hospitality
Prosecutor,20.0,139,1043,0.1332694151486098,Communication & PR
Public Defender,20.0,139,1046,0.132887189292543,Data & IT
Real Estate Attorney,20.0,145,1044,0.1388888888888889,Administrative & Clerical
Tax Attorney,20.0,107,656,0.1631097560975609,Leadership & Strategy
Dog Groomer,20.0,4,0,inf,Medical & Healthcare
Medical Assistant Instructor,20.0,174,1029,0.1690962099125364,Sales & Marketing
Groomer,20.0,58,357,0.1624649859943977,Law Enforcement
Pet Groomer,20.0,65,417,0.1558752997601918,Construction
Pet Stylist,20.0,65,417,0.1558752997601918,Sales & Marketing
Veterinary Receptionist,20.0,168,1401,0.1199143468950749,Hospitality
Community Service Officer,20.0,6,20,0.3,Communication & PR
Development Director,20.0,10,60,0.1666666666666666,Data & IT
Hospice Social Worker,20.0,171,1236,0.1383495145631068,Administrative & Clerical
Outdoor Guide,20.0,62,447,0.1387024608501118,Leadership & Strategy
Ski Patrol,20.0,46,287,0.1602787456445993,Medical & Healthcare
Health Care Assistant,20.0,217,1291,0.1680867544539117,Supply Chain & Logistics
Health Coordinator,20.0,241,1457,0.1654083733699382,Law Enforcement
Hospital Social Worker,20.0,170,1160,0.146551724137931,Construction
Dog Trainer,20.0,5,6,0.8333333333333334,Supply Chain & Logistics
Director Of Training,20.0,9,57,0.1578947368421052,Construction
Drama Teacher,20.0,8,31,0.2580645161290322,Sales & Marketing
Education Teacher,20.0,153,1101,0.1389645776566757,Hospitality
Educator,20.0,166,1160,0.143103448275862,Communication & PR
Elementary Music Teacher,20.0,163,1163,0.1401547721410146,Data & IT
Elementary School Teacher,20.0,159,1102,0.1442831215970962,Administrative & Clerical
English Instructor,20.0,154,1083,0.1421975992613111,Leadership & Strategy
English Teacher,20.0,154,1083,0.1421975992613111,Medical & Healthcare
Esl Instructor,20.0,154,1082,0.1423290203327172,Supply Chain & Logistics
Esl Teacher,20.0,154,1082,0.1423290203327172,Law Enforcement
Studio Photographer,20.0,202,1540,0.1311688311688311,Hospitality
French Teacher,20.0,152,1049,0.1448999046711153,Sales & Marketing
Ged Instructor,20.0,152,1049,0.1448999046711153,Hospitality
German Teacher,20.0,152,1049,0.1448999046711153,Communication & PR
Health Teacher,20.0,166,1262,0.1315372424722662,Data & IT
Hebrew Teacher,20.0,169,1264,0.1337025316455696,Administrative & Clerical
Instructional Coach,20.0,240,1620,0.1481481481481481,Leadership & Strategy
Language Specialist,20.0,212,1502,0.1411451398135819,Medical & Healthcare
Learning Specialist,20.0,241,1616,0.1491336633663366,Supply Chain & Logistics
Literacy Specialist,20.0,227,1520,0.1493421052631579,Law Enforcement
Museum Educator,20.0,146,881,0.1657207718501702,Construction
Family Consumer Science Teacher,20.0,147,1028,0.1429961089494163,Construction
Train Engineer,20.0,127,1109,0.1145175834084761,Medical & Healthcare
Transportation Engineer,20.0,182,1382,0.1316931982633864,Supply Chain & Logistics
Cocktail Server,20.0,4,14,0.2857142857142857,Law Enforcement
Coffee Roaster,20.0,4,14,0.2857142857142857,Construction
Executive Steward,20.0,66,683,0.0966325036603221,Sales & Marketing
Food Service Specialist,20.0,166,1198,0.1385642737896494,Hospitality
Grill Cook,20.0,38,303,0.1254125412541254,Communication & PR
Guide,20.0,72,479,0.150313152400835,Data & IT
Head Chef,20.0,43,349,0.1232091690544412,Administrative & Clerical
House Manager,20.0,116,989,0.1172901921132457,Leadership & Strategy
Director Of Admissions,20.0,10,60,0.1666666666666666,Law Enforcement
Kitchen Hand,20.0,26,156,0.1666666666666666,Supply Chain & Logistics
Kitchen Helper,20.0,26,156,0.1666666666666666,Law Enforcement
Kitchen Worker,20.0,29,166,0.1746987951807229,Construction
After School Teacher,20.0,1,1,1.0,Sales & Marketing
Chemistry Teacher,20.0,8,31,0.2580645161290322,Hospitality
Chinese Teacher,20.0,8,31,0.2580645161290322,Communication & PR
Classroom Teacher,20.0,8,31,0.2580645161290322,Data & IT
College Advisor,20.0,10,60,0.1666666666666666,Administrative & Clerical
College Counselor,20.0,10,60,0.1666666666666666,Leadership & Strategy
Cosmetology Instructor,20.0,7,23,0.3043478260869565,Medical & Healthcare
Cosmetology Teacher,20.0,7,23,0.3043478260869565,Supply Chain & Logistics
Houseman,20.0,31,187,0.1657754010695187,Medical & Healthcare
Photography,20.0,243,1981,0.1226653205451792,Administrative & Clerical
Print Designer,20.0,212,1719,0.123327515997673,Leadership & Strategy
Product Photographer,20.0,239,1946,0.1228160328879753,Medical & Healthcare
Program Director,20.0,260,1911,0.1360544217687075,Supply Chain & Logistics
Senior Art Director,20.0,243,1815,0.1338842975206611,Law Enforcement
Senior Interior Designer,20.0,226,1784,0.1266816143497758,Construction
Sports Photographer,20.0,187,1412,0.1324362606232294,Sales & Marketing
Logistics Manager,20.0,300,1983,0.151285930408472,Leadership & Strategy
Video Production Assistant,20.0,236,1651,0.1429436705027256,Communication & PR
Videographer,20.0,240,1957,0.1226366888094021,Data & IT
Parent Educator,20.0,131,814,0.1609336609336609,Sales & Marketing
Certified Diabetes Educator,20.0,9,57,0.1578947368421052,Leadership & Strategy
Certified Dietary Manager,20.0,7,46,0.1521739130434782,Medical & Healthcare
Certified Medication Aide,20.0,7,46,0.1521739130434782,Supply Chain & Logistics
Child Psychiatrist,20.0,5,20,0.25,Law Enforcement
Clinical Medical Assistant,20.0,7,46,0.1521739130434782,Construction
Clinical Specialist,20.0,8,49,0.1632653061224489,Sales & Marketing
Diabetes Educator,20.0,9,57,0.1578947368421052,Hospitality
EMT,20.0,142,888,0.1599099099099099,Communication & PR
Emergency Department Technician,20.0,139,774,0.1795865633074935,Data & IT
Emergency Medical Technician,20.0,142,862,0.1647331786542923,Administrative & Clerical
Visual Manager,20.0,206,1421,0.1449683321604503,Administrative & Clerical
Proctor,20.0,134,1072,0.125,Hospitality
Provost,20.0,149,1200,0.1241666666666666,Communication & PR
Public Health Educator,20.0,180,1555,0.1157556270096463,Data & IT
Reading Specialist,20.0,175,1596,0.1096491228070175,Administrative & Clerical
Recreation Supervisor,20.0,170,1293,0.131477184841454,Leadership & Strategy
School Aide,20.0,147,793,0.1853720050441362,Medical & Healthcare
School Principal,20.0,214,1200,0.1783333333333333,Supply Chain & Logistics
Student Advisor,20.0,251,1448,0.173342541436464,Law Enforcement
Student Counselor,20.0,252,1487,0.1694687289845326,Construction
Study Abroad Advisor,20.0,238,1690,0.1408284023668639,Sales & Marketing
Photographer,20.0,254,2049,0.1239629087359687,Data & IT
Film,20.0,241,1577,0.1528218135700697,Communication & PR
Floral Designer,20.0,221,1748,0.1264302059496567,Data & IT
Florist,20.0,213,1704,0.125,Administrative & Clerical
Freelance Artist,20.0,245,1780,0.1376404494382022,Leadership & Strategy
Freelance Makeup Artist,20.0,207,1293,0.1600928074245939,Medical & Healthcare
Freelance Photographer,20.0,299,2044,0.1462818003913894,Supply Chain & Logistics
Interior Design,20.0,245,1962,0.1248725790010193,Law Enforcement
Interior Design Consultant,20.0,255,1966,0.12970498474059,Construction
Interior Designer,20.0,258,1983,0.1301059001512859,Sales & Marketing
Lighting Designer,20.0,257,1951,0.1317273193234238,Hospitality
Party Planner,20.0,163,1393,0.1170136396267049,Communication & PR
University Counselor,20.0,208,1545,0.1346278317152103,Hospitality
Electronic Technician,20.0,144,1129,0.1275465013286094,Construction
Functional Consultant,20.0,219,1431,0.1530398322851153,Sales & Marketing
Help Desk Manager,20.0,264,1777,0.148564997186269,Hospitality
Information Security Analyst,20.0,262,1785,0.1467787114845938,Communication & PR
Information Security Manager,20.0,264,1785,0.1478991596638655,Data & IT
Information Technology Technician,20.0,260,1703,0.1526717557251908,Administrative & Clerical
Integration Specialist,20.0,277,1789,0.1548351034097261,Leadership & Strategy
It Auditor,20.0,241,1582,0.152338811630847,Medical & Healthcare
Modeler,20.0,154,1215,0.1267489711934156,Supply Chain & Logistics
Network Manager,20.0,177,1045,0.169377990430622,Law Enforcement
Sports Nutritionist,20.0,105,692,0.1517341040462427,Construction
Technical Coordinator,20.0,344,2461,0.139780577001219,Sales & Marketing
Technical Recruiter,20.0,257,1377,0.186637618010167,Hospitality
Technical Specialist,20.0,193,1421,0.1358198451794511,Communication & PR
Technology Director,20.0,191,1401,0.1363311920057102,Data & IT
Web Editor,20.0,219,1496,0.1463903743315508,Administrative & Clerical
Counselor,20.0,8,31,0.2580645161290322,Leadership & Strategy
Direct Care Worker,20.0,6,20,0.3,Medical & Healthcare
Drug And Alcohol Counselor,20.0,201,1360,0.1477941176470588,Supply Chain & Logistics
Guidance Counselor,20.0,226,1391,0.1624730409777138,Law Enforcement
Marriage And Family Therapist,20.0,121,717,0.1687587168758716,Construction
Fine Dining Server,20.0,550,2139,0.2571294997662459,Medical & Healthcare
Embalmer,20.0,71,730,0.0972602739726027,Medical & Healthcare
Funeral Assistant,20.0,71,654,0.1085626911314984,Supply Chain & Logistics
House Cleaner,20.0,36,210,0.1714285714285714,Law Enforcement
Housekeeping,20.0,41,262,0.1564885496183206,Construction
Maid,20.0,25,154,0.1623376623376623,Sales & Marketing
Personal Care Aide,20.0,131,922,0.1420824295010846,Hospitality
Personal Chef,20.0,64,475,0.1347368421052631,Communication & PR
Private Chef,20.0,90,932,0.0965665236051502,Data & IT
Crossing Guard,20.0,2,0,inf,Administrative & Clerical
Facility Security Officer,20.0,152,1179,0.1289228159457167,Leadership & Strategy
Desktop Support Manager,20.0,6,46,0.1304347826086956,Law Enforcement
Forensic Nurse,20.0,145,1096,0.1322992700729927,Supply Chain & Logistics
Jailer,20.0,35,253,0.1383399209486166,Law Enforcement
Park Ranger,20.0,79,601,0.1314475873544093,Construction
Security Assistant,20.0,98,609,0.160919540229885,Sales & Marketing
Security Officer,20.0,96,630,0.1523809523809524,Hospitality
Training Officer,20.0,221,1598,0.1382978723404255,Communication & PR
Citrix Administrator,20.0,6,46,0.1304347826086956,Data & IT
Computer Engineer,20.0,6,46,0.1304347826086956,Administrative & Clerical
Console Operator,20.0,6,46,0.1304347826086956,Leadership & Strategy
Cyber Security Analyst,20.0,7,54,0.1296296296296296,Medical & Healthcare
Deployment Manager,20.0,6,46,0.1304347826086956,Supply Chain & Logistics
Fire Chief,20.0,167,1179,0.1416454622561492,Medical & Healthcare
Program Administrator,20.0,1339,5294,0.252927842840952,Medical & Healthcare
Program Associate,20.0,1329,5313,0.2501411631846414,Supply Chain & Logistics
Residence Manager,20.0,895,3577,0.25020967291026,Law Enforcement
Support Manager,20.0,1186,4632,0.2560449050086356,Construction
Team Leader,20.0,1185,4540,0.2610132158590308,Sales & Marketing
Airline Pilot,20.0,314,1253,0.2505985634477254,Hospitality
Boat Captain,20.0,303,1157,0.2618841832324978,Communication & PR
Commercial Diver,20.0,308,1236,0.2491909385113268,Data & IT
Dispatcher,20.0,873,3839,0.2274029695233133,Administrative & Clerical
First Officer,20.0,281,1113,0.252470799640611,Leadership & Strategy
Front Office Manager,20.0,1,2,0.5,Sales & Marketing
Freight Broker,20.0,740,2997,0.2469135802469135,Supply Chain & Logistics
Helicopter Pilot,20.0,262,1054,0.2485768500948766,Law Enforcement
Petroleum Inspector,20.0,561,2455,0.2285132382892057,Construction
Script Writer,20.0,1299,5364,0.2421700223713646,Law Enforcement
Senior Technical Writer,20.0,1358,5371,0.2528393222863526,Construction
Sports Writer,20.0,1247,4990,0.2498997995991984,Sales & Marketing
Telecommunications Manager,20.0,1175,4643,0.2530691363342666,Hospitality
Writer,20.0,1314,5319,0.2470389170896785,Communication & PR
Optical Engineer,20.0,630,2780,0.2266187050359712,Data & IT
Petroleum Engineer,20.0,598,2679,0.223217618514371,Administrative & Clerical
Flight Dispatcher,20.0,472,1903,0.2480294272201786,Medical & Healthcare
Health Educator,20.0,709,2796,0.2535765379113018,Hospitality
Medical Courier,20.0,742,3149,0.2356303588440775,Communication & PR
Medical Science Liaison,20.0,988,3937,0.2509525019050038,Data & IT
Nurse Administrator,20.0,893,3569,0.2502101428971701,Administrative & Clerical
Nurse Coordinator,20.0,892,3415,0.2612005856515373,Leadership & Strategy
Nurse Manager,20.0,900,3448,0.2610208816705336,Medical & Healthcare
Nursing Supervisor,20.0,815,2976,0.2738575268817204,Supply Chain & Logistics
Patient Liaison,20.0,800,3265,0.2450229709035222,Law Enforcement
Pharmacy Supervisor,20.0,782,2927,0.2671677485480013,Construction
Rehab Aide,20.0,626,2893,0.2163843760801935,Sales & Marketing
Operations Assistant,20.0,1234,4776,0.2583752093802345,Leadership & Strategy
City Manager,20.0,844,3512,0.2403189066059225,Communication & PR
City Planner,20.0,845,3511,0.240672173170037,Data & IT
Plastics Engineer,20.0,628,2773,0.2264695275874504,Medical & Healthcare
Port Engineer,20.0,538,2554,0.2106499608457321,Supply Chain & Logistics
Product Safety Engineer,20.0,650,2800,0.2321428571428571,Law Enforcement
Radar Technician,20.0,611,2771,0.220498015156983,Construction
Railroad Engineer,20.0,543,2285,0.2376367614879649,Sales & Marketing
Satellite Technician,20.0,646,2796,0.2310443490701001,Hospitality
Water Resource Engineer,20.0,695,2843,0.244460077383046,Communication & PR
Food Server,20.0,552,2033,0.2715199212985735,Law Enforcement
Office Administrative Assistant,20.0,1181,4661,0.2533791031967389,Administrative & Clerical
Rehab Director,20.0,844,3350,0.2519402985074627,Hospitality
Fact Checker,20.0,240,1555,0.1543408360128617,Construction
Freelance Producer,20.0,292,1763,0.1656267725467952,Sales & Marketing
Journalism,20.0,277,1809,0.1531232725262576,Hospitality
Journalist,20.0,280,1803,0.1552967276760954,Communication & PR
Media Analyst,20.0,206,1640,0.1256097560975609,Data & IT
Media Specialist,20.0,225,1747,0.1287922152261019,Administrative & Clerical
News Director,20.0,178,1069,0.166510757717493,Leadership & Strategy
News Editor,20.0,201,1364,0.1473607038123167,Medical & Healthcare
News Producer,20.0,219,1783,0.1228266965787997,Supply Chain & Logistics
Production Editor,20.0,292,2236,0.1305903398926654,Law Enforcement
Elderly Caregiver,20.0,144,927,0.1553398058252427,Leadership & Strategy
Radio Producer,20.0,279,1975,0.1412658227848101,Sales & Marketing
Reporter,20.0,410,2673,0.1533857089412645,Hospitality
Research Assistant,20.0,404,2608,0.1549079754601227,Communication & PR
Senior Editor,20.0,412,2716,0.1516936671575846,Data & IT
Service Writer,20.0,350,2494,0.140336808340016,Administrative & Clerical
Sports Producer,20.0,322,2379,0.1353509878100042,Leadership & Strategy
Staff Writer,20.0,357,2162,0.1651248843663274,Medical & Healthcare
Studio Manager,20.0,362,2587,0.1399304213374565,Supply Chain & Logistics
Talent Coordinator,20.0,288,2135,0.1348946135831381,Law Enforcement
Technical Editor,20.0,400,2664,0.1501501501501501,Construction
Publicist,20.0,260,2054,0.1265822784810126,Construction
Procurement Director,20.0,229,1627,0.1407498463429625,Medical & Healthcare
Purchasing Director,20.0,226,1559,0.1449647209749839,Supply Chain & Logistics
Supply Chain Analyst,20.0,293,2097,0.139723414401526,Law Enforcement
Supply Chain Director,20.0,253,1766,0.1432616081540204,Construction
Warehouse Manager,20.0,205,1472,0.139266304347826,Sales & Marketing
Diet Clerk,20.0,6,46,0.1304347826086956,Hospitality
Exercise Specialist,20.0,193,1287,0.1499611499611499,Communication & PR
Fitness Coach,20.0,193,1283,0.1504286827747467,Data & IT
Fitness Coordinator,20.0,202,1330,0.1518796992481203,Administrative & Clerical
Fitness Specialist,20.0,192,1286,0.1493001555209953,Leadership & Strategy
Editorial Assistant,20.0,257,1599,0.1607254534083802,Law Enforcement
Nutrition Director,20.0,149,964,0.1545643153526971,Supply Chain & Logistics
Personal Trainer,20.0,92,681,0.1350954478707782,Law Enforcement
Train Conductor,20.0,121,1104,0.1096014492753623,Leadership & Strategy
Swim Instructor,20.0,61,354,0.1723163841807909,Sales & Marketing
Wellness Coach,20.0,182,1340,0.135820895522388,Hospitality
Wellness Director,20.0,181,1341,0.1349739000745712,Communication & PR
Communicator,20.0,8,49,0.1632653061224489,Data & IT
Copy Editor,20.0,5,40,0.125,Administrative & Clerical
Customer Advocate,20.0,9,57,0.1578947368421052,Leadership & Strategy
Editor,20.0,265,1649,0.1607034566403881,Medical & Healthcare
Editor In Chief,20.0,224,1457,0.1537405628002745,Supply Chain & Logistics
Fitness Trainer,20.0,191,1280,0.14921875,Medical & Healthcare
Director Of Software Engineering,20.0,6,46,0.1304347826086956,Administrative & Clerical
Integration Architect,20.0,274,1708,0.1604215456674473,Leadership & Strategy
Java Architect,20.0,263,1662,0.1582430806257521,Medical & Healthcare
Line Cook,20.0,33,183,0.180327868852459,Supply Chain & Logistics
Pastry Chef,20.0,63,459,0.1372549019607843,Law Enforcement
Pastry Cook,20.0,61,454,0.1343612334801762,Construction
Pizza Cook,20.0,83,879,0.0944254835039817,Sales & Marketing
Pizza Maker,20.0,83,879,0.0944254835039817,Hospitality
Resident Manager,20.0,221,1437,0.1537926235212247,Communication & PR
Restaurant Consultant,20.0,209,1591,0.1313639220615964,Data & IT
Quality Assurance,20.0,217,1858,0.1167922497308934,Sales & Marketing
Sandwich Maker,20.0,52,358,0.1452513966480447,Leadership & Strategy
Service Worker,20.0,81,580,0.1396551724137931,Medical & Healthcare
Short Order Cook,20.0,56,825,0.0678787878787878,Supply Chain & Logistics
Spa Attendant,20.0,76,468,0.1623931623931624,Law Enforcement
Spa Director,20.0,96,539,0.1781076066790352,Construction
Tour Guide,20.0,158,1346,0.1173848439821693,Sales & Marketing
Valet Driver,20.0,114,1112,0.1025179856115107,Hospitality
Winemaker,20.0,102,1030,0.0990291262135922,Communication & PR
Care Provider,20.0,6,20,0.3,Data & IT
Direct Care Staff,20.0,6,20,0.3,Administrative & Clerical
Runner,20.0,54,363,0.1487603305785124,Administrative & Clerical
Quality Assurance Associate,20.0,216,1520,0.1421052631578947,Hospitality
Quality Assurance Auditor,20.0,212,1514,0.1400264200792602,Communication & PR
Quality Assurance Director,20.0,226,1581,0.1429475015812776,Data & IT
Quality Assurance Manager,20.0,235,1612,0.1457816377171215,Administrative & Clerical
Quality Auditor,20.0,214,1526,0.1402359108781127,Leadership & Strategy
Quality Consultant,20.0,224,1839,0.121805328983143,Medical & Healthcare
Quality Control,20.0,213,1801,0.1182676290949472,Supply Chain & Logistics
Quality Control Assistant,20.0,206,1452,0.1418732782369146,Law Enforcement
Quality Control Associate,20.0,209,1462,0.1429548563611491,Construction
Quality Control Chemist,20.0,151,1430,0.1055944055944056,Sales & Marketing
Development Engineer,20.0,6,46,0.1304347826086956,Data & IT
Quality Control Supervisor,20.0,226,1854,0.1218985976267529,Communication & PR
Quality Coordinator,20.0,220,1557,0.1412973667308927,Data & IT
Quality Improvement Specialist,20.0,225,1540,0.1461038961038961,Administrative & Clerical
Quality Manager,20.0,234,1897,0.1233526620980495,Leadership & Strategy
Quality Specialist,20.0,224,1554,0.1441441441441441,Medical & Healthcare
Quality Supervisor,20.0,219,1844,0.118763557483731,Supply Chain & Logistics
Supplier Quality Manager,20.0,265,1755,0.150997150997151,Law Enforcement
Test Coordinator,20.0,209,1536,0.1360677083333333,Construction
Test Manager,20.0,200,1443,0.1386001386001386,Sales & Marketing
Testing Coordinator,20.0,201,1414,0.1421499292786421,Hospitality
Configuration Analyst,20.0,6,46,0.1304347826086956,Communication & PR
Quality Control Manager,20.0,228,1858,0.1227125941872981,Hospitality
Social Media Assistant,20.0,392,2696,0.14540059347181,Construction
Social Media Coordinator,20.0,402,2716,0.1480117820324006,Sales & Marketing
Product Assistant,20.0,221,1866,0.1184351554126473,Hospitality
Product Specialist,20.0,261,2095,0.1245823389021479,Communication & PR
Project Specialist,20.0,244,1720,0.141860465116279,Data & IT
Dairy Manager,20.0,6,46,0.1304347826086956,Administrative & Clerical
Grocery Clerk,20.0,141,1033,0.1364956437560503,Leadership & Strategy
Merchandising Manager,20.0,179,1144,0.1564685314685314,Medical & Healthcare
Produce Clerk,20.0,104,669,0.1554559043348281,Supply Chain & Logistics
Retail Assistant,20.0,220,1135,0.1938325991189427,Law Enforcement
Planner,20.0,211,1889,0.1116993118051879,Hospitality
Retail Clerk,20.0,221,1139,0.1940298507462686,Sales & Marketing
Retail Operations Manager,20.0,260,1896,0.1371308016877637,Hospitality
Retail Supervisor,20.0,241,1727,0.1395483497394325,Communication & PR
Sales Assistant,20.0,266,1721,0.1545613015688553,Data & IT
Store Assistant,20.0,210,1097,0.1914311759343664,Administrative & Clerical
Store Associate,20.0,208,1094,0.1901279707495429,Leadership & Strategy
Store Clerk,20.0,208,1094,0.1901279707495429,Medical & Healthcare
Store Supervisor,20.0,221,1317,0.1678056188306757,Supply Chain & Logistics
Vendor Manager,20.0,209,1480,0.1412162162162162,Law Enforcement
Construction Apprentice,20.0,5,40,0.125,Construction
Retail Associate,20.0,221,1178,0.1876061120543293,Construction
Recruitment Consultant,20.0,288,2310,0.1246753246753246,Medical & Healthcare
Small Business Consultant,20.0,260,2020,0.1287128712871287,Supply Chain & Logistics
Call Center Manager,20.0,10,60,0.1666666666666666,Law Enforcement
Call Center Supervisor,20.0,10,60,0.1666666666666666,Construction
Contact Center Manager,20.0,10,60,0.1666666666666666,Sales & Marketing
Customer Experience Manager,20.0,10,60,0.1666666666666666,Hospitality
Customer Service Consultant,20.0,10,60,0.1666666666666666,Communication & PR
Customer Service Director,20.0,10,60,0.1666666666666666,Data & IT
Customer Service Trainer,20.0,10,60,0.1666666666666666,Administrative & Clerical
Customer Success Manager,20.0,10,60,0.1666666666666666,Leadership & Strategy
Retail Marketing Manager,20.0,280,2109,0.1327643432906591,Law Enforcement
Communications Specialist,20.0,9,57,0.1578947368421052,Supply Chain & Logistics
Content Creator,20.0,11,65,0.1692307692307692,Law Enforcement
Event Specialist,20.0,306,1793,0.1706636921360847,Construction
Graphic Designer,20.0,372,2526,0.1472684085510688,Sales & Marketing
Marketing Administrator,20.0,488,3153,0.1547732318426895,Hospitality
Marketing Assistant,20.0,488,3153,0.1547732318426895,Communication & PR
Marketing Coordinator,20.0,492,3169,0.1552540233512148,Data & IT
Marketing Officer,20.0,496,3180,0.1559748427672956,Administrative & Clerical
Marketing Specialist,20.0,281,2181,0.128839981659789,Leadership & Strategy
Package Designer,20.0,205,1483,0.1382333108563722,Medical & Healthcare
Promotions Coordinator,20.0,261,2125,0.1228235294117647,Supply Chain & Logistics
Customer Support Specialist,20.0,10,60,0.1666666666666666,Medical & Healthcare
Oncology Pharmacist,20.0,150,946,0.1585623678646934,Administrative & Clerical
Ophthalmic Assistant,20.0,165,961,0.1716961498439126,Leadership & Strategy
Ophthalmic Technician,20.0,171,1364,0.125366568914956,Medical & Healthcare
Optometric Assistant,20.0,160,955,0.1675392670157068,Supply Chain & Logistics
Optometrist Assistant,20.0,146,898,0.1625835189309576,Law Enforcement
Orderly,20.0,103,731,0.1409028727770178,Construction
Pacu Rn,20.0,146,893,0.1634938409854423,Sales & Marketing
Paramedic,20.0,109,714,0.1526610644257703,Hospitality
Patient Care Manager,20.0,183,1082,0.1691312384473197,Communication & PR
Patient Care Technician,20.0,177,1150,0.1539130434782608,Data & IT
Construction Laborer,20.0,5,40,0.125,Sales & Marketing
Patient Sitter,20.0,97,648,0.1496913580246913,Leadership & Strategy
Patient Transport,20.0,128,819,0.1562881562881563,Medical & Healthcare
Patient Transporter,20.0,129,819,0.1575091575091575,Supply Chain & Logistics
Pediatric Physician Assistant,20.0,154,922,0.1670281995661605,Law Enforcement
Personal Care Attendant,20.0,130,935,0.1390374331550802,Construction
Pharmaceutical Sales,20.0,206,1185,0.1738396624472573,Sales & Marketing
Pharmacist,20.0,133,1367,0.0972933430870519,Hospitality
Psychiatric Aide,20.0,121,1365,0.0886446886446886,Communication & PR
Psychiatric Technician,20.0,124,1368,0.0906432748538011,Data & IT
Registered Behavior Technician,20.0,126,1099,0.1146496815286624,Administrative & Clerical
Patient Navigator,20.0,195,1133,0.1721094439541041,Administrative & Clerical
Construction Project Coordinator,20.0,6,46,0.1304347826086956,Hospitality
Construction Project Manager,20.0,6,46,0.1304347826086956,Communication & PR
Construction Worker,20.0,5,40,0.125,Data & IT
Drywall Finisher,20.0,39,433,0.0900692840646651,Administrative & Clerical
Field Operator,20.0,114,887,0.1285231116121758,Leadership & Strategy
Framer,20.0,41,439,0.0933940774487471,Medical & Healthcare
Installation Technician,20.0,163,987,0.1651469098277609,Supply Chain & Logistics
Lineman,20.0,100,612,0.1633986928104575,Law Enforcement
Lineman Apprentice,20.0,98,609,0.160919540229885,Construction
Pipe Welder,20.0,102,1051,0.0970504281636536,Sales & Marketing
Occupational Therapy Assistant,20.0,152,992,0.1532258064516129,Data & IT
Claim Adjuster,20.0,7,46,0.1521739130434782,Communication & PR
Claims Assistant,20.0,7,46,0.1521739130434782,Data & IT
Claims Processor,20.0,7,46,0.1521739130434782,Administrative & Clerical
Health Insurance Agent,20.0,256,1544,0.1658031088082901,Leadership & Strategy
Health Insurance Specialist,20.0,269,1663,0.1617558628983764,Medical & Healthcare
Insurance Agent,20.0,211,1490,0.1416107382550335,Supply Chain & Logistics
Insurance Assistant,20.0,207,1473,0.1405295315682281,Law Enforcement
Neurodiagnostic Technologist,20.0,147,969,0.1517027863777089,Construction
Nuclear Pharmacist,20.0,143,939,0.1522896698615548,Sales & Marketing
Nutritionist,20.0,147,980,0.15,Hospitality
Occupational Therapy Aide,20.0,146,957,0.1525600835945663,Communication & PR
Plant Worker,20.0,109,1164,0.0936426116838488,Hospitality
Freelance Copywriter,20.0,1190,4933,0.2412325157105209,Leadership & Strategy
Freelance Writer,20.0,1186,4899,0.2420902224943866,Medical & Healthcare
Managing Editor,20.0,1170,5035,0.2323733862959285,Supply Chain & Logistics
Exercise Physiologist,20.0,645,2517,0.2562574493444577,Communication & PR
Fitness Instructor,20.0,656,2559,0.2563501367721766,Data & IT
Chef,20.0,362,1488,0.2432795698924731,Hospitality
Chef Assistant,20.0,356,1506,0.2363877822045152,Communication & PR
Cocktail Waitress,20.0,452,1771,0.2552230378317335,Data & IT
Dietary Cook,20.0,348,1441,0.2414989590562109,Administrative & Clerical
Enologist,20.0,407,1554,0.2619047619047619,Leadership & Strategy
Independent Consultant,20.0,294,1860,0.1580645161290322,Leadership & Strategy
Tennis Instructor,20.0,747,3085,0.2421393841166936,Sales & Marketing
Training Instructor,20.0,1122,4338,0.2586445366528354,Hospitality
Food Stylist,20.0,589,2348,0.2508517887563884,Construction
Innkeeper,20.0,781,3235,0.2414219474497681,Sales & Marketing
Nutrition Assistant,20.0,613,2451,0.2501019991840065,Hospitality
Occupational Therapist,20.0,557,2207,0.2523787947439964,Communication & PR
Optometrist,20.0,457,1866,0.2449088960342979,Data & IT
Butler,20.0,370,1457,0.2539464653397392,Law Enforcement
Campground Manager,20.0,701,3099,0.2262020006453694,Construction
Food Safety Specialist,20.0,786,3041,0.2584676093390332,Supply Chain & Logistics
Plant Engineer,20.0,626,2714,0.2306558585114222,Leadership & Strategy
Pacs Administrator,20.0,189,1089,0.1735537190082644,Construction
Catering Assistant,20.0,469,2051,0.2286689419795221,Sales & Marketing
Media Assistant,20.0,1221,5112,0.2388497652582159,Data & IT
Rn Supervisor,20.0,669,2703,0.2475027746947835,Communication & PR
Palliative Care Nurse Practitioner,20.0,617,2411,0.2559104106180008,Administrative & Clerical
Patient Care Assistant,20.0,672,2835,0.237037037037037,Leadership & Strategy
Patient Care Specialist,20.0,771,3213,0.2399626517273576,Medical & Healthcare
Pediatric Occupational Therapist,20.0,541,2167,0.2496538994000923,Supply Chain & Logistics
Pediatric Physical Therapist,20.0,539,2165,0.248960739030023,Law Enforcement
Physiologist,20.0,517,2470,0.2093117408906882,Construction
Digital Archivist,20.0,1128,4433,0.2544552221971576,Administrative & Clerical
Radiologist,20.0,554,2214,0.2502258355916892,Hospitality
Group Exercise Instructor,20.0,653,2528,0.2583069620253164,Administrative & Clerical
Group Fitness Instructor,20.0,649,2520,0.2575396825396825,Leadership & Strategy
Gymnastics Instructor,20.0,601,2290,0.2624454148471615,Medical & Healthcare
Head Coach,20.0,663,2742,0.2417943107221006,Supply Chain & Logistics
Pilates Instructor,20.0,329,1139,0.2888498683055311,Law Enforcement
Strength And Conditioning Coach,20.0,730,2920,0.25,Construction
Forensic Social Worker,20.0,647,2667,0.2425946756655418,Administrative & Clerical
Park Manager,20.0,734,3128,0.2346547314578005,Leadership & Strategy
Board Operator,20.0,786,3443,0.2282892826023816,Communication & PR
Curriculum Writer,20.0,1119,4992,0.2241586538461538,Data & IT
Psychological Assistant,20.0,696,2863,0.2431016416346489,Sales & Marketing
Distribution Center Supervisor,20.0,9,60,0.15,Administrative & Clerical
Electrical Engineering,20.0,163,1181,0.1380186282811177,Leadership & Strategy
Engineering Consultant,20.0,184,1269,0.1449960598896769,Medical & Healthcare
Engineering Program Manager,20.0,194,1364,0.1422287390029325,Supply Chain & Logistics
Entry Level Mechanical Engineer,20.0,156,1138,0.1370826010544815,Law Enforcement
Fire Protection Engineer,20.0,141,1086,0.1298342541436464,Construction
Geotechnical Engineer,20.0,156,1150,0.1356521739130435,Sales & Marketing
Highway Engineer,20.0,147,1005,0.1462686567164179,Hospitality
Industrial Designer,20.0,179,1583,0.113076437144662,Communication & PR
Junior Mechanical Engineer,20.0,153,1112,0.1375899280575539,Data & IT
Transportation Driver,20.0,609,2466,0.2469586374695863,Communication & PR
Warehouse Clerk,20.0,169,1156,0.1461937716262975,Leadership & Strategy
Warehouse Driver,20.0,158,1088,0.1452205882352941,Medical & Healthcare
Warranty Manager,20.0,192,1451,0.1323225361819434,Supply Chain & Logistics
Yard Laborer,20.0,159,1105,0.1438914027149321,Law Enforcement
Yard Manager,20.0,180,1227,0.1466992665036675,Construction
Yard Supervisor,20.0,171,1186,0.1441821247892074,Sales & Marketing
Career Coach,20.0,10,60,0.1666666666666666,Hospitality
Change Management Consultant,20.0,8,54,0.1481481481481481,Communication & PR
Employment Consultant,20.0,216,1431,0.1509433962264151,Data & IT
Franchise Consultant,20.0,217,1454,0.1492434662998624,Administrative & Clerical
Lead Mechanical Engineer,20.0,149,997,0.1494483450351053,Administrative & Clerical
Transportation Specialist,20.0,840,3470,0.2420749279538905,Data & IT
Transporter,20.0,613,2475,0.2476767676767677,Administrative & Clerical
Baker,20.0,316,1344,0.2351190476190476,Leadership & Strategy
Bar Server,20.0,425,1725,0.2463768115942029,Medical & Healthcare
Psychiatric Social Worker,20.0,751,3159,0.2377334599556821,Medical & Healthcare
Public Health Advisor,20.0,902,3456,0.2609953703703703,Supply Chain & Logistics
Social Worker,20.0,886,3413,0.2595956636390272,Law Enforcement
Procurement Manager,20.0,1089,4060,0.2682266009852216,Construction
Purchasing Manager,20.0,1184,4682,0.2528833831695856,Sales & Marketing
Supply Chain Manager,20.0,1199,4710,0.2545647558386412,Hospitality
Corrosion Engineer,20.0,5,40,0.125,Data & IT
Private Pilot,20.0,227,1299,0.1747498075442648,Hospitality
Implementation Manager,20.0,291,1948,0.1493839835728952,Data & IT
Linguist,20.0,179,1299,0.1377983063895304,Administrative & Clerical
Safety Technician,20.0,130,1135,0.1145374449339207,Leadership & Strategy
Trainee,20.0,180,1399,0.128663330950679,Medical & Healthcare
Chief Engineer,20.0,6,46,0.1304347826086956,Supply Chain & Logistics
Cisco Voice Engineer,20.0,6,46,0.1304347826086956,Law Enforcement
City Engineer,20.0,6,46,0.1304347826086956,Construction
Civil Project Engineer,20.0,6,46,0.1304347826086956,Sales & Marketing
Civil Structural Engineer,20.0,6,46,0.1304347826086956,Hospitality
Construction Engineer,20.0,6,42,0.1428571428571428,Communication & PR
Pilot,20.0,258,1487,0.1735036987222595,Sales & Marketing
Soil Scientist,20.0,168,1510,0.1112582781456953,Construction
Toxicologist,20.0,121,1087,0.1113155473781048,Sales & Marketing
Client Relationship Manager,20.0,9,57,0.1578947368421052,Hospitality
Financial Planner,20.0,223,1460,0.1527397260273972,Communication & PR
Inventory Accountant,20.0,227,1633,0.1390079608083282,Data & IT
Inventory Auditor,20.0,231,1672,0.1381578947368421,Administrative & Clerical
Investment Advisor,20.0,257,1852,0.1387688984881209,Leadership & Strategy
Investment Specialist,20.0,255,1845,0.1382113821138211,Medical & Healthcare
Loan Administrator,20.0,246,1744,0.1410550458715596,Supply Chain & Logistics
Loan Coordinator,20.0,248,1746,0.1420389461626575,Law Enforcement
Registered Respiratory Therapist,20.0,125,1063,0.1175917215428033,Leadership & Strategy
Mortgage Assistant,20.0,189,1159,0.1630716134598792,Sales & Marketing
Mortgage Banker,20.0,178,1149,0.154917319408181,Hospitality
Mortgage Originator,20.0,183,1144,0.1599650349650349,Communication & PR
Payroll Accountant,20.0,223,1255,0.1776892430278884,Data & IT
Payroll Analyst,20.0,223,1255,0.1776892430278884,Administrative & Clerical
Payroll Coordinator,20.0,223,1253,0.1779728651237031,Leadership & Strategy
Payroll Specialist,20.0,224,1256,0.1783439490445859,Medical & Healthcare
Portfolio Manager,20.0,218,1570,0.1388535031847133,Supply Chain & Logistics
Production Accountant,20.0,182,1375,0.1323636363636363,Law Enforcement
Property Accountant,20.0,177,1370,0.1291970802919708,Construction
Loan Servicing Specialist,20.0,244,1647,0.1481481481481481,Construction
Environmental Manager,20.0,205,1373,0.1493080844865258,Medical & Healthcare
Fisheries Biologist,20.0,140,1110,0.1261261261261261,Supply Chain & Logistics
Fisheries Technician,20.0,136,1095,0.1242009132420091,Law Enforcement
Geneticist,20.0,144,1161,0.1240310077519379,Construction
Geophysicist,20.0,150,1174,0.1277683134582623,Sales & Marketing
Horticulturist,20.0,168,1207,0.1391880695940348,Hospitality
Hydrogeologist,20.0,146,1120,0.1303571428571428,Communication & PR
Hydrologist,20.0,149,1126,0.1323268206039076,Data & IT
Laboratory Director,20.0,209,1442,0.1449375866851595,Administrative & Clerical
Laboratory Supervisor,20.0,212,1450,0.1462068965517241,Leadership & Strategy
Senior Scientist,20.0,200,1750,0.1142857142857142,Law Enforcement
Library Associate,20.0,202,1461,0.1382614647501711,Supply Chain & Logistics
Materials Scientist,20.0,102,717,0.1422594142259414,Law Enforcement
Microbiologist,20.0,119,767,0.1551499348109517,Construction
Microbiology Technologist,20.0,133,853,0.1559202813599062,Sales & Marketing
Molecular Biologist,20.0,115,761,0.1511169513797634,Hospitality
Molecular Technologist,20.0,120,775,0.1548387096774193,Communication & PR
Organic Chemist,20.0,100,713,0.1402524544179523,Data & IT
Production Chemist,20.0,130,1306,0.0995405819295559,Administrative & Clerical
Research Chemist,20.0,211,1879,0.1122937732836615,Leadership & Strategy
Research Consultant,20.0,298,2227,0.1338123035473731,Medical & Healthcare
Resource Specialist,20.0,285,1972,0.1445233265720081,Supply Chain & Logistics
Library Assistant,20.0,199,1457,0.1365820178448867,Medical & Healthcare
Welding Engineer,20.0,139,1195,0.1163179916317991,Administrative & Clerical
Department Manager,20.0,6,46,0.1304347826086956,Leadership & Strategy
Facilities Manager,20.0,206,1345,0.1531598513011152,Medical & Healthcare
Facility Technician,20.0,118,848,0.1391509433962264,Supply Chain & Logistics
Knowledge Management Specialist,20.0,274,1806,0.1517165005537098,Law Enforcement
Meeting Planner,20.0,163,1506,0.1082337317397078,Construction
Office Assistant,20.0,215,1280,0.16796875,Sales & Marketing
Beverage Server,20.0,440,1748,0.2517162471395881,Supply Chain & Logistics
Program Assistant,20.0,221,1894,0.1166842661034846,Communication & PR
Scheduling Manager,20.0,255,1841,0.1385116784356328,Data & IT
Real Estate Accountant,20.0,175,1369,0.1278305332359386,Sales & Marketing
Car Porter,20.0,4,14,0.2857142857142857,Leadership & Strategy
Charter Pilot,20.0,2,0,inf,Medical & Healthcare
Commercial Pilot,20.0,2,0,inf,Supply Chain & Logistics
Conductor,20.0,2,0,inf,Law Enforcement
Corporate Pilot,20.0,2,0,inf,Construction
Driver Helper,20.0,48,465,0.1032258064516129,Sales & Marketing
Locomotive Engineer,20.0,22,118,0.1864406779661017,Hospitality
Messenger,20.0,67,436,0.1536697247706422,Communication & PR
Test Driver,20.0,117,1055,0.1109004739336492,Data & IT
Test Pilot,20.0,119,1072,0.1110074626865671,Administrative & Clerical
Unit Assistant,20.0,179,1451,0.1233631977946244,Administrative & Clerical
Reconciliation Specialist,20.0,200,1425,0.1403508771929824,Hospitality
Revenue Accountant,20.0,254,1894,0.1341077085533263,Communication & PR
Revenue Analyst,20.0,254,1732,0.1466512702078521,Data & IT
Senior Financial Analyst,20.0,261,1986,0.1314199395770392,Administrative & Clerical
Staff Accountant,20.0,248,1893,0.1310089804543053,Leadership & Strategy
Universal Banker,20.0,189,1446,0.1307053941908713,Medical & Healthcare
Chief Medical Officer,20.0,5,20,0.25,Supply Chain & Logistics
Clinical Social Worker,20.0,7,23,0.3043478260869565,Law Enforcement
Metallurgist,20.0,76,658,0.1155015197568389,Construction
Mining Engineer,20.0,73,965,0.0756476683937823,Sales & Marketing
Water Engineer,20.0,143,1165,0.1227467811158798,Data & IT
Pipeline Engineer,20.0,134,1313,0.102056359482102,Communication & PR
Piping Designer,20.0,133,1297,0.1025443330763299,Data & IT
Piping Engineer,20.0,132,1293,0.1020881670533642,Administrative & Clerical
Power Engineer,20.0,131,1328,0.098644578313253,Leadership & Strategy
Process Safety Engineer,20.0,141,1398,0.1008583690987124,Medical & Healthcare
Recording Engineer,20.0,214,1603,0.1334996880848409,Supply Chain & Logistics
Reservoir Engineer,20.0,141,1408,0.1001420454545454,Law Enforcement
Safety Engineer,20.0,124,850,0.1458823529411764,Construction
Traffic Engineer,20.0,156,1207,0.1292460646230323,Sales & Marketing
Transmission Engineer,20.0,143,1191,0.1200671704450042,Hospitality
Utility Engineer,20.0,135,1143,0.1181102362204724,Communication & PR
Naval Architect,20.0,87,982,0.0885947046843177,Hospitality
Maintenance Mechanic,20.0,143,1185,0.120675105485232,Construction
Maintenance Supervisor,20.0,147,1216,0.1208881578947368,Sales & Marketing
Marine Technician,20.0,166,1325,0.1252830188679245,Hospitality
Mechanical Assembler,20.0,128,1127,0.1135758651286601,Communication & PR
Mechanical Technician,20.0,157,1216,0.1291118421052631,Data & IT
Office Technician,20.0,201,1413,0.1422505307855626,Administrative & Clerical
Operations Technician,20.0,210,1433,0.1465457083042568,Leadership & Strategy
Optical Technician,20.0,194,1415,0.1371024734982332,Medical & Healthcare
Parts Manager,20.0,167,999,0.1671671671671671,Supply Chain & Logistics
Pc Technician,20.0,203,1429,0.1420573827851644,Law Enforcement
Environmental Coordinator,20.0,213,1388,0.1534582132564841,Leadership & Strategy
Plant Technician,20.0,133,1095,0.1214611872146118,Sales & Marketing
Pool Manager,20.0,129,1087,0.1186752529898804,Hospitality
Pool Technician,20.0,110,898,0.1224944320712694,Communication & PR
Property Caretaker,20.0,126,1041,0.1210374639769452,Data & IT
Pumper,20.0,104,1136,0.0915492957746478,Administrative & Clerical
Refrigeration Mechanic,20.0,111,1207,0.0919635459817729,Leadership & Strategy
Repair Technician,20.0,125,1244,0.1004823151125401,Medical & Healthcare
Residential Electrician,20.0,77,927,0.0830636461704422,Supply Chain & Logistics
Roughneck,20.0,57,742,0.0768194070080862,Law Enforcement
Sheet Metal Mechanic,20.0,79,933,0.0846730975348338,Construction
Pipeline Operator,20.0,127,1379,0.0920957215373459,Construction
Rehab Technician,20.0,116,962,0.1205821205821205,Medical & Healthcare
Respiratory Care Practitioner,20.0,98,774,0.1266149870801033,Supply Chain & Logistics
Respiratory Therapist,20.0,100,623,0.160513643659711,Law Enforcement
Speech Pathologist Assistant,20.0,106,709,0.1495063469675599,Construction
Technologist,20.0,141,1182,0.1192893401015228,Sales & Marketing
Travel Cna,20.0,141,1241,0.1136180499597099,Hospitality
Veterinary Technician,20.0,141,1168,0.1207191780821917,Communication & PR
Control Room Operator,20.0,5,40,0.125,Data & IT
Electric Lineman,20.0,69,671,0.1028315946348733,Administrative & Clerical
Environmental Services Manager,20.0,177,1213,0.145919208573784,Leadership & Strategy
Maintenance Electrician,20.0,141,1144,0.1232517482517482,Law Enforcement
Floor Technician,20.0,54,517,0.104448742746615,Supply Chain & Logistics
Groundskeeper,20.0,40,281,0.1423487544483986,Law Enforcement
Gutter,20.0,34,427,0.0796252927400468,Construction
Health And Safety Manager,20.0,203,1303,0.1557943207981581,Sales & Marketing
House Painter,20.0,138,1136,0.1214788732394366,Hospitality
Irrigation Technician,20.0,137,922,0.1485900216919739,Communication & PR
Janitorial Supervisor,20.0,136,966,0.1407867494824016,Data & IT
Journeyman Plumber,20.0,114,774,0.1472868217054263,Administrative & Clerical
Landscape Technician,20.0,139,844,0.1646919431279621,Leadership & Strategy
Lighting Technician,20.0,209,1554,0.1344916344916344,Medical & Healthcare
Maintenance Coordinator,20.0,158,1227,0.1287693561532192,Supply Chain & Logistics
Facility Maintenance Manager,20.0,151,1079,0.1399443929564411,Medical & Healthcare
Production Planner,20.0,197,1680,0.1172619047619047,Administrative & Clerical
Refinery,20.0,110,817,0.1346389228886169,Leadership & Strategy
Refinery Operator,20.0,118,957,0.1233019853709508,Medical & Healthcare
Stockroom Clerk,20.0,183,1350,0.1355555555555555,Supply Chain & Logistics
Retirement Specialist,20.0,212,1613,0.1314321140731556,Law Enforcement
Development Associate,20.0,9,57,0.1578947368421052,Construction
Leasing Manager,20.0,222,1703,0.1303581914268937,Sales & Marketing
New Home Sales Consultant,20.0,135,799,0.1689612015018773,Hospitality
Property Administrator,20.0,235,2169,0.1083448593822037,Communication & PR
Property Management,20.0,257,2256,0.113918439716312,Data & IT
Ship Fitter,20.0,69,876,0.0787671232876712,Sales & Marketing
Real Estate Salesperson,20.0,251,2187,0.114769090077732,Leadership & Strategy
Realtor,20.0,250,2186,0.1143641354071363,Medical & Healthcare
Residential Director,20.0,212,1617,0.1311069882498454,Supply Chain & Logistics
Salon Receptionist,20.0,187,1029,0.1817298347910592,Law Enforcement
Clinical Consultant,20.0,8,54,0.1481481481481481,Construction
Clinical Research Associate,20.0,8,54,0.1481481481481481,Sales & Marketing
Conservationist,20.0,6,46,0.1304347826086956,Hospitality
Ecologist,20.0,145,1121,0.1293487957181088,Communication & PR
Ehs Manager,20.0,212,1361,0.1557678177810433,Data & IT
Ehs Specialist,20.0,205,1341,0.1528709917971663,Administrative & Clerical
Real Estate Consultant,20.0,262,2321,0.1128823782852219,Administrative & Clerical
Slot Technician,20.0,70,900,0.0777777777777777,Hospitality
Stage Technician,20.0,103,1064,0.0968045112781954,Communication & PR
Structural Welder,20.0,67,879,0.0762229806598407,Data & IT
Substation Electrician,20.0,69,819,0.0842490842490842,Administrative & Clerical
Tig Welder,20.0,126,1171,0.107600341588386,Leadership & Strategy
Tower Technician,20.0,132,1140,0.1157894736842105,Medical & Healthcare
Tradesman,20.0,139,1158,0.120034542314335,Supply Chain & Logistics
Wastewater Operator,20.0,159,1251,0.1270983213429256,Law Enforcement
Water Operator,20.0,155,1223,0.1267375306623058,Construction
Welder Fabricator,20.0,129,1159,0.1113028472821397,Sales & Marketing
Production Designer,20.0,239,2062,0.1159068865179437,Data & IT
Camera Operator,20.0,6,48,0.125,Communication & PR
Cmm Operator,20.0,5,40,0.125,Data & IT
Die Maker,20.0,4,26,0.1538461538461538,Administrative & Clerical
Instrument Fitter,20.0,112,716,0.1564245810055866,Leadership & Strategy
Machinist,20.0,116,776,0.1494845360824742,Medical & Healthcare
Material Controller,20.0,151,1212,0.1245874587458745,Supply Chain & Logistics
Packaging Technician,20.0,151,1227,0.1230643846780766,Law Enforcement
Parts Driver,20.0,99,635,0.1559055118110236,Construction
Plant Controller,20.0,185,1697,0.1090159104301708,Sales & Marketing
Procurement Coordinator,20.0,236,1941,0.121586810922205,Hospitality
Product Designer,20.0,265,2171,0.1220635651773376,Communication & PR
Window Cleaner,20.0,109,1064,0.1024436090225563,Hospitality
Auto Damage Appraiser,19.0,671,2692,0.2492570579494799,Data & IT
Low Voltage Technician,18.0,434,2115,0.2052009456264775,Law Enforcement
Heavy Equipment Operators,18.0,235,1009,0.2329038652130822,Communication & PR
Handyman,18.0,212,919,0.2306855277475517,Hospitality
Paint Technician,18.0,393,1801,0.2182121043864519,Medical & Healthcare
Motorcycle Technician,18.0,385,1932,0.1992753623188405,Leadership & Strategy
Millwright,18.0,309,1674,0.1845878136200716,Administrative & Clerical
Mechanic,18.0,358,1485,0.241077441077441,Data & IT
Marine Surveyor,18.0,482,2242,0.2149866190900981,Communication & PR
Marine Mechanic,18.0,400,1957,0.2043944813490035,Hospitality
Automotive Detailer,18.0,392,1373,0.2855061908230153,Administrative & Clerical
Pipeline,18.0,485,1928,0.2515560165975103,Law Enforcement
Parts Specialist,18.0,580,2747,0.2111394248270841,Supply Chain & Logistics
Maintenance Worker,18.0,421,1649,0.2553062462098241,Sales & Marketing
Maintenance,18.0,457,1854,0.2464940668824164,Construction
Lathe Machinist,18.0,223,879,0.2536973833902161,Medical & Healthcare
Journeyman,18.0,206,838,0.2458233890214797,Leadership & Strategy
Insulator,18.0,186,768,0.2421875,Administrative & Clerical
Installation Manager,18.0,673,2670,0.2520599250936329,Data & IT
Farm Worker,18.0,203,822,0.2469586374695863,Sales & Marketing
Facilities Assistant,18.0,382,1845,0.2070460704607046,Construction
Line Service Technician,18.0,402,2017,0.1993058998512642,Supply Chain & Logistics
Pressure Washer,18.0,257,1296,0.1983024691358024,Construction
Bike Mechanic,18.0,327,1249,0.2618094475580464,Medical & Healthcare
Exterminator,18.0,208,946,0.2198731501057082,Law Enforcement
Automotive Service Advisor,18.0,494,2081,0.237385872176838,Leadership & Strategy
Crew Member,18.0,504,1900,0.2652631578947368,Supply Chain & Logistics
Roustabout,17.0,468,1837,0.2547632008709853,Hospitality
School Custodian,17.0,578,2449,0.236014699877501,Communication & PR
Pump Operator,17.0,487,2005,0.2428927680798005,Sales & Marketing
Steel Worker,17.0,483,1917,0.2519561815336463,Administrative & Clerical
Steamfitter,17.0,486,2023,0.2402372713791399,Data & IT
Substation Technician,16.0,498,2066,0.2410454985479186,Leadership & Strategy
Tower Crane Operator,16.0,481,1909,0.251964379256155,Medical & Healthcare
Foreign Language Teacher,15.0,566,2110,0.2682464454976303,Communication & PR
Guitar Teacher,15.0,511,1879,0.271953166577967,Data & IT
Learning Consultant,15.0,1004,4190,0.239618138424821,Administrative & Clerical
Bookstore Manager,15.0,888,3743,0.2372428533262089,Data & IT
Special Needs Teacher,15.0,940,3542,0.2653867871259175,Law Enforcement
Grocery Manager,15.0,648,2501,0.2590963614554178,Administrative & Clerical
Residence Hall Director,15.0,975,3743,0.2604862409831686,Supply Chain & Logistics
Soccer Coach,15.0,407,1729,0.2353961827646038,Communication & PR
Swim Coach,15.0,394,1700,0.2317647058823529,Supply Chain & Logistics
Tennis Coach,15.0,392,1698,0.2308598351001178,Law Enforcement
Health Aide,15.0,270,1051,0.2568981921979067,Hospitality
Health Assistant,15.0,272,1053,0.258309591642925,Communication & PR
Hospice Aide,15.0,276,1101,0.2506811989100817,Data & IT
Interventional Radiologist,15.0,304,1140,0.2666666666666666,Administrative & Clerical
University President,15.0,1100,4081,0.2695417789757412,Hospitality
Lvn,15.0,572,2181,0.2622650160476845,Medical & Healthcare
Journeyman Electrician,15.0,330,1256,0.2627388535031847,Leadership & Strategy
Journeyman Lineman,15.0,333,1190,0.2798319327731092,Medical & Healthcare
Warehouse Lead,15.0,984,3971,0.247796524804835,Construction
Warehouse Supervisor,15.0,984,3940,0.249746192893401,Sales & Marketing
Bilingual Customer Service,15.0,1275,4798,0.2657357232180075,Hospitality
Call Center Representative,15.0,1274,4798,0.2655273030429345,Communication & PR
Customer Service,15.0,1254,4766,0.2631137221989089,Administrative & Clerical
Lpn,15.0,570,2178,0.2617079889807162,Leadership & Strategy
Teacher,15.0,1083,4106,0.2637603507062835,Construction
Technology Teacher,15.0,1133,4256,0.2662124060150376,Sales & Marketing
Entertainer,15.0,718,2842,0.2526389866291344,Communication & PR
Curator,15.0,957,3964,0.241422805247225,Supply Chain & Logistics
Director Of Special Education,15.0,777,2715,0.2861878453038674,Law Enforcement
Junior Art Director,15.0,1120,4809,0.2328966521106259,Leadership & Strategy
Producer,15.0,1186,4984,0.2379614767255216,Medical & Healthcare
Senior Architect,15.0,1136,4834,0.235002068680182,Supply Chain & Logistics
Gymnastics Coach,15.0,401,1749,0.2292738707833047,Hospitality
Storyboard Artist,15.0,1137,4903,0.2318988374464613,Construction
Venue Manager,15.0,1187,4970,0.2388329979879275,Sales & Marketing
Nursing Faculty,15.0,716,2814,0.2544420753375977,Leadership & Strategy
Nursing Instructor,15.0,710,2811,0.2525791533262184,Medical & Healthcare
Plant Supervisor,15.0,735,3079,0.2387138681390061,Supply Chain & Logistics
Nurse Supervisor,15.0,552,2365,0.2334038054968287,Law Enforcement
Pharmacy Manager,15.0,691,2759,0.2504530627038782,Construction
Football Coach,15.0,402,1708,0.2353629976580796,Sales & Marketing
Set Designer,15.0,1131,4772,0.2370075440067058,Law Enforcement
Mds Coordinator,15.0,827,3235,0.2556414219474497,Communication & PR
Wholesale Account Executive,15.0,1080,4211,0.2564711469959629,Hospitality
Territory Sales Manager,15.0,1154,4575,0.2522404371584699,Sales & Marketing
Territory Account Manager,15.0,1156,4579,0.2524568683118585,Construction
Technical Account Manager,15.0,1181,4640,0.2545258620689655,Law Enforcement
Salesperson,15.0,1104,4519,0.2443018366895331,Supply Chain & Logistics
Floral Assistant,15.0,437,1943,0.2249099330931549,Administrative & Clerical
Fashion Designer,15.0,907,3977,0.2280613527784762,Data & IT
Direct Care Professional,15.0,665,2761,0.2408547627671133,Law Enforcement
Clinician,15.0,724,2766,0.2617498192335502,Supply Chain & Logistics
Clinical Assistant,15.0,748,2966,0.2521915037086986,Medical & Healthcare
Chiropractic Assistant,15.0,659,2721,0.2421903711870635,Leadership & Strategy
Certified Medical Assistant,15.0,701,2826,0.2480537862703467,Administrative & Clerical
Client Services Manager,15.0,1217,4757,0.2558335085137692,Data & IT
Mortgage Advisor,15.0,1001,3967,0.2523317368288379,Communication & PR
Loan Officer Assistant,15.0,1021,4171,0.2447854231599137,Hospitality
Manager,15.0,1316,5181,0.2540050183362285,Medical & Healthcare
Global Account Manager,15.0,978,3921,0.2494261667941851,Leadership & Strategy
Front Desk Manager,15.0,841,3660,0.2297814207650273,Administrative & Clerical
Executive Manager,15.0,995,3985,0.2496863237139272,Data & IT
Contract Analyst,15.0,862,3657,0.2357123325129888,Communication & PR
Supervisor,15.0,1202,4507,0.2666962502773463,Hospitality
Financial Advisor Trainee,15.0,956,3721,0.2569201827465735,Administrative & Clerical
Financial Advisor,15.0,990,3837,0.2580140734949179,Data & IT
Senior Tax Accountant,15.0,1032,4050,0.2548148148148148,Law Enforcement
Senior Auditor,15.0,1031,4047,0.2547566098344452,Supply Chain & Logistics
Reimbursement Specialist,15.0,899,3586,0.250697155605131,Medical & Healthcare
Care Assistant,15.0,612,2606,0.2348426707597851,Data & IT
Elementary School Principal,15.0,678,2750,0.2465454545454545,Hospitality
Education Coordinator,15.0,848,3590,0.2362116991643454,Sales & Marketing
Education Administrator,15.0,838,3498,0.2395654659805603,Construction
Customer Service Supervisor,15.0,1227,4704,0.2608418367346938,Medical & Healthcare
Customer Service Representative,15.0,1259,4772,0.2638306789606035,Leadership & Strategy
Construction Coordinator,15.0,919,3601,0.25520688697584,Sales & Marketing
Chief Estimator,15.0,881,3492,0.252290950744559,Construction
Building Official,15.0,908,3641,0.2493820379016753,Law Enforcement
Assistant Construction Manager,15.0,940,3773,0.2491386164855552,Supply Chain & Logistics
Produce Manager,15.0,670,2916,0.2297668038408779,Medical & Healthcare
Meat Manager,15.0,575,2668,0.2155172413793103,Leadership & Strategy
Utilization Review Nurse,15.0,768,3134,0.2450542437779196,Administrative & Clerical
Public Health Nurse,15.0,740,2968,0.2493261455525606,Data & IT
Associate Dentist,15.0,674,2621,0.2571537581075925,Hospitality
Hardware Technician,15.0,785,2771,0.2832912306026705,Supply Chain & Logistics
General Engineer,15.0,790,2828,0.2793493635077793,Medical & Healthcare
Flight Test Engineer,15.0,704,2536,0.277602523659306,Leadership & Strategy
Engineer,15.0,814,3007,0.2707016960425673,Administrative & Clerical
Energy Manager,15.0,891,3222,0.276536312849162,Data & IT
Sales Team Leader,15.0,1157,4511,0.2564841498559078,Medical & Healthcare
Sales Lead,15.0,1154,4417,0.2612633008829522,Leadership & Strategy
Commissioning Engineer,15.0,658,2529,0.2601818900751285,Sales & Marketing
Clinical Engineer,15.0,653,2764,0.2362518089725036,Construction
Architectural Engineer,15.0,736,3015,0.2441127694859038,Law Enforcement
Recreation Aide,15.0,609,2418,0.2518610421836228,Supply Chain & Logistics
Optical Manager,15.0,633,2799,0.2261521972132904,Medical & Healthcare
Bilingual,15.0,848,3512,0.2414578587699316,Leadership & Strategy
Behavior Technician,15.0,739,2905,0.2543889845094664,Communication & PR
Instrument Engineer,15.0,773,2730,0.2831501831501831,Law Enforcement
Bridge Inspector,15.0,787,2764,0.2847322720694645,Medical & Healthcare
Boiler Operator,15.0,676,2196,0.3078324225865209,Leadership & Strategy
Assistant Engineer,15.0,845,3010,0.2807308970099668,Administrative & Clerical
Traveler,15.0,708,3088,0.2292746113989637,Data & IT
Signing Agent,15.0,333,1851,0.179902755267423,Communication & PR
Night,15.0,245,912,0.2686403508771929,Hospitality
Fleet Coordinator,15.0,666,2965,0.2246205733558178,Medical & Healthcare
Engineering Manager,15.0,1164,4382,0.2656321314468279,Leadership & Strategy
Emergency Management,15.0,826,3271,0.2525221644756955,Sales & Marketing
Utility Locator,15.0,271,995,0.2723618090452261,Construction
Stationary Engineer,15.0,117,503,0.2326043737574552,Law Enforcement
Revenue Manager,15.0,1042,4230,0.2463356973995271,Construction
Power Plant Engineer,15.0,152,626,0.242811501597444,Medical & Healthcare
Plumbing Engineer,15.0,457,1654,0.2762998790810157,Leadership & Strategy
Civil Engineering Technician,15.0,987,3995,0.2470588235294117,Law Enforcement
Building Engineer,15.0,1009,4044,0.2495054401582591,Supply Chain & Logistics
Junior Engineer,15.0,966,3547,0.2723428249224697,Communication & PR
Instrument Technician,15.0,771,3035,0.2540362438220758,Hospitality
Industrial Mechanic,15.0,535,2331,0.2295152295152295,Sales & Marketing
Industrial Electrician,15.0,507,2062,0.2458777885548011,Construction
Human Factors Engineer,15.0,729,2803,0.2600784873349982,Law Enforcement
Gas Technician,15.0,545,2418,0.2253928866832092,Supply Chain & Logistics
Engineering Director,15.0,1159,4344,0.266804788213628,Administrative & Clerical
Refrigeration Engineer,15.0,122,500,0.244,Supply Chain & Logistics
Managing Director,15.0,1116,4285,0.260443407234539,Hospitality
Contract Manager,15.0,1135,4512,0.2515514184397163,Medical & Healthcare
Business Advisor,15.0,1242,5280,0.2352272727272727,Leadership & Strategy
Landscape Designer,15.0,694,3033,0.2288163534454335,Administrative & Clerical
Junior Copywriter,15.0,1266,5425,0.2333640552995391,Data & IT
Assistant Registrar,15.0,988,4086,0.241801272638277,Communication & PR
Admissions Representative,15.0,1082,4543,0.2381686110499669,Hospitality
Interpreter,15.0,767,3843,0.199583658600052,Administrative & Clerical
Bid Manager,15.0,1060,4503,0.2353986231401288,Data & IT
Investment Officer,15.0,986,3652,0.2699890470974808,Law Enforcement
Inventory Supervisor,15.0,913,3625,0.2518620689655172,Supply Chain & Logistics
Yacht Broker,15.0,886,3668,0.2415485278080698,Hospitality
Property Manager,15.0,1028,4703,0.2185838826281097,Leadership & Strategy
Summer Camp Counselor,15.0,990,4169,0.2374670184696569,Administrative & Clerical
Helper,15.0,545,2280,0.2390350877192982,Data & IT
Community Planner,15.0,845,3610,0.2340720221606648,Sales & Marketing
Camp Director,15.0,805,3243,0.2482269503546099,Construction
Executive Director,15.0,1129,4402,0.2564743298500681,Sales & Marketing
Chief Marketing Officer,15.0,1268,5313,0.2386598908338038,Construction
Surveillance Operator,15.0,615,2665,0.2307692307692307,Law Enforcement
Food Runner,15.0,462,1985,0.2327455919395466,Supply Chain & Logistics
Baggage Handler,15.0,281,1102,0.2549909255898366,Medical & Healthcare
Team Manager,15.0,1131,4894,0.2310993052717613,Leadership & Strategy
Dispatch Manager,15.0,832,3352,0.2482100238663484,Leadership & Strategy
Real Estate Developer,15.0,956,4077,0.2344861417709099,Medical & Healthcare
Scaffold Builder,15.0,465,1840,0.2527173913043478,Law Enforcement
Plumber,15.0,189,1028,0.183852140077821,Supply Chain & Logistics
Paver,15.0,201,1091,0.1842346471127406,Medical & Healthcare
Fork Lift Operator,15.0,218,943,0.2311770943796394,Leadership & Strategy
Fence Installer,15.0,198,908,0.2180616740088105,Administrative & Clerical
Electrical Helper,15.0,251,996,0.2520080321285141,Data & IT
Senior Staff Accountant,15.0,941,3944,0.2385902636916835,Sales & Marketing
Premium Auditor,15.0,726,3031,0.2395249092708677,Leadership & Strategy
Medical Director,15.0,821,3394,0.2418974661166764,Administrative & Clerical
Management Trainee,15.0,942,3787,0.248745709004489,Data & IT
Grants Manager,15.0,1047,4597,0.2277572329780291,Communication & PR
Electrical Engineering Technician,15.0,1075,4411,0.243708909544321,Data & IT
Executive,15.0,1191,4966,0.2398308497784937,Sales & Marketing
Diversity Manager,15.0,851,3555,0.2393811533052039,Construction
Mental Health Assistant,15.0,644,2545,0.2530451866404715,Law Enforcement
Medical Assistant,15.0,703,2617,0.2686282002292701,Supply Chain & Logistics
Assistant Store Manager,15.0,920,3828,0.2403343782654127,Communication & PR
Communications Coordinator,15.0,1224,5144,0.2379471228615863,Hospitality
Animator,15.0,1081,4149,0.2605447095685707,Sales & Marketing
Advertising Director,15.0,1250,5196,0.2405696689761355,Construction
Account Executive,15.0,1162,4586,0.2533798517226341,Law Enforcement
Director Of Customer Service,15.0,1203,4658,0.2582653499355947,Supply Chain & Logistics
Emergency Medicine Physician Assistant,15.0,319,1159,0.2752372735116479,Sales & Marketing
Doctor Assistant,15.0,802,3044,0.2634691195795006,Construction
General Counsel,15.0,1056,4223,0.2500591996211224,Hospitality
Director Of Engineering,15.0,1180,4432,0.2662454873646209,Communication & PR
Cost Engineer,15.0,1011,3766,0.2684545937334041,Hospitality
Corrosion Technician,15.0,750,2541,0.2951593860684769,Sales & Marketing
Construction Inspector,15.0,898,3614,0.2484781405644715,Construction
Transit Operator,15.0,325,1277,0.2545027407987471,Medical & Healthcare
Transit Bus Driver,15.0,322,1266,0.25434439178515,Leadership & Strategy
Airport Attendant,15.0,333,1591,0.2093023255813953,Data & IT
Executive Recruiter,15.0,947,3897,0.2430074416217603,Sales & Marketing
Welder,15.0,515,2097,0.245588936576061,Construction
Dock Supervisor,15.0,772,2986,0.2585398526456798,Administrative & Clerical
Electrician Helper,15.0,316,1200,0.2633333333333333,Data & IT
Director Of Environmental Services,15.0,891,3549,0.2510566356720203,Supply Chain & Logistics
Electrical Assistant,15.0,336,1274,0.2637362637362637,Hospitality
Wrestling Coach,15.0,392,1693,0.2315416420555227,Sales & Marketing
Volleyball Coach,15.0,393,1695,0.231858407079646,Construction
Construction Manager,15.0,930,3696,0.2516233766233766,Communication & PR
Construction Foreman,15.0,887,3318,0.2673297166968053,Hospitality
Lacrosse Coach,15.0,399,1707,0.2337434094903339,Medical & Healthcare
Design Manager,15.0,1297,5252,0.2469535415079969,Leadership & Strategy
Chief Diversity Officer,15.0,870,3222,0.2700186219739292,Administrative & Clerical
Paraprofessional,15.0,1040,4613,0.2254498157381313,Data & IT
Assistant Operations Manager,15.0,1134,4936,0.229740680713128,Communication & PR
Business Specialist,15.0,1247,5360,0.2326492537313433,Hospitality
Business Assistant,15.0,1127,4627,0.2435703479576399,Law Enforcement
Electrician,15.0,324,1222,0.265139116202946,Communication & PR
Barber,15.0,310,1258,0.246422893481717,Hospitality
Coating Inspector,15.0,464,1732,0.2678983833718245,Communication & PR
Welder Helper,15.0,518,2109,0.2456140350877192,Hospitality
Welder Apprentice,15.0,516,2106,0.245014245014245,Sales & Marketing
Utility Operator,15.0,531,2160,0.2458333333333333,Construction
Tree Trimmer,15.0,476,1917,0.2483046426708398,Law Enforcement
Tree Climber,15.0,474,1836,0.2581699346405229,Supply Chain & Logistics
Horse Trainer,15.0,230,885,0.2598870056497175,Administrative & Clerical
Negotiator,15.0,876,3713,0.2359278211688661,Data & IT
Private Caregiver,15.0,523,2172,0.2407918968692449,Law Enforcement
Personal Caregiver,15.0,523,2011,0.2600696171059174,Supply Chain & Logistics
Bilingual Teacher,15.0,828,3274,0.2529016493585828,Leadership & Strategy
Home Care Provider,15.0,409,1607,0.2545115121344119,Leadership & Strategy
Home Attendant,15.0,401,1604,0.25,Administrative & Clerical
Caretaker,15.0,464,1829,0.2536905412793876,Data & IT
Psychometrician,15.0,729,2848,0.2559691011235955,Sales & Marketing
Health Policy Analyst,15.0,858,3197,0.2683766030653738,Construction
Platform Engineer,15.0,926,3846,0.2407696307852314,Communication & PR
Tool And Die Maker,15.0,503,2128,0.2363721804511278,Hospitality
Career Specialist,15.0,1074,4405,0.2438138479001135,Medical & Healthcare
Activities Coordinator,15.0,1085,4318,0.2512737378415933,Leadership & Strategy
Junior Graphic Designer,15.0,1217,5123,0.2375561194612531,Administrative & Clerical
Instructional Designer,15.0,1387,5666,0.2447935051182492,Data & IT
Sustainability Coordinator,15.0,922,3790,0.2432717678100263,Communication & PR
Home Caregiver,15.0,414,1640,0.2524390243902439,Medical & Healthcare
Hr Recruiter,15.0,1072,4257,0.2518205308902983,Hospitality
Hr Consultant,15.0,1071,4272,0.2507022471910112,Sales & Marketing
Corporate Travel Consultant,15.0,1077,4443,0.2424037812288993,Construction
Information Technology,15.0,1204,4579,0.2629395064424547,Medical & Healthcare
Information Security,15.0,1139,4371,0.2605811027224891,Leadership & Strategy
Developmental Psychologist,15.0,722,2886,0.2501732501732501,Sales & Marketing
Counseling Psychologist,15.0,739,2892,0.2555325034578146,Construction
Chemical Dependency Counselor,15.0,771,2991,0.2577733199598796,Law Enforcement
Behavioral Therapist,15.0,786,2995,0.2624373956594323,Supply Chain & Logistics
Behavior Analyst,15.0,811,3056,0.2653795811518324,Medical & Healthcare
Addiction Counselor,15.0,800,3204,0.2496878901373283,Leadership & Strategy
Freight Handler,15.0,210,998,0.2104208416833667,Administrative & Clerical
Care Taker,15.0,465,1741,0.2670878805284319,Communication & PR
Director Of Sustainability,15.0,834,3231,0.2581244196843082,Law Enforcement
Staff Engineer,15.0,1162,4576,0.2539335664335664,Supply Chain & Logistics
Software Engineering Manager,15.0,1235,4837,0.2553235476535042,Medical & Healthcare
Software Development Manager,15.0,1238,4840,0.2557851239669421,Leadership & Strategy
Release Engineer,15.0,1179,4468,0.263876454789615,Administrative & Clerical
Process Technician,15.0,744,3051,0.2438544739429695,Data & IT
Shift Leader,15.0,996,3933,0.2532418001525553,Sales & Marketing
Production Supervisor,15.0,913,3764,0.2425611052072263,Construction
Production Manager,15.0,927,3806,0.2435627955859169,Law Enforcement
Product Tester,15.0,782,3424,0.2283878504672897,Supply Chain & Logistics
Parts Clerk,15.0,592,2344,0.2525597269624573,Medical & Healthcare
Industrial Cleaner,15.0,181,865,0.2092485549132948,Leadership & Strategy
Fabricator,15.0,246,1018,0.2416502946954813,Data & IT
Senior Executive Assistant,15.0,798,3866,0.206414899120538,Law Enforcement
Practice Manager,15.0,833,3704,0.2248920086393088,Supply Chain & Logistics
Practice Administrator,15.0,832,3703,0.2246826897110451,Medical & Healthcare
Personal Assistant,15.0,1100,4371,0.2516586593456875,Leadership & Strategy
Operations Associate,15.0,912,3664,0.2489082969432314,Administrative & Clerical
Office Manager,15.0,1000,3894,0.2568053415511042,Data & IT
Aircraft Electrician,15.0,371,1529,0.2426422498364944,Communication & PR
Aircraft Dispatcher,15.0,450,1829,0.2460360852925095,Hospitality
Sales Engineer,15.0,968,4215,0.229655990510083,Administrative & Clerical
Senior Vice President,15.0,1065,4113,0.2589350838803793,Communication & PR
Nuclear Engineer,15.0,458,1671,0.2740873728306403,Administrative & Clerical
Engineering Technician,15.0,1045,4243,0.2462880037709168,Medical & Healthcare
Sustainability Consultant,15.0,925,3786,0.2443211833069202,Hospitality
Flight Coordinator,15.0,676,3031,0.2230287033982184,Law Enforcement
Fleet Mechanic,15.0,630,2580,0.2441860465116279,Supply Chain & Logistics
Barback,15.0,308,1246,0.247191011235955,Sales & Marketing
Bakery Assistant,15.0,366,1362,0.2687224669603524,Construction
Van Driver,15.0,314,1244,0.2524115755627009,Law Enforcement
Transport Driver,15.0,317,1305,0.242911877394636,Supply Chain & Logistics
Team Lead,15.0,1183,5129,0.2306492493663482,Sales & Marketing
Shift Supervisor,15.0,721,3260,0.2211656441717791,Construction
Traffic Controller,15.0,499,2201,0.226715129486597,Administrative & Clerical
Terminal Operator,15.0,481,1893,0.254094030639197,Data & IT
Signal Maintainer,15.0,115,440,0.2613636363636363,Communication & PR
Patient Escort,15.0,459,1880,0.2441489361702127,Hospitality
Certified Nursing Assistant,15.0,438,1579,0.2773907536415453,Communication & PR
Bus Aide,15.0,256,995,0.257286432160804,Administrative & Clerical
Sales Contractor,15.0,915,4355,0.2101033295063145,Data & IT
Triage Nurse,15.0,510,2369,0.2152807091599831,Law Enforcement
Telephone Triage Nurse,15.0,535,2609,0.2050594097355308,Supply Chain & Logistics
Nurse Educator,15.0,562,2345,0.2396588486140725,Medical & Healthcare
Nurse Anesthetist,15.0,444,1696,0.2617924528301887,Leadership & Strategy
Mds Nurse,15.0,472,1856,0.2543103448275862,Administrative & Clerical
Clinical Nursing Instructor,15.0,668,2878,0.2321056289089645,Data & IT
President,15.0,756,3329,0.2270952237909282,Medical & Healthcare
Membership Director,15.0,749,3073,0.2437357630979499,Leadership & Strategy
Vendor,15.0,950,4426,0.2146407591504744,Sales & Marketing
Territory Manager,15.0,1122,4841,0.2317702953935137,Construction
Mechanical Engineering Technician,15.0,469,1710,0.2742690058479532,Data & IT
Strategic Account Manager,15.0,1209,5127,0.2358104154476302,Supply Chain & Logistics
Salesman,15.0,950,4446,0.2136752136752136,Medical & Healthcare
Sales Professional,15.0,959,4467,0.21468547123349,Leadership & Strategy
Office Associate,15.0,982,3843,0.2555295342180588,Communication & PR
Management Assistant,15.0,962,3872,0.2484504132231405,Hospitality
Sales Clerk,15.0,892,4091,0.2180395991200195,Communication & PR
Part Time Sales Associate,15.0,701,2858,0.2452764170748775,Hospitality
Vice President,15.0,1127,4334,0.2600369173973235,Sales & Marketing
School Director,15.0,724,3011,0.2404516771836599,Construction
Resident Director,15.0,665,2491,0.2669610598153352,Law Enforcement
Principal,15.0,752,3340,0.2251497005988024,Supply Chain & Logistics
Flight Engineer,15.0,459,1956,0.2346625766871165,Construction
Technical Sales Manager,15.0,1185,5065,0.2339585389930898,Law Enforcement
Rehabilitation Counselor,15.0,783,3133,0.2499202042770507,Communication & PR
Licensed Professional Counselor,15.0,655,2892,0.2264868603042877,Hospitality
Energy Consultant,15.0,889,3298,0.2695573074590661,Medical & Healthcare
Clinical Associate,15.0,741,2848,0.2601825842696629,Leadership & Strategy
Archaeologist,15.0,698,2793,0.2499104905119942,Administrative & Clerical
Residential Property Manager,15.0,1054,4175,0.2524550898203593,Data & IT
Real Estate Broker,15.0,1071,4256,0.2516447368421052,Communication & PR
Real Estate Associate,15.0,1058,4199,0.2519647535127411,Hospitality
Patient Access Manager,15.0,1101,4517,0.2437458490148328,Law Enforcement
Market Manager,15.0,1234,4926,0.2505075111652456,Supply Chain & Logistics
Real Estate Agent,15.0,1093,4314,0.2533611497450162,Law Enforcement
Human Resource Consultant,15.0,1058,4200,0.2519047619047619,Communication & PR
Lease Operator,15.0,517,1986,0.2603222557905337,Medical & Healthcare
Housing Coordinator,15.0,673,2555,0.2634050880626223,Leadership & Strategy
Commercial Real Estate Broker,15.0,938,3670,0.2555858310626703,Administrative & Clerical
Vocational Rehabilitation Counselor,15.0,746,2931,0.2545206414193108,Data & IT
Case Aide,15.0,824,3508,0.2348916761687571,Sales & Marketing
Senior Treasury Analyst,15.0,1052,4104,0.2563352826510721,Construction
Demonstrator,15.0,845,3937,0.2146304292608585,Administrative & Clerical
Vp Of Finance,15.0,1118,4251,0.2629969418960244,Data & IT
Vice President Of Operations,15.0,1147,4347,0.2638601334253508,Communication & PR
Vice President Of Finance,15.0,1138,4326,0.2630605640314378,Hospitality
Senior Manager,15.0,1174,4360,0.2692660550458715,Sales & Marketing
Regional Director,15.0,1182,4385,0.2695553021664766,Construction
Real Estate Administrative Assistant,15.0,1076,4249,0.2532360555424806,Supply Chain & Logistics
Personal Financial Advisor,15.0,1035,4230,0.2446808510638297,Administrative & Clerical
Mortgage Specialist,15.0,977,3902,0.2503844182470528,Data & IT
Academic Counselor,15.0,885,3544,0.2497178329571106,Sales & Marketing
Academic Advisor,15.0,905,3602,0.2512493059411438,Construction
Loan Consultant,15.0,1034,4224,0.2447916666666666,Sales & Marketing
Lending Manager,15.0,1016,4131,0.2459452916969257,Construction
Investment Manager,15.0,839,3274,0.256261453879047,Law Enforcement
In House Counsel,15.0,698,2743,0.2544659132336857,Supply Chain & Logistics
Financial Manager,15.0,962,3573,0.2692415337251609,Medical & Healthcare
Financial Controller,15.0,975,3604,0.2705327413984462,Leadership & Strategy
Electromechanical Technician,15.0,718,2526,0.2842438638163104,Communication & PR
Electrical Apprentice,15.0,577,2073,0.2783405692233478,Hospitality
Library Aide,15.0,632,2846,0.2220660576247364,Construction
Helicopter Mechanic,15.0,426,1804,0.2361419068736142,Sales & Marketing
Assistant Superintendent,15.0,775,3221,0.2406085066749456,Administrative & Clerical
Assistant Principal,15.0,815,3341,0.2439389404369949,Data & IT
Agriculture Teacher,15.0,682,2797,0.2438326778691455,Communication & PR
Admissions Counselor,15.0,885,3554,0.2490151941474395,Hospitality
Real Estate Assistant,15.0,1056,4199,0.2514884496308645,Sales & Marketing
Real Estate Appraiser,15.0,1014,4121,0.2460567823343848,Construction
Research Scientist,15.0,849,3400,0.2497058823529411,Administrative & Clerical
Radiation Safety Officer,15.0,649,2822,0.2299787384833451,Data & IT
Physical Scientist,15.0,537,2543,0.2111679119150609,Communication & PR
Medical Scientist,15.0,710,3157,0.2248970541653468,Hospitality
Medical Engineer,15.0,666,3053,0.2181460858172289,Sales & Marketing
Business Education Teacher,15.0,769,3071,0.2504070335395637,Medical & Healthcare
Corporate Controller,15.0,848,3330,0.2546546546546546,Hospitality
Controller,15.0,839,3328,0.2521033653846153,Sales & Marketing
Banking Consultant,15.0,911,3899,0.2336496537573736,Construction
Bank Examiner,15.0,817,3332,0.2451980792316926,Law Enforcement
Asset Management Analyst,15.0,885,3693,0.239642567018684,Supply Chain & Logistics
Nurse Recruiter,15.0,942,4011,0.2348541510845175,Medical & Healthcare
Labor Relations Specialist,15.0,871,3744,0.2326388888888889,Leadership & Strategy
Sushi Chef,15.0,453,2032,0.2229330708661417,Sales & Marketing
Party Chief,15.0,565,2335,0.2419700214132762,Construction
Veterinary Pathologist,15.0,511,2048,0.24951171875,Law Enforcement
Kennel Technician,15.0,220,929,0.2368137782561894,Supply Chain & Logistics
Kennel Attendant,15.0,222,931,0.238453276047261,Medical & Healthcare
Police Lieutenant,15.0,558,2265,0.2463576158940397,Law Enforcement
Construction Supervisor,15.0,847,3358,0.2522334723049434,Law Enforcement
Chief Human Resources Officer,15.0,916,3721,0.2461703843052942,Supply Chain & Logistics
Lawyer,15.0,764,3329,0.2294983478522078,Communication & PR
Law Librarian,15.0,672,3040,0.2210526315789473,Hospitality
Law Clerk,15.0,650,2816,0.2308238636363636,Sales & Marketing
Judicial Law Clerk,15.0,698,2908,0.2400275103163686,Construction
Attorney General,15.0,774,3080,0.2512987012987013,Law Enforcement
Attorney,15.0,800,3198,0.2501563477173233,Supply Chain & Logistics
Technical Lead,15.0,1259,4828,0.2607705053852527,Administrative & Clerical
Systems Manager,15.0,1216,4975,0.2444221105527638,Data & IT
Human Resources Recruiter,15.0,1070,4234,0.2527161076995748,Administrative & Clerical
Human Resources Associate,15.0,1049,4152,0.2526493256262042,Data & IT
Kennel Assistant,15.0,222,937,0.2369263607257203,Leadership & Strategy
Police Cadet,15.0,537,2063,0.2603005332040717,Supply Chain & Logistics
Senior Program Manager,15.0,1213,5052,0.2401029295328582,Communication & PR
Network Operations Manager,15.0,1053,4388,0.2399726526891522,Hospitality
Monitor Technician,15.0,756,3115,0.2426966292134831,Sales & Marketing
It Program Manager,15.0,1221,4501,0.2712730504332371,Construction
It Operations Manager,15.0,1208,4479,0.2697030587184639,Law Enforcement
Infrastructure Manager,15.0,1175,4387,0.2678367905174378,Supply Chain & Logistics
Detention Officer,15.0,519,1946,0.2667009249743062,Sales & Marketing
Senior Caregiver,15.0,640,2521,0.2538675128917096,Construction
Field Technician,15.0,794,2906,0.2732278045423262,Administrative & Clerical
Devops,15.0,897,3315,0.2705882352941176,Data & IT
Cyber Security,15.0,813,3139,0.2589996814272061,Communication & PR
Finance Controller,15.0,983,3620,0.2715469613259668,Communication & PR
Probation Officer,15.0,661,2682,0.2464578672632364,Sales & Marketing
Police Sergeant,15.0,561,2281,0.2459447610697062,Construction
Assessor,15.0,822,3326,0.2471437161755862,Medical & Healthcare
Wildlife Biologist,15.0,531,2245,0.2365256124721603,Leadership & Strategy
Patrol Officer,15.0,565,2259,0.2501106684373617,Medical & Healthcare
Military Officer,15.0,572,2344,0.2440273037542662,Leadership & Strategy
Juvenile Detention Officer,15.0,502,1928,0.2603734439834025,Administrative & Clerical
Immigration Officer,15.0,546,1897,0.2878228782287823,Data & IT
Guard,15.0,326,1280,0.2546875,Communication & PR
Firearms Instructor,15.0,349,1315,0.2653992395437262,Hospitality
Geologist,15.0,400,1534,0.2607561929595828,Law Enforcement
Gemologist,15.0,286,1183,0.2417582417582417,Supply Chain & Logistics
Public Safety Officer,15.0,817,3365,0.2427934621099554,Hospitality
Barista,14.0,329,1429,0.2302309307207837,Hospitality
Bartender,14.0,343,1462,0.234610123119015,Communication & PR
Golf Cart Attendant,13.0,374,1625,0.2301538461538461,Leadership & Strategy
Cart Attendant,13.0,270,1124,0.2402135231316726,Administrative & Clerical
Breakfast Attendant,13.0,271,1062,0.2551789077212806,Data & IT
Lifeguard,12.0,265,1038,0.2552986512524084,Medical & Healthcare
Physician,12.0,540,2130,0.2535211267605634,Sales & Marketing
Physician Assistant,12.0,540,2123,0.2543570419218087,Hospitality
Plastic Surgeon,12.0,365,1391,0.2624011502516175,Communication & PR
Podiatrist,12.0,363,1357,0.2675018422991894,Data & IT
Prosthetist,12.0,324,1396,0.2320916905444126,Administrative & Clerical
Orthodontist,12.0,377,1416,0.2662429378531073,Construction
Orthopaedic Surgeon,12.0,391,1430,0.2734265734265734,Sales & Marketing
Orthopedic Nurse Practitioner,12.0,438,1543,0.2838626053143227,Hospitality
Mental Health Worker,12.0,596,2250,0.2648888888888889,Supply Chain & Logistics
Outpatient Therapist,12.0,540,2059,0.2622632345798931,Data & IT
Pathologist,12.0,422,1559,0.2706863373957665,Administrative & Clerical
Pediatric Cardiologist,12.0,412,1477,0.2789438050101557,Leadership & Strategy
Oral Surgeon,12.0,378,1405,0.2690391459074733,Law Enforcement
Ophthalmologist,12.0,389,1468,0.2649863760217983,Supply Chain & Logistics
Oncologist,12.0,416,1455,0.2859106529209622,Medical & Healthcare
Occupational Medicine Physician,12.0,411,1457,0.2820864790665751,Leadership & Strategy
Obstetrician,12.0,412,1462,0.2818057455540356,Administrative & Clerical
Ob Gyn,12.0,410,1462,0.280437756497948,Data & IT
Neurosurgeon,12.0,393,1425,0.2757894736842105,Communication & PR
Neuropsychologist,12.0,443,1739,0.2547441058079356,Hospitality
Orthopedic Surgeon,12.0,393,1427,0.2754029432375613,Communication & PR
Renal Dietitian,12.0,487,2005,0.2428927680798005,Law Enforcement
Retail Pharmacist,12.0,555,2198,0.2525022747952684,Construction
Sports Medicine Physician,12.0,480,1983,0.2420574886535552,Sales & Marketing
Staff Pharmacist,12.0,549,2329,0.2357234864748819,Hospitality
Neonatologist,12.0,404,1453,0.2780454232622161,Law Enforcement
Public Health Dentist,12.0,455,1942,0.2342945417095777,Medical & Healthcare
Prosthodontist,12.0,388,1744,0.2224770642201834,Leadership & Strategy
Vascular Surgeon,12.0,427,1737,0.2458261370178468,Leadership & Strategy
Registered Dietitian,12.0,491,2022,0.2428288822947576,Supply Chain & Logistics
Trauma Surgeon,12.0,417,1706,0.2444314185228605,Data & IT
Surgeon,12.0,415,1711,0.2425482174167153,Communication & PR
Pediatric Hospitalist,12.0,454,1551,0.2927143778207608,Supply Chain & Logistics
Pediatrician,12.0,451,1529,0.2949640287769784,Law Enforcement
Periodontist,12.0,375,1397,0.2684323550465283,Construction
Neurologist,12.0,423,1494,0.2831325301204819,Sales & Marketing
Nephrologist,12.0,393,1431,0.2746331236897275,Construction
Pediatric Dentist,12.0,397,1444,0.2749307479224376,Medical & Healthcare
Urologist,12.0,420,1618,0.2595797280593325,Administrative & Clerical
Aircraft Cleaner,11.0,185,826,0.2239709443099273,Supply Chain & Logistics
Wic Nutritionist,11.0,469,2141,0.2190565156468939,Medical & Healthcare
Auto Appraiser,11.0,341,1596,0.2136591478696742,Law Enforcement
Teaching Assistant,10.0,772,3674,0.2101252041371802,Communication & PR
Teachers Aide,10.0,767,3639,0.2107721901621324,Hospitality
Teacher Assistant,10.0,772,3651,0.2114489181046288,Sales & Marketing
Student Mentor,10.0,817,3663,0.223041223041223,Law Enforcement
Mental Health Professional,10.0,603,2304,0.26171875,Law Enforcement
Mental Health Specialist,10.0,606,2287,0.264975951027547,Construction
Mental Health Technician,10.0,587,2206,0.2660924750679964,Sales & Marketing
Mental Health Therapist,10.0,599,2236,0.2678890876565295,Hospitality
Pool Attendant,10.0,157,700,0.2242857142857142,Communication & PR
Sommelier,10.0,299,1202,0.2487520798668885,Data & IT
Wait Staff,10.0,537,2383,0.2253462022660512,Administrative & Clerical
Endocrinologist,10.0,315,1321,0.2384557153671461,Construction
Teacher Aide,10.0,768,3642,0.2108731466227347,Construction
General Surgeon,10.0,418,1844,0.2266811279826464,Hospitality
Gynecologist,10.0,421,1739,0.242093156986774,Communication & PR
Hospitalist,10.0,434,1789,0.242593627724986,Data & IT
Immunologist,10.0,455,1815,0.2506887052341597,Administrative & Clerical
Medical Doctor,10.0,472,1673,0.2821279139270771,Leadership & Strategy
Mental Health Clinician,10.0,614,2293,0.2677714784125599,Medical & Healthcare
Recreation Therapist,10.0,602,2437,0.2470250307755437,Leadership & Strategy
Recreational Therapist,10.0,599,2411,0.2484446287847366,Medical & Healthcare
Rehabilitation Specialist,10.0,565,2253,0.2507767421216156,Supply Chain & Logistics
Gastroenterologist,10.0,430,1784,0.2410313901345291,Sales & Marketing
Actor,10.0,742,3160,0.2348101265822784,Data & IT
Art Handler,10.0,694,3025,0.2294214876033057,Administrative & Clerical
Cop,10.0,392,1527,0.2567125081859855,Data & IT
Deployment Technician,10.0,900,3637,0.2474566950783613,Administrative & Clerical
Federal Air Marshal,10.0,397,1560,0.2544871794871794,Leadership & Strategy
Firefighter,10.0,378,1449,0.2608695652173913,Medical & Healthcare
Fireman,10.0,352,1319,0.266868840030326,Supply Chain & Logistics
Forest Firefighter,10.0,372,1480,0.2513513513513513,Law Enforcement
Mental Health Counselor,10.0,614,2289,0.2682394058540847,Supply Chain & Logistics
Hot Shot,10.0,393,1693,0.232132309509746,Sales & Marketing
Waiter,10.0,538,2459,0.2187881252541683,Leadership & Strategy
Waitress,10.0,538,2475,0.2173737373737373,Medical & Healthcare
Babysitter,10.0,305,1208,0.2524834437086092,Supply Chain & Logistics
Child Care Assistant,10.0,424,1785,0.2375350140056022,Law Enforcement
Classroom Aide,10.0,454,1797,0.2526432943795214,Construction
Day Camp Counselor,10.0,416,1577,0.2637920101458465,Sales & Marketing
Homemaker,10.0,459,2238,0.2050938337801608,Hospitality
Live In Caregiver,10.0,500,2383,0.209819555182543,Communication & PR
Gate Guard,10.0,362,1630,0.2220858895705521,Construction
Social Service,10.0,916,4142,0.2211492032834379,Law Enforcement
Social Service Worker,10.0,908,4129,0.2199079680310002,Construction
Youth Mentor,10.0,777,3037,0.2558445834705301,Sales & Marketing
Preschool Assistant,10.0,666,2732,0.2437774524158125,Construction
Professor,10.0,689,3062,0.2250163291966035,Sales & Marketing
School Counselor,10.0,725,2699,0.2686180066691367,Hospitality
School Psychologist,10.0,644,2506,0.2569832402234637,Communication & PR
School Teacher,10.0,707,2791,0.2533142242923683,Data & IT
Spanish Tutor,10.0,589,2853,0.2064493515597616,Administrative & Clerical
Dancer,10.0,537,2015,0.2665012406947891,Sales & Marketing
Special Educator,10.0,683,2612,0.2614854517611026,Medical & Healthcare
Faculty,10.0,826,3475,0.2376978417266187,Hospitality
Finance Professor,10.0,962,3977,0.2418908725169725,Communication & PR
High School Counselor,10.0,799,3544,0.225451467268623,Data & IT
Law Professor,10.0,742,3222,0.2302917442582247,Administrative & Clerical
Lead Teacher,10.0,795,3359,0.2366775826138731,Leadership & Strategy
Lecturer,10.0,816,3417,0.2388059701492537,Medical & Healthcare
Long Term Substitute Teacher,10.0,726,3219,0.2255358807082945,Supply Chain & Logistics
Math Teacher,10.0,536,2215,0.2419864559819413,Law Enforcement
Special Education Teacher,10.0,697,2903,0.2400964519462624,Leadership & Strategy
Author,10.0,1112,4724,0.235393734123624,Construction
Creative Writer,10.0,999,4356,0.2293388429752066,Sales & Marketing
Environment Artist,10.0,786,3918,0.2006125574272588,Hospitality
Field Interviewer,10.0,976,4302,0.2268712226871222,Communication & PR
Game Master,10.0,987,4587,0.2151733158927403,Data & IT
Grant Writer,10.0,1059,4670,0.2267665952890792,Administrative & Clerical
Multimedia Journalist,10.0,998,4180,0.238755980861244,Leadership & Strategy
News Anchor,10.0,952,4053,0.234887737478411,Medical & Healthcare
Supply Chain Management,10.0,1073,4297,0.2497090993716546,Hospitality
Immigration Specialist,10.0,769,3186,0.241368487131199,Supply Chain & Logistics
Athletic Director,10.0,865,3729,0.2319656744435505,Data & IT
Certified Athletic Trainer,10.0,413,1860,0.2220430107526881,Administrative & Clerical
Head Football Coach,10.0,629,3055,0.2058919803600654,Leadership & Strategy
Naturalist,10.0,435,1738,0.2502876869965477,Medical & Healthcare
Referee,10.0,299,1137,0.2629727352682497,Supply Chain & Logistics
Umpire,10.0,376,1242,0.3027375201288245,Law Enforcement
Pharmacist Manager,10.0,526,1932,0.2722567287784679,Data & IT
Pharmacy Technician Instructor,10.0,544,2435,0.2234086242299794,Administrative & Clerical
Child Advocate,10.0,602,2522,0.2386994448850119,Leadership & Strategy
Community Organizer,10.0,768,3063,0.2507345739471107,Medical & Healthcare
Athletic Coordinator,10.0,867,3709,0.2337557293070908,Communication & PR
Dermatologist,10.0,269,1143,0.2353455818022747,Supply Chain & Logistics
Doula,10.0,267,1205,0.2215767634854771,Law Enforcement
Interior Design Assistant,10.0,716,3344,0.2141148325358851,Data & IT
Makeup Artist,10.0,540,2932,0.1841746248294679,Administrative & Clerical
Music Director,10.0,429,1648,0.2603155339805825,Leadership & Strategy
Promoter,10.0,998,4516,0.2209920283436669,Medical & Healthcare
Recreation Coordinator,10.0,771,3608,0.2136917960088691,Supply Chain & Logistics
Recreation Director,10.0,758,3594,0.2109070673344463,Law Enforcement
Scenic Artist,10.0,411,2217,0.1853856562922868,Construction
Art Professor,10.0,1027,4408,0.2329854809437386,Data & IT
Artist,10.0,970,4370,0.2219679633867277,Leadership & Strategy
Choir Director,10.0,517,1867,0.2769148366363149,Medical & Healthcare
Church Musician,10.0,507,1876,0.2702558635394456,Supply Chain & Logistics
Comic,10.0,757,2927,0.2586265801161599,Law Enforcement
Copy Writer,10.0,1070,4414,0.2424105120072496,Construction
Rehabilitation Therapist,10.0,565,2267,0.2492280546978385,Law Enforcement
Entertainment Writer,10.0,1082,4477,0.2416796962251507,Hospitality
Gamer,10.0,826,3837,0.215272348188689,Communication & PR
Student Assistant,10.0,798,3792,0.2104430379746835,Supply Chain & Logistics
Talent Director,10.0,1233,5283,0.2333901192504258,Sales & Marketing
Assistant Professor,10.0,933,3946,0.2364419665484034,Administrative & Clerical
Associate Professor,10.0,930,3942,0.2359208523592085,Leadership & Strategy
Biology Instructor,10.0,716,2975,0.240672268907563,Medical & Healthcare
Business Teacher,10.0,843,3243,0.2599444958371878,Supply Chain & Logistics
Chemistry Professor,10.0,716,3008,0.238031914893617,Law Enforcement
College Instructor,10.0,814,3258,0.2498465316144874,Construction
Engineering Teacher,10.0,928,3666,0.2531369339879978,Sales & Marketing
Speech Writer,10.0,1101,4636,0.2374892148403796,Leadership & Strategy
Sports Anchor,10.0,1096,4512,0.2429078014184397,Medical & Healthcare
Crna,10.0,258,1072,0.2406716417910447,Medical & Healthcare
Video Journalist,10.0,1215,5061,0.2400711321873147,Law Enforcement
Desktop Publisher,10.0,1078,4877,0.2210375230674595,Construction
Academic Dean,10.0,861,3610,0.2385041551246537,Sales & Marketing
Accounting Instructor,10.0,899,3715,0.2419919246298788,Hospitality
Admissions Officer,10.0,945,3930,0.2404580152671755,Communication & PR
Theatre,10.0,686,3196,0.2146433041301627,Hospitality
Woodworker,10.0,278,1408,0.1974431818181818,Communication & PR
Acupuncturist,10.0,172,687,0.2503639010189228,Data & IT
Audiologist,10.0,315,1312,0.2400914634146341,Administrative & Clerical
Clinical Psychologist,10.0,377,1547,0.2436974789915966,Leadership & Strategy
Sports Reporter,10.0,1121,4583,0.2445996072441632,Supply Chain & Logistics
Teamster,10.0,322,1482,0.2172739541160593,Law Enforcement
Tankerman,10.0,225,951,0.2365930599369085,Supply Chain & Logistics
Pbx Operator,10.0,741,3424,0.2164135514018691,Communication & PR
Customer Service Specialist,10.0,1156,4590,0.2518518518518518,Hospitality
Customer Service Receptionist,10.0,1150,4582,0.2509821038847665,Sales & Marketing
Customer Service Operator,10.0,1148,4585,0.250381679389313,Construction
Customer Service Associate,10.0,1165,4624,0.2519463667820069,Law Enforcement
Client Service Associate,10.0,1172,4636,0.2528041415012942,Supply Chain & Logistics
Client Associate,10.0,1170,4634,0.2524816573154941,Medical & Healthcare
Wedding Coordinator,10.0,1006,4282,0.2349369453526389,Leadership & Strategy
Key Holder,10.0,592,2335,0.2535331905781585,Sales & Marketing
Marketing Representative,10.0,1251,5064,0.2470379146919431,Construction
Brand Representative,10.0,1194,5005,0.2385614385614385,Law Enforcement
Brand Ambassador,10.0,1202,5091,0.2361029267334511,Supply Chain & Logistics
It Director,10.0,1161,4620,0.2512987012987013,Administrative & Clerical
Telephone Operator,10.0,724,3324,0.2178098676293622,Leadership & Strategy
Service Representative,10.0,752,3392,0.2216981132075471,Administrative & Clerical
Phone Operator,10.0,729,3435,0.2122270742358078,Data & IT
Crane Operator,10.0,217,1015,0.2137931034482758,Law Enforcement
Concrete Finisher,10.0,206,975,0.2112820512820512,Supply Chain & Logistics
Building Inspector,10.0,353,1510,0.2337748344370861,Medical & Healthcare
Builder,10.0,267,1206,0.2213930348258706,Leadership & Strategy
Brick Mason,10.0,229,1056,0.2168560606060606,Administrative & Clerical
Architect,10.0,988,3931,0.2513355380310353,Data & IT
Aerial Lineman,10.0,388,1594,0.2434127979924717,Communication & PR
Wholesaler,10.0,917,3683,0.2489818083084442,Hospitality
Academic Tutor,10.0,897,3887,0.2307692307692307,Administrative & Clerical
Claims Clerk,10.0,903,3798,0.2377567140600316,Data & IT
Flagger,10.0,214,683,0.3133235724743777,Communication & PR
Field Worker,10.0,209,716,0.2918994413407821,Hospitality
Ambassador,10.0,782,3079,0.2539785644689834,Medical & Healthcare
Senior Accountant,10.0,765,3249,0.2354570637119113,Hospitality
Senior Account Manager,10.0,886,3793,0.2335881887687846,Sales & Marketing
Relationship Banker,10.0,795,3364,0.2363258026159334,Construction
Reimbursement Manager,10.0,740,3078,0.2404158544509421,Law Enforcement
Regional Account Manager,10.0,930,3842,0.2420614263404477,Supply Chain & Logistics
Proprietary Trader,10.0,765,3470,0.2204610951008645,Medical & Healthcare
Project Accountant,10.0,911,3889,0.2342504499871432,Leadership & Strategy
Forestry Technician,10.0,270,854,0.3161592505854801,Sales & Marketing
Presenter,10.0,1017,4474,0.227313366115333,Construction
Community Association Manager,10.0,895,3746,0.2389215162840363,Law Enforcement
Real Estate Sales Agent,10.0,959,4017,0.2387353746577047,Supply Chain & Logistics
Clinical Manager,10.0,674,2864,0.2353351955307262,Medical & Healthcare
Business Operations Specialist,10.0,1110,4335,0.2560553633217993,Leadership & Strategy
Assistant General Manager,10.0,981,4034,0.2431829449677739,Administrative & Clerical
Peer Mentor,10.0,647,3001,0.2155948017327557,Construction
Business Leader,10.0,1080,4260,0.2535211267605634,Law Enforcement
Gardener,10.0,229,911,0.2513721185510428,Supply Chain & Logistics
Dean,10.0,903,3756,0.2404153354632587,Medical & Healthcare
Associate Dean,10.0,905,3782,0.2392913802221047,Leadership & Strategy
Assistant Dean,10.0,906,3780,0.2396825396825397,Administrative & Clerical
Information Technology Director,10.0,1070,4155,0.2575210589651023,Data & IT
Office Administrator,10.0,1034,4099,0.2522566479629178,Communication & PR
Grounds Manager,10.0,351,1301,0.2697924673328209,Hospitality
Food Handler,10.0,347,1160,0.2991379310344828,Medical & Healthcare
Chief Technology Officer,10.0,1097,4185,0.2621266427718041,Leadership & Strategy
Academic Director,10.0,939,3837,0.2447224394057857,Administrative & Clerical
Personal Care Worker,10.0,260,929,0.2798708288482239,Data & IT
Sailing Instructor,10.0,361,1629,0.2216083486801718,Communication & PR
Design Director,10.0,1076,4738,0.2271000422119037,Hospitality
Artistic Director,10.0,1125,5016,0.2242822966507177,Sales & Marketing
Geriatric Nursing Assistant,10.0,447,2173,0.2057063966866083,Data & IT
Lead Auditor,10.0,807,3228,0.25,Law Enforcement
Investment Consultant,10.0,907,3642,0.2490389895661724,Supply Chain & Logistics
Police Officer,10.0,546,1959,0.2787136294027565,Law Enforcement
Police Chief,10.0,559,1991,0.280763435459568,Supply Chain & Logistics
Peace Officer,10.0,532,1925,0.2763636363636363,Medical & Healthcare
Parole Officer,10.0,549,2000,0.2745,Leadership & Strategy
Officer,10.0,530,1687,0.3141671606401897,Administrative & Clerical
Military Police Officer,10.0,541,1705,0.3173020527859237,Data & IT
Military Police,10.0,541,1705,0.3173020527859237,Communication & PR
K9 Handler,10.0,354,1600,0.22125,Hospitality
Noc Manager,10.0,620,2505,0.24750499001996,Medical & Healthcare
It Manager,10.0,1161,4609,0.251898459535691,Leadership & Strategy
Reviewer,10.0,1217,4948,0.2459579628132578,Administrative & Clerical
Information Systems Manager,10.0,1165,4626,0.2518374405533938,Data & IT
Excavator,10.0,222,1034,0.2147001934235976,Sales & Marketing
Information Manager,10.0,1156,4626,0.249891915261565,Hospitality
CTO,10.0,1155,4542,0.2542932628797886,Sales & Marketing
Special Police Officer,10.0,255,1044,0.2442528735632184,Construction
Mental Health Associate,10.0,607,2280,0.2662280701754386,Administrative & Clerical
Behavior Interventionist,10.0,489,2323,0.2105036590615583,Data & IT
Art Therapist,10.0,500,2315,0.2159827213822894,Communication & PR
Aba Therapist,10.0,379,1898,0.1996838777660695,Hospitality
Technical Services Manager,10.0,1249,5254,0.2377236391320898,Sales & Marketing
Technical Program Manager,10.0,1248,5196,0.2401847575057736,Construction
Service Desk Manager,10.0,987,4376,0.2255484460694698,Law Enforcement
Program Supervisor,10.0,864,4093,0.2110921084778891,Supply Chain & Logistics
Real Estate Analyst,10.0,722,3348,0.2156511350059737,Communication & PR
Estate Manager,10.0,761,3620,0.2102209944751381,Hospitality
Commercial Real Estate Appraiser,10.0,589,2321,0.2537699267557087,Sales & Marketing
Academic Administrator,10.0,858,3596,0.2385984427141268,Construction
Information Security Officer,10.0,1131,4569,0.247537754432042,Communication & PR
Directional Driller,10.0,237,1036,0.2287644787644787,Construction
Cultivator,10.0,275,1104,0.2490942028985507,Sales & Marketing
Contact Tracer,10.0,711,3020,0.2354304635761589,Construction
Clinical Scientist,10.0,551,2332,0.2362778730703259,Law Enforcement
Clinical Documentation Specialist,10.0,775,3049,0.2541816989176779,Supply Chain & Logistics
Tailor,10.0,289,1206,0.2396351575456053,Medical & Healthcare
Spa Coordinator,10.0,631,2500,0.2524,Leadership & Strategy
Model Maker,10.0,445,1839,0.241979336595976,Administrative & Clerical
Residential Appraiser,10.0,540,2541,0.2125147579693034,Data & IT
Public Health Analyst,10.0,852,3587,0.2375243936437134,Law Enforcement
Physicist,10.0,523,2359,0.221704111911827,Supply Chain & Logistics
Park Naturalist,10.0,458,1818,0.2519251925192519,Medical & Healthcare
Organizational Psychologist,10.0,516,2072,0.249034749034749,Leadership & Strategy
Nuclear Physicist,10.0,492,2175,0.2262068965517241,Administrative & Clerical
Management Accountant,10.0,747,2895,0.2580310880829015,Construction
Library Page,10.0,792,3156,0.2509505703422053,Communication & PR
Forester,10.0,549,2492,0.2203049759229534,Hospitality
Inventory Manager,10.0,981,4104,0.2390350877192982,Medical & Healthcare
Finance Executive,10.0,1081,4390,0.2462414578587699,Leadership & Strategy
Finance Director,10.0,1094,4639,0.2358266867859452,Administrative & Clerical
Director Of Accounting,10.0,834,3310,0.2519637462235649,Data & IT
Branch Manager,10.0,945,3786,0.2496038034865293,Communication & PR
Banker,10.0,994,4020,0.2472636815920398,Hospitality
Social Scientist,10.0,856,3574,0.2395075545607163,Sales & Marketing
Research Psychologist,10.0,858,3432,0.25,Construction
Private Banker,10.0,763,3501,0.2179377320765495,Administrative & Clerical
Personal Banker,10.0,655,2494,0.2626303127506014,Data & IT
Payroll Consultant,10.0,686,2912,0.235576923076923,Communication & PR
Options Trader,10.0,629,2631,0.2390725959711136,Hospitality
Mortgage Consultant,10.0,713,2914,0.2446808510638297,Sales & Marketing
Marine Biologist,10.0,431,2053,0.209936678032148,Data & IT
Plasterer,10.0,186,842,0.2209026128266033,Communication & PR
Pipefitter,10.0,201,892,0.2253363228699551,Hospitality
Oil Field,10.0,226,945,0.2391534391534391,Sales & Marketing
Motorcycle Mechanic,10.0,204,858,0.2377622377622377,Construction
Mig Welder,10.0,185,836,0.2212918660287081,Law Enforcement
Marine Electrician,10.0,235,938,0.2505330490405117,Supply Chain & Logistics
Master Electrician,10.0,250,959,0.2606882168925964,Law Enforcement
Mason,10.0,233,826,0.2820823244552058,Supply Chain & Logistics
Lumberjack,10.0,191,607,0.314662273476112,Medical & Healthcare
Logger,10.0,188,626,0.3003194888178914,Leadership & Strategy
Locksmith,10.0,246,844,0.2914691943127962,Administrative & Clerical
Loader Operator,10.0,206,717,0.2873082287308228,Data & IT
Laundry Aide,10.0,240,790,0.3037974683544304,Communication & PR
Landscape Laborer,10.0,224,706,0.3172804532577903,Hospitality
Electrician Apprentice,10.0,459,1472,0.311820652173913,Administrative & Clerical
Rigger,10.0,176,867,0.2029988465974625,Leadership & Strategy
Plumber Helper,10.0,185,855,0.2163742690058479,Administrative & Clerical
Mover Helper,10.0,246,752,0.3271276595744681,Data & IT
Miner,10.0,207,653,0.3169984686064318,Communication & PR
Merchant Marine,10.0,212,638,0.3322884012539185,Hospitality
Mechanic Helper,10.0,247,908,0.2720264317180617,Sales & Marketing
Master Plumber,10.0,239,901,0.2652608213096559,Construction
Travel Consultant,10.0,1072,4402,0.2435256701499318,Administrative & Clerical
Mentor,10.0,823,3619,0.227410886985355,Data & IT
Coach,10.0,946,3620,0.2613259668508287,Communication & PR
Camp Counselor,10.0,947,3687,0.2568483862218605,Hospitality
Associate Pastor,10.0,679,2966,0.2289278489548213,Sales & Marketing
Zamboni Driver,10.0,172,778,0.2210796915167095,Construction
Central Office Technician,10.0,615,2578,0.2385570209464701,Medical & Healthcare
Speaker,10.0,1128,4578,0.2463958060288335,Leadership & Strategy
Spotter,10.0,241,910,0.2648351648351648,Medical & Healthcare
Yield Engineer,10.0,860,3399,0.253015592821418,Data & IT
Technical Manager,10.0,1269,5328,0.2381756756756756,Communication & PR
Release Manager,10.0,914,4248,0.2151600753295668,Hospitality
Human Resources Officer,10.0,1192,4622,0.2578970142795326,Medical & Healthcare
Human Resources Assistant,10.0,1140,4541,0.2510460251046025,Leadership & Strategy
Human Resource Assistant,10.0,1143,4472,0.2555903398926655,Administrative & Clerical
Hse Manager,10.0,1016,3865,0.2628719275549806,Data & IT
Hr Representative,10.0,1147,4480,0.2560267857142857,Communication & PR
Hr Assistant,10.0,1135,4773,0.237795935470354,Hospitality
Headhunter,10.0,1005,3934,0.255465175394001,Sales & Marketing
Campus Recruiter,10.0,951,4469,0.2127992839561423,Construction
Day Porter,10.0,392,1650,0.2375757575757575,Sales & Marketing
Auto Detailer,10.0,211,895,0.235754189944134,Construction
Finisher,10.0,448,2046,0.2189638318670576,Law Enforcement
Plumbing Inspector,10.0,289,1084,0.2666051660516605,Data & IT
Farm Manager,10.0,609,2914,0.2089910775566232,Medical & Healthcare
Farm Hand,10.0,498,1929,0.2581648522550544,Leadership & Strategy
Farm,10.0,553,2720,0.2033088235294117,Administrative & Clerical
Equipment Manager,10.0,723,3119,0.2318050657261943,Data & IT
Electrical Superintendent,10.0,814,3497,0.2327709465255933,Communication & PR
Detailer,10.0,539,1896,0.2842827004219409,Hospitality
Manual Machinist,10.0,194,846,0.2293144208037825,Medical & Healthcare
Maintenance Assistant,10.0,725,2630,0.2756653992395437,Leadership & Strategy
Luthier,10.0,285,1143,0.2493438320209973,Administrative & Clerical
Low Voltage Electrician,10.0,529,1951,0.2711430035879036,Data & IT
Loadmaster,10.0,554,2024,0.2737154150197628,Communication & PR
Landscaping,10.0,551,2538,0.2171000788022064,Hospitality
Landscape Foreman,10.0,538,2203,0.2442124375851112,Sales & Marketing
Jeweler,10.0,470,2560,0.18359375,Construction
Porter,10.0,203,1030,0.1970873786407767,Administrative & Clerical
Farmer,10.0,533,2542,0.2096774193548387,Supply Chain & Logistics
Assistant Basketball Coach,10.0,946,3606,0.2623405435385468,Administrative & Clerical
Assistant Athletic Director,10.0,935,3701,0.252634423128884,Data & IT
Government Contractor,10.0,722,2689,0.2685013015991074,Communication & PR
Federal Contractor,10.0,756,2784,0.271551724137931,Hospitality
Community Worker,10.0,984,4335,0.2269896193771626,Sales & Marketing
Activist,10.0,887,3578,0.2479038569032979,Construction
Radio,10.0,961,4258,0.2256928135274777,Administrative & Clerical
Public Address Announcer,10.0,1082,4469,0.2421123293801745,Data & IT
Performer,10.0,874,3842,0.2274856845393024,Communication & PR
Massage Therapist,10.0,357,1459,0.2446881425633996,Hospitality
Licensed Massage Therapist,10.0,348,1266,0.2748815165876777,Sales & Marketing
Gym,10.0,343,1235,0.2777327935222672,Construction
Diver,10.0,240,839,0.2860548271752086,Law Enforcement
Assistant Soccer Coach,10.0,933,3562,0.2619314991577765,Supply Chain & Logistics
Laborer,10.0,201,615,0.3268292682926829,Sales & Marketing
Psychotherapist,10.0,531,2391,0.2220828105395232,Hospitality
Psychologist,10.0,520,2350,0.2212765957446808,Sales & Marketing
Psychiatrist,10.0,499,2304,0.2165798611111111,Construction
Primary Care Physician,10.0,450,1872,0.2403846153846154,Law Enforcement
Physician Liaison,10.0,536,2357,0.2274077216801018,Supply Chain & Logistics
Passenger Service Agent,10.0,382,1900,0.2010526315789473,Administrative & Clerical
Ordinary Seaman,10.0,193,998,0.1933867735470942,Data & IT
Pharmaceutical,10.0,596,2579,0.231097324544397,Law Enforcement
Hospice Chaplain,10.0,371,1476,0.2513550135501355,Supply Chain & Logistics
Doorman,10.0,443,1559,0.2841565105837075,Medical & Healthcare
Dietary Aide,10.0,749,3220,0.2326086956521739,Leadership & Strategy
Concierge,10.0,961,4145,0.2318455971049457,Administrative & Clerical
Busser,10.0,421,1614,0.2608426270136307,Data & IT
Busboy,10.0,411,1533,0.2681017612524461,Communication & PR
Bellman,10.0,447,1642,0.2722289890377588,Hospitality
Rheumatologist,10.0,392,1663,0.2357185808779314,Communication & PR
Independent Adjuster,10.0,528,1963,0.2689760570555272,Construction
Heavy Construction,10.0,217,701,0.3095577746077033,Law Enforcement
Deckhand,10.0,199,635,0.3133858267716535,Supply Chain & Logistics
Crematory Operator,10.0,169,618,0.273462783171521,Medical & Healthcare
Speech Pathology Assistant,10.0,794,3300,0.2406060606060606,Leadership & Strategy
Speech Pathologist,10.0,803,3327,0.2413585813044785,Administrative & Clerical
Speech Language Pathology Assistant,10.0,799,3313,0.2411711439782674,Data & IT
Manager Trainee,10.0,1040,4010,0.2593516209476309,Administrative & Clerical
Water Treatment Plant Operator,10.0,330,1512,0.2182539682539682,Data & IT
Wastewater Treatment Operator,10.0,333,1509,0.220675944333996,Communication & PR
Vp Of Engineering,10.0,1090,4331,0.2516739782960055,Hospitality
Reactor Operator,10.0,216,1120,0.1928571428571428,Sales & Marketing
Project Engineering Manager,10.0,685,2876,0.2381780250347705,Construction
Power Plant Operator,10.0,290,1281,0.2263856362217018,Law Enforcement
Assistant Coach,10.0,945,3613,0.2615554940492665,Leadership & Strategy
Flight Attendant,10.0,409,1541,0.2654120700843608,Communication & PR
Fleet Manager,10.0,802,3163,0.2535567499209611,Hospitality
Fleet Administrator,10.0,805,3168,0.2541035353535353,Sales & Marketing
Bus Monitor,10.0,439,1774,0.2474633596392333,Construction
Air Traffic Controller,10.0,372,1553,0.2395363811976819,Law Enforcement
Summer Associate,10.0,501,2296,0.218205574912892,Supply Chain & Logistics
Office Worker,10.0,750,3441,0.2179598953792502,Medical & Healthcare
Office,10.0,714,3367,0.212058212058212,Leadership & Strategy
Bellhop,10.0,447,1642,0.2722289890377588,Sales & Marketing
Beach Attendant,10.0,448,1577,0.2840837032339885,Construction
Toll Collector,10.0,214,1074,0.1992551210428305,Law Enforcement
Terminal Manager,10.0,806,3428,0.23512252042007,Supply Chain & Logistics
Steward,10.0,374,1839,0.2033713974986405,Medical & Healthcare
Ramp Agent,10.0,313,1451,0.2157133011716057,Leadership & Strategy
Assistant Football Coach,10.0,933,3585,0.2602510460251046,Medical & Healthcare
Plant Manager,10.0,522,2157,0.2420027816411682,Supply Chain & Logistics
Medication Aide,10.0,491,1951,0.2516658124038954,Communication & PR
Medical Librarian,10.0,549,2812,0.1952347083926031,Hospitality
Insurance,10.0,831,3555,0.2337552742616033,Sales & Marketing
Saw Filer,10.0,80,372,0.2150537634408602,Construction
Roofer,10.0,90,318,0.2830188679245283,Law Enforcement
Ironworker,10.0,348,1201,0.2897585345545378,Supply Chain & Logistics
Highway Maintenance Worker,10.0,479,1697,0.2822628167354154,Medical & Healthcare
Glazier,10.0,400,1400,0.2857142857142857,Leadership & Strategy
Client Coordinator,10.0,1096,4176,0.2624521072796935,Medical & Healthcare
Client Advisor,10.0,1087,4173,0.2604840642223819,Leadership & Strategy
Call Center Director,10.0,1109,4263,0.2601454374853389,Administrative & Clerical
Relocation Consultant,10.0,896,3978,0.2252388134741076,Data & IT
Life Coach,10.0,960,3946,0.2432843385707045,Communication & PR
Job Coach,10.0,915,3836,0.2385297184567257,Hospitality
Aquatics Director,10.0,545,2319,0.235015092712376,Administrative & Clerical
Career Counselor,10.0,909,3747,0.2425940752602081,Construction
Account Coordinator,10.0,1040,4194,0.2479732951835956,Administrative & Clerical
Account Assistant,10.0,1027,4177,0.2458702418003351,Data & IT
Customer Service Manager,10.0,1071,4143,0.2585083272990586,Communication & PR
Customer Service Coordinator,10.0,1066,4140,0.257487922705314,Hospitality
Customer Service Assistant,10.0,1062,4115,0.2580801944106926,Sales & Marketing
Customer Service Agent,10.0,1085,4191,0.2588880935337628,Construction
Customer Service Advisor,10.0,1084,4177,0.2595163993296624,Law Enforcement
Customer Representative,10.0,1069,4137,0.2583998066231568,Supply Chain & Logistics
Marketing Copywriter,10.0,981,4424,0.2217450271247739,Communication & PR
Field Marketing Representative,10.0,1115,4804,0.232098251457119,Hospitality
Creative Director,10.0,1152,4622,0.2492427520553873,Sales & Marketing
Creative Assistant,10.0,1073,4404,0.2436421435059037,Construction
Copywriter,10.0,1119,4811,0.2325919767200166,Law Enforcement
Booking Agent,10.0,1008,4303,0.234255170811062,Supply Chain & Logistics
Franchise Business Consultant,10.0,1150,4700,0.2446808510638297,Sales & Marketing
Report Writer,10.0,1252,5110,0.2450097847358121,Data & IT
Radio Host,10.0,1123,4680,0.2399572649572649,Communication & PR
Proposal Writer,10.0,1229,5096,0.2411695447409733,Hospitality
Photojournalist,10.0,931,3928,0.2370162932790224,Sales & Marketing
Newspaper Reporter,10.0,950,4074,0.2331860579283259,Construction
News Reporter,10.0,961,4104,0.2341617933723196,Law Enforcement
News Photographer,10.0,913,3898,0.2342226782965623,Supply Chain & Logistics
Retail Store Manager,10.0,1013,4332,0.2338411819021237,Law Enforcement
Retail Manager,10.0,1009,4273,0.2361338637959279,Supply Chain & Logistics
Retail Management,10.0,997,4246,0.2348092322185586,Medical & Healthcare
Retail District Manager,10.0,1010,4280,0.2359813084112149,Leadership & Strategy
Retail Director,10.0,1003,4288,0.2339085820895522,Administrative & Clerical
Retail Assistant Manager,10.0,1006,4288,0.2346082089552238,Data & IT
Merchandising,10.0,747,3111,0.2401157184185149,Communication & PR
Construction Flagger,10.0,468,1615,0.2897832817337461,Supply Chain & Logistics
Construction Assistant,10.0,639,2396,0.26669449081803,Medical & Healthcare
Construction Administrator,10.0,859,3253,0.2640639409775592,Leadership & Strategy
Concrete Worker,10.0,463,1556,0.2975578406169666,Administrative & Clerical
Civil Engineer,10.0,1005,3991,0.2518165873214733,Data & IT
Building Superintendent,10.0,850,3426,0.24810274372446,Communication & PR
Store Manager,10.0,920,4030,0.228287841191067,Hospitality
Store Director,10.0,915,3852,0.2375389408099688,Sales & Marketing
Showroom Manager,10.0,1011,4346,0.2326277036355269,Construction
Senior Finance Manager,10.0,781,3525,0.2215602836879432,Communication & PR
Director Of Facilities,10.0,959,3486,0.2751004016064257,Data & IT
Director Of Construction,10.0,974,3598,0.2707059477487493,Communication & PR
Construction Technician,10.0,880,3156,0.2788339670468948,Hospitality
Construction Superintendent,10.0,911,3427,0.265830172162241,Sales & Marketing
Construction Project Engineer,10.0,981,3677,0.2667935817242317,Construction
Construction Helper,10.0,553,1976,0.2798582995951417,Law Enforcement
Meat Cutter,10.0,197,856,0.2301401869158878,Hospitality
Dog Walker,10.0,338,1529,0.2210595160235448,Administrative & Clerical
Dog Sitter,10.0,185,941,0.1965993623804463,Data & IT
Career Advisor,10.0,915,3738,0.2447833065810594,Law Enforcement
Bridal Consultant,10.0,712,3158,0.2254591513616212,Supply Chain & Logistics
Agile Coach,10.0,895,3877,0.2308485942739231,Medical & Healthcare
Golf Professional,10.0,506,2537,0.1994481671265273,Leadership & Strategy
Golf Course Superintendent,10.0,559,2805,0.1992869875222816,Administrative & Clerical
Assistant Golf Professional,10.0,562,2674,0.2101720269259536,Data & IT
Youth Minister,10.0,737,3318,0.2221217600964436,Communication & PR
Worship Leader,10.0,676,2702,0.2501850481125092,Hospitality
Wind Technician,10.0,278,1090,0.255045871559633,Communication & PR
Wildlife Technician,10.0,317,1366,0.2320644216691068,Hospitality
Union Carpenter,10.0,298,1093,0.2726440988106129,Sales & Marketing
Sprinkler Fitter,10.0,86,318,0.270440251572327,Construction
Advertising Coordinator,10.0,1171,4994,0.2344813776531838,Medical & Healthcare
Solar Panel Installer,10.0,194,813,0.2386223862238622,Supply Chain & Logistics
Solar Installer,10.0,198,822,0.2408759124087591,Medical & Healthcare
Rig Welder,10.0,89,370,0.2405405405405405,Leadership & Strategy
Production Technician,10.0,441,2194,0.2010027347310847,Sales & Marketing
Process Development Engineer,10.0,480,2317,0.2071644367716875,Construction
Stitcher,10.0,232,1451,0.1598897312198483,Law Enforcement
Seamstress,10.0,200,1295,0.1544401544401544,Supply Chain & Logistics
Production Specialist,10.0,646,3209,0.2013088189467123,Medical & Healthcare
Manufacturing,10.0,640,2655,0.2410546139359698,Leadership & Strategy
Lumper,10.0,425,1675,0.2537313432835821,Administrative & Clerical
Wind Turbine Technician,10.0,276,1087,0.2539098436062557,Data & IT
Benefits Manager,10.0,932,3718,0.2506724045185584,Law Enforcement
Activities Director,10.0,844,3562,0.2369455362156092,Supply Chain & Logistics
Psychometrist,10.0,593,2473,0.2397897290739992,Medical & Healthcare
Director Of Analytics,10.0,1104,4608,0.2395833333333333,Leadership & Strategy
Solar Technician,10.0,194,815,0.2380368098159509,Law Enforcement
Advertising Assistant,10.0,1165,4985,0.2337011033099298,Leadership & Strategy
Mall,10.0,650,2786,0.2333094041636755,Sales & Marketing
Grocery Store Manager,10.0,912,4160,0.2192307692307692,Construction
Grocery Bagger,10.0,540,2184,0.2472527472527472,Law Enforcement
Gas Station Cashier,10.0,633,2815,0.2248667850799289,Supply Chain & Logistics
Sponsor,10.0,863,3787,0.2278848692896752,Medical & Healthcare
Senior Copywriter,10.0,1093,4755,0.229863301787592,Leadership & Strategy
Promotions Assistant,10.0,1084,4837,0.224105850733926,Administrative & Clerical
Production Worker,10.0,415,1792,0.2315848214285714,Data & IT
District Attorney,10.0,493,2151,0.2291957229195723,Administrative & Clerical
Court Administrator,10.0,526,2215,0.237471783295711,Data & IT
City Attorney,10.0,504,2206,0.228467815049864,Communication & PR
Administrative Law Judge,10.0,644,2667,0.2414698162729658,Hospitality
Vice President Of Human Resources,10.0,1110,4297,0.2583197579706772,Sales & Marketing
Equestrian,10.0,428,2239,0.1911567664135774,Leadership & Strategy
Learning And Development Specialist,10.0,1290,4877,0.26450686897683,Law Enforcement
Leadership Development Program,10.0,1232,4753,0.2592047128129602,Supply Chain & Logistics
Dog Handler,10.0,216,1005,0.2149253731343283,Communication & PR
Dog Daycare,10.0,228,1127,0.2023070097604259,Hospitality
Dog Bather,10.0,203,972,0.2088477366255144,Sales & Marketing
Animal Trainer,10.0,310,1313,0.2361005331302361,Construction
Subject Matter Expert,10.0,1085,4129,0.262775490433519,Law Enforcement
Mediator,10.0,484,1889,0.2562202223398623,Supply Chain & Logistics
Managing Partner,10.0,802,2992,0.268048128342246,Medical & Healthcare
Inspector General,10.0,816,3373,0.2419211384524162,Leadership & Strategy
Hospital Chaplain,10.0,495,2232,0.2217741935483871,Sales & Marketing
Chaplain,10.0,391,1736,0.2252304147465438,Construction
Advocate,10.0,534,2117,0.2522437411431271,Law Enforcement
Wrangler,10.0,204,747,0.2730923694779116,Supply Chain & Logistics
Pet Sitter,10.0,190,705,0.2695035460992908,Medical & Healthcare
Training Director,10.0,1249,5027,0.2484583250447583,Construction
High School English Teacher,9.0,902,3694,0.2441797509474824,Leadership & Strategy
High School History Teacher,9.0,894,3684,0.2426710097719869,Medical & Healthcare
High School Math Teacher,8.0,889,3663,0.2426972426972427,Supply Chain & Logistics
High School Science Teacher,8.0,913,3726,0.2450348899624262,Law Enforcement
High School Spanish Teacher,8.0,874,3629,0.2408376963350785,Construction
High School Teacher,8.0,917,3784,0.2423361522198731,Sales & Marketing
History Teacher,8.0,896,3702,0.2420313344138303,Hospitality
History Tutor,8.0,850,3613,0.2352615554940492,Communication & PR
Mandarin Teacher,8.0,762,3230,0.2359133126934984,Supply Chain & Logistics
Latin Teacher,8.0,731,3117,0.2345203721527109,Medical & Healthcare
Language Arts Teacher,8.0,813,3448,0.2357888631090487,Leadership & Strategy
Kindergarten Teacher,8.0,836,3452,0.2421784472769409,Administrative & Clerical
Infant Teacher,8.0,705,2839,0.2483268756604438,Data & IT
Orchestra Teacher,7.0,768,3356,0.2288438617401668,Administrative & Clerical
Montessori Teacher,7.0,689,2885,0.2388214904679376,Communication & PR
Middle School Science Teacher,7.0,889,3644,0.2439626783754116,Sales & Marketing
Music Teacher,7.0,679,2832,0.2397598870056497,Data & IT
Math Instructor,7.0,841,3540,0.2375706214689265,Law Enforcement
Middle School Teacher,7.0,861,3600,0.2391666666666666,Hospitality
Math Tutor,7.0,837,3542,0.2363071710897797,Construction
Physical Education Teacher,6.0,744,3252,0.2287822878228782,Leadership & Strategy
Physics Teacher,6.0,743,3226,0.2303161810291382,Medical & Healthcare
Piano Teacher,6.0,769,3735,0.2058902275769745,Supply Chain & Logistics
Hostler,5.0,310,1098,0.2823315118397085,Leadership & Strategy
Marine Mammal Trainer,5.0,493,1919,0.2569046378322043,Medical & Healthcare
Ranch Hand,5.0,250,1028,0.2431906614785992,Supply Chain & Logistics
Court Officer,5.0,763,3196,0.2387359198998748,Communication & PR
Court Reporter,5.0,875,3386,0.2584170112226816,Data & IT
Deputy Clerk,5.0,763,3223,0.2367359602854483,Administrative & Clerical
Deputy Court Clerk,5.0,722,2875,0.2511304347826087,Leadership & Strategy
Judge,5.0,323,1443,0.2238392238392238,Medical & Healthcare
Justice,5.0,313,1207,0.2593206296603148,Supply Chain & Logistics
Notary Public,5.0,490,2166,0.2262234533702677,Law Enforcement
Animal Care Technician,5.0,292,1453,0.2009635237439779,Construction
Activity Assistant,5.0,1053,4214,0.2498813478879924,Administrative & Clerical
Chief Compliance Officer,5.0,1054,3980,0.2648241206030151,Leadership & Strategy
Event Planning,5.0,1267,5285,0.2397350993377483,Medical & Healthcare
Hr Administrative Assistant,5.0,919,3883,0.2366726757661602,Supply Chain & Logistics
Human Resources Clerk,5.0,882,3499,0.2520720205773078,Law Enforcement
Payroll Director,5.0,626,2573,0.2432957636999611,Construction
Bailiff,5.0,659,2848,0.2313904494382022,Sales & Marketing
Associate Veterinarian,5.0,612,2390,0.2560669456066946,Data & IT
Cowboy,5.0,293,1014,0.2889546351084812,Administrative & Clerical
DJ,5.0,805,3413,0.2358628772341049,Sales & Marketing
Dance Instructor,5.0,850,3783,0.2246893999471319,Hospitality
Dance Teacher,5.0,847,3762,0.2251461988304093,Communication & PR
Painter,5.0,279,1486,0.1877523553162853,Data & IT
Potter,5.0,250,1422,0.1758087201125175,Administrative & Clerical
Sculptor,5.0,279,1482,0.1882591093117409,Leadership & Strategy
Tattoo Artist,5.0,382,1814,0.2105843439911797,Medical & Healthcare
Voice Over Artist,5.0,838,3505,0.2390870185449358,Supply Chain & Logistics
Theology Teacher,5.0,907,3815,0.237745740498034,Communication & PR
Tutor,5.0,1033,4369,0.236438544289311,Data & IT
Welding Instructor,5.0,624,2904,0.2148760330578512,Administrative & Clerical
Writing Tutor,5.0,1014,4233,0.2395464209780297,Leadership & Strategy
Accompanist,5.0,558,2355,0.2369426751592356,Medical & Healthcare
Spanish Teacher,5.0,731,3322,0.220048163756773,Supply Chain & Logistics
Choreographer,5.0,860,3935,0.218551461245235,Law Enforcement
Craftsman,5.0,623,3046,0.2045305318450427,Construction
Secondary Teacher,5.0,736,3226,0.2281463112213267,Administrative & Clerical
Social Science Teacher,5.0,704,3177,0.2215926975133774,Leadership & Strategy
Social Studies Teacher,5.0,699,3145,0.2222575516693163,Medical & Healthcare
Family Medicine Physician,5.0,517,1867,0.2769148366363149,Leadership & Strategy
Student Tutor,5.0,780,3448,0.2262180974477958,Law Enforcement
Student Worker,5.0,693,2739,0.253012048192771,Construction
Teaching Artist,5.0,1026,4154,0.2469908521906596,Sales & Marketing
Theater Teacher,5.0,991,3924,0.2525484199796126,Hospitality
Animal Caretaker,5.0,267,1393,0.1916726489590811,Sales & Marketing
Animal Keeper,5.0,272,1404,0.1937321937321937,Hospitality
Animal Technician,5.0,273,1439,0.1897150799166087,Communication & PR
Art Model,5.0,704,2814,0.2501776830135039,Supply Chain & Logistics
Spa Manager,5.0,420,2080,0.2019230769230769,Administrative & Clerical
Salon Assistant,5.0,298,1561,0.190903267136451,Data & IT
Photo Stylist,5.0,492,2386,0.2062028499580888,Communication & PR
Personal Stylist,5.0,512,2414,0.212096106048053,Hospitality
Nail Technician,5.0,445,1766,0.2519818799546999,Sales & Marketing
Retail Banker,5.0,637,2687,0.2370673613695571,Leadership & Strategy
Nurse,5.0,710,2594,0.2737085582112567,Medical & Healthcare
Payroll,5.0,667,2667,0.2500937382827146,Data & IT
Court Clerk,5.0,836,3454,0.2420382165605095,Hospitality
Loss Prevention Specialist,5.0,662,2187,0.3026977594878829,Hospitality
Head Teller,5.0,675,2448,0.2757352941176471,Sales & Marketing
Chief Financial Officer (CFO),5.0,1032,3980,0.2592964824120603,Construction
Historian,5.0,684,2672,0.2559880239520958,Law Enforcement
Body Shop Manager,5.0,562,2519,0.22310440651052,Medical & Healthcare
Lead Pastor,5.0,514,2290,0.2244541484716157,Administrative & Clerical
Deaconess,5.0,532,2242,0.2372881355932203,Data & IT
Bishop,5.0,543,2300,0.2360869565217391,Communication & PR
Money Manager,5.0,904,3355,0.2694485842026826,Communication & PR
Chief Information Security Officer,5.0,902,3116,0.2894736842105263,Law Enforcement
National Guard,5.0,199,757,0.2628797886393659,Supply Chain & Logistics
Military,5.0,257,930,0.2763440860215054,Medical & Healthcare
Marine,5.0,255,934,0.2730192719486081,Leadership & Strategy
Home Health Nurse,5.0,373,1542,0.24189364461738,Communication & PR
Emergency Room Nurse,5.0,661,2774,0.238284066330209,Hospitality
Critical Care Nurse,5.0,669,2761,0.2423035132198479,Sales & Marketing
Model,5.0,641,2398,0.2673060884070058,Construction
Stylist,5.0,513,2440,0.2102459016393442,Leadership & Strategy
Manicurist,5.0,447,1793,0.2493028443948689,Supply Chain & Logistics
Male Model,5.0,635,2214,0.2868112014453478,Medical & Healthcare
Make Up Artist,5.0,644,2503,0.2572912504994007,Leadership & Strategy
Hairdresser,5.0,515,1951,0.2639671963095848,Administrative & Clerical
Hacker,5.0,888,3499,0.2537867962274935,Hospitality
Document Review Attorney,5.0,958,3800,0.2521052631578947,Sales & Marketing
Herbalist,5.0,484,2256,0.2145390070921985,Supply Chain & Logistics
Geographer,5.0,631,2548,0.2476452119309262,Medical & Healthcare
Master Esthetician,5.0,429,1689,0.2539964476021314,Law Enforcement
Event Planner,5.0,1273,5304,0.2400075414781297,Administrative & Clerical
Technician,5.0,825,3256,0.2533783783783784,Supply Chain & Logistics
Clinical Nurse Specialist,5.0,705,2995,0.2353923205342237,Law Enforcement
Charge Nurse,5.0,687,2798,0.2455325232308792,Supply Chain & Logistics
Certified Nurse Midwife,5.0,664,2770,0.23971119133574,Medical & Healthcare
Assistant Director Of Nursing,5.0,723,2937,0.2461695607763023,Leadership & Strategy
Vp Sales,5.0,1051,4195,0.2505363528009535,Administrative & Clerical
Sales Trader,5.0,639,2814,0.2270788912579957,Data & IT
Zoologist,5.0,307,1165,0.263519313304721,Hospitality
User Experience Researcher,5.0,1222,5051,0.2419322906355177,Data & IT
Vp Engineering,5.0,1104,4371,0.2525737817433082,Communication & PR
Scrum Master,5.0,757,2929,0.2584499829293274,Hospitality
Machine Learning Engineer,5.0,1159,4109,0.282063762472621,Sales & Marketing
Hospital Volunteer,5.0,325,1478,0.2198917456021651,Construction
General Practitioner,5.0,440,1819,0.2418911489829576,Law Enforcement
General Dentist,5.0,420,1742,0.2411021814006888,Supply Chain & Logistics
Family Physician,5.0,517,1867,0.2769148366363149,Medical & Healthcare
Inventor,5.0,850,3331,0.2551786250375262,Communication & PR
Veterinary,5.0,388,1600,0.2425,Sales & Marketing
Veterinarian,5.0,397,1594,0.2490589711417817,Construction
Ranch Manager,5.0,351,1359,0.2582781456953642,Law Enforcement
Diving Coach,5.0,822,2945,0.2791171477079796,Data & IT
Cheerleading Coach,5.0,890,3391,0.2624594514892362,Communication & PR
Basketball Referee,5.0,828,2960,0.2797297297297297,Hospitality
Basketball Coach,5.0,952,3634,0.2619702806824436,Sales & Marketing
Baseball Coach,5.0,954,3636,0.2623762376237624,Construction
Golf Coach,5.0,529,2199,0.2405638926784902,Leadership & Strategy
Priest,5.0,556,2640,0.2106060606060606,Supply Chain & Logistics
Pastor,5.0,565,2730,0.2069597069597069,Medical & Healthcare
Partner,5.0,607,2594,0.2340015420200462,Hospitality
Ombudsman,5.0,511,2380,0.2147058823529411,Sales & Marketing
Funeral Director,5.0,323,1322,0.2443267776096823,Construction
Founder,5.0,972,3668,0.2649945474372955,Law Enforcement
Chief Information Officer,5.0,1117,4514,0.24745237040319,Supply Chain & Logistics
Assistant Portfolio Manager,5.0,999,3892,0.2566803699897225,Medical & Healthcare
Rabbi,5.0,562,2693,0.2086891942072038,Law Enforcement
Mascot,5.0,447,1699,0.2630959387875221,Medical & Healthcare
Clinical Operations Manager,5.0,1054,3699,0.2849418761827521,Hospitality
Caregiver,5.0,608,2504,0.242811501597444,Communication & PR
Admissions Coordinator,5.0,1188,4603,0.2580925483380404,Data & IT
Clinical Director,5.0,1005,3452,0.291135573580533,Administrative & Clerical
Accounting Professor,5.0,957,4189,0.2284554786345189,Leadership & Strategy
Accounting Tutor,5.0,917,4008,0.2287924151696606,Medical & Healthcare
Adjunct Instructor,5.0,1174,4677,0.2510156082959162,Supply Chain & Logistics
Private Equity,5.0,579,2310,0.2506493506493506,Administrative & Clerical
Law Enforcement Officer,5.0,382,1256,0.304140127388535,Administrative & Clerical
Music Therapist,5.0,505,2155,0.2343387470997679,Communication & PR
Physical Therapist,5.0,606,2815,0.2152753108348135,Data & IT
Physical Therapist Aide,5.0,575,2737,0.2100840336134453,Administrative & Clerical
Physical Therapy Aide,5.0,575,2768,0.2077312138728323,Leadership & Strategy
State Trooper,5.0,242,1347,0.1796585003711952,Law Enforcement
Physical Therapy Technician,5.0,558,2748,0.2030567685589519,Supply Chain & Logistics
Rehabilitation Aide,5.0,531,2689,0.1974711788769059,Law Enforcement
Nanny,5.0,455,1667,0.2729454109178164,Medical & Healthcare
Nursery Worker,5.0,266,1183,0.2248520710059171,Supply Chain & Logistics
Summer Nanny,5.0,367,1428,0.2570028011204481,Law Enforcement
Border Patrol Agent,5.0,504,2077,0.2426576793452094,Construction
Forensic Pathologist,5.0,417,1705,0.244574780058651,Sales & Marketing
Forensic Psychologist,5.0,468,2114,0.2213812677388836,Hospitality
Infantry,5.0,237,891,0.265993265993266,Communication & PR
Infantryman,5.0,236,889,0.265466816647919,Data & IT
Clinical Research Assistant,5.0,1022,4201,0.2432754106165199,Law Enforcement
Engineering Assistant,5.0,1123,4802,0.2338608912952936,Construction
Au Pair,5.0,658,2752,0.2390988372093023,Sales & Marketing
Child Care Worker,5.0,708,2884,0.2454923717059639,Hospitality
Physical Therapy Assistant,5.0,607,2882,0.210617626648161,Medical & Healthcare
Therapy Aide,5.0,750,3393,0.2210433244916003,Construction
Affiliate Manager,5.0,1157,4346,0.2662218131615278,Sales & Marketing
Minister,5.0,505,2351,0.2148022118247554,Leadership & Strategy
Operating Room Nurse,5.0,431,2069,0.208313194780087,Construction
Unarmed Security Guard,5.0,268,1187,0.2257792754844144,Construction
Clinical Research Nurse,5.0,745,3011,0.2474261042842909,Construction
Adjunct Nursing Faculty,5.0,1167,4664,0.2502144082332762,Law Enforcement
Director,5.0,1316,4695,0.2802981895633653,Leadership & Strategy
Hospice Nurse,5.0,363,1498,0.2423230974632843,Data & IT
Nurse Liaison,5.0,473,2159,0.2190829087540528,Administrative & Clerical
Nurse Midwife,5.0,451,1925,0.2342857142857143,Leadership & Strategy
Nurse Specialist,5.0,457,2123,0.2152614225153085,Medical & Healthcare
Nursing Home,5.0,432,1881,0.2296650717703349,Supply Chain & Logistics
Occupational Nurse,5.0,438,2092,0.2093690248565965,Law Enforcement
Groundsman,5.0,295,1329,0.2219714070729872,Leadership & Strategy
Senior Pastor,5.0,661,2600,0.2542307692307692,Supply Chain & Logistics
Investor,5.0,995,3428,0.2902567094515753,Law Enforcement
Revenue Officer,5.0,837,3156,0.2652091254752852,Construction
Musician,5.0,654,2764,0.2366136034732272,Sales & Marketing
Organist,5.0,586,2397,0.2444722569879015,Hospitality
Pianist,5.0,586,2410,0.2431535269709543,Communication & PR
Singer,5.0,686,2798,0.2451751250893495,Data & IT
Airport,5.0,556,2206,0.2520398912058023,Administrative & Clerical
Adjunct Professor,5.0,1173,4687,0.2502666951141455,Construction
Adjunct Teacher,5.0,1156,4611,0.2507048362611147,Sales & Marketing
Admissions Advisor,5.0,1226,4718,0.2598558711318355,Hospitality
Sports Psychologist,5.0,722,3206,0.2252027448533999,Communication & PR
Fire Watch,5.0,261,1008,0.2589285714285714,Data & IT
Groundman,5.0,287,1370,0.2094890510948905,Administrative & Clerical
Transportation Security Officer,5.0,400,1681,0.2379535990481856,Supply Chain & Logistics
Speech Therapist,5.0,794,3311,0.239806704922984,Hospitality
Speech Therapy Assistant,5.0,782,3282,0.2382693479585618,Communication & PR
Sports Physical Therapist,5.0,494,2640,0.1871212121212121,Data & IT
Corporate Attorney,5.0,973,3940,0.2469543147208122,Administrative & Clerical
Housekeeper,5.0,275,1097,0.2506836827711942,Leadership & Strategy
Landscaper,5.0,279,825,0.3381818181818182,Medical & Healthcare
Psychology Teacher,5.0,739,3215,0.229860031104199,Medical & Healthcare
Reader,5.0,627,3148,0.1991740787801779,Supply Chain & Logistics
Reading Teacher,5.0,781,3286,0.2376749847839318,Law Enforcement
Reading Tutor,5.0,817,3482,0.2346352670878805,Construction
Religion Teacher,5.0,721,3204,0.2250312109862671,Sales & Marketing
Sat Tutor,5.0,791,3447,0.2294749057151145,Hospitality
School Secretary,5.0,595,2915,0.2041166380789022,Communication & PR
Science Teacher,5.0,735,3221,0.2281900031046259,Data & IT
Companion,5.0,652,2634,0.2475322703113135,Communication & PR
Pre K Teacher,5.0,750,3377,0.2220906129700918,Construction
Preschool Teacher,5.0,747,3241,0.230484418389386,Sales & Marketing
Primary Teacher,5.0,740,3331,0.2221555088561993,Hospitality
Private Tutor,5.0,829,3513,0.2359806433247936,Communication & PR
Professional Tutor,5.0,829,3533,0.2346447778092273,Data & IT
Psychology Instructor,5.0,746,3230,0.2309597523219814,Administrative & Clerical
Psychology Professor,5.0,741,3226,0.2296962182269064,Leadership & Strategy
Chiropractor,5.0,473,1750,0.2702857142857143,Law Enforcement
Coroner,5.0,456,1618,0.2818294190358467,Construction
Dental,5.0,515,1855,0.2776280323450135,Sales & Marketing
Dentist,5.0,512,1843,0.277807921866522,Hospitality
Doctor,5.0,555,2058,0.2696793002915452,Communication & PR
Emergency Medicine Physician,5.0,521,1877,0.2775705913692062,Data & IT
Endodontist,5.0,494,1793,0.275515895147797,Administrative & Clerical
Postdoc,5.0,717,3200,0.2240625,Law Enforcement
Elderly Companion,5.0,618,2543,0.2430200550530869,Data & IT
House Sitter,5.0,241,869,0.2773302646720368,Administrative & Clerical
Live In Nanny,5.0,462,1680,0.275,Leadership & Strategy
Rehabilitation Nurse,5.0,454,1965,0.2310432569974554,Sales & Marketing
Research Nurse,5.0,533,2172,0.2453959484346224,Hospitality
School Nurse,5.0,454,2122,0.2139491046182846,Communication & PR
Surgical Nurse,5.0,379,1636,0.2316625916870415,Data & IT
Wound Care Nurse,5.0,395,1862,0.2121374865735768,Administrative & Clerical
Captain,5.0,359,1639,0.2190359975594875,Leadership & Strategy
Resident Assistant,5.0,512,2650,0.1932075471698113,Medical & Healthcare
Starter,5.0,266,1126,0.236234458259325,Supply Chain & Logistics
Hair Stylist,5.0,543,1992,0.2725903614457831,Data & IT
Cosmetologist,5.0,823,3273,0.2514512679498931,Leadership & Strategy
Costume Designer,5.0,1169,4939,0.2366875885806843,Medical & Healthcare
Speech Language Pathologist,5.0,805,3328,0.2418870192307692,Sales & Marketing
Esthetician,5.0,777,3116,0.2493581514762516,Law Enforcement
Fashion Buyer,5.0,1005,4453,0.2256905456995284,Construction
Fashion Consultant,5.0,916,3549,0.2581008734854889,Sales & Marketing
Fashion Stylist,5.0,914,3540,0.2581920903954802,Hospitality
Footwear Designer,5.0,800,3168,0.2525252525252525,Communication & PR
Vice Principal,5.0,885,3783,0.2339413164155432,Supply Chain & Logistics
Aesthetician,5.0,452,2006,0.2253240279162512,Law Enforcement
Apparel Designer,5.0,823,3763,0.2187084772787669,Construction
Beautician,5.0,887,3574,0.2481813094571908,Sales & Marketing
Beauty Advisor,5.0,943,4205,0.224256837098692,Hospitality
Beauty Consultant,5.0,952,4217,0.2257529049087028,Communication & PR
Colorist,5.0,965,4307,0.2240538657998607,Data & IT
Cosmetic Chemist,5.0,985,4286,0.2298180121325245,Administrative & Clerical
Rehabilitation Technician,5.0,535,2690,0.1988847583643122,Construction
Design Consultant,5.0,1235,5195,0.2377285851780558,Supply Chain & Logistics
