FIPS,County_Name,State,Bachelors_Degree_Rate,Median_Income,Unemployment_Rate
GeoID,GeoID_Name,SitsinState,pbach,mhhinc,unemprate
01001,Autauga,AL,15.99,69841,2.7
01003,Baldwin,AL,20.55,75019,2.7
01005,Barbour,AL,6.69,44290,4.3
01007,Bibb,AL,7.04,51215,3.0
01009,Blount,AL,9.97,61096,2.7
01011,Bullock,AL,6.68,36723,3.7
01013,Butler,AL,7.95,44881,3.9
01015,Calhoun,AL,12.52,55826,3.2
01017,Chambers,AL,9.75,49295,2.8
01019,Cherokee,AL,9.19,50769,3.1
01021,Chilton,AL,9.30,61873,2.8
01023,Choctaw,AL,9.90,44483,4.5
01025,Clarke,AL,9.68,49167,5.2
01027,Clay,AL,11.25,51852,3.0
01029,Cleburne,AL,11.06,53319,2.8
01031,Coffee,AL,12.19,64672,3.1
01033,Colbert,AL,12.87,56736,3.3
01035,Conecuh,AL,6.95,42266,4.2
01037,Coosa,AL,10.27,57063,3.3
01039,Covington,AL,9.81,50886,3.3
01041,Crenshaw,AL,11.49,49040,3.4
01043,Cullman,AL,12.43,60916,2.7
01045,Dale,AL,12.92,53955,3.5
01047,Dallas,AL,11.24,36810,5.5
01049,DeKalb,AL,8.49,51149,2.7
01051,Elmore,AL,16.11,75553,2.6
01053,Escambia,AL,8.16,44447,4.1
01055,Etowah,AL,10.61,53070,3.3
01057,Fayette,AL,9.87,50733,3.4
01059,Franklin,AL,9.62,51493,2.9
01061,Geneva,AL,9.55,50951,2.9
01063,Greene,AL,7.51,31495,6.7
01065,Hale,AL,11.04,41325,4.3
01067,Henry,AL,14.19,60135,3.2
01069,Houston,AL,14.31,57531,3.1
01071,Jackson,AL,9.46,49454,3.5
01073,Jefferson,AL,21.25,64589,3.1
01075,Lamar,AL,6.90,47447,3.4
01077,Lauderdale,AL,16.45,59082,3.2
01079,Lawrence,AL,10.36,60040,2.7
01081,Lee,AL,22.64,61123,2.8
01083,Limestone,AL,19.08,83534,2.5
01085,Lowndes,AL,9.09,35160,4.7
01087,Macon,AL,11.24,45951,4.4
01089,Madison,AL,27.05,83528,2.6
01091,Marengo,AL,12.08,44205,4.0
01093,Marion,AL,8.44,50714,3.5
01095,Marshall,AL,14.54,60946,2.7
01097,Mobile,AL,16.22,58119,3.8
01099,Monroe,AL,6.23,40225,5.0
01101,Montgomery,AL,19.93,58153,3.4
01103,Morgan,AL,15.26,64858,2.6
01105,Perry,AL,10.46,34368,6.7
01107,Pickens,AL,9.15,47014,3.9
01109,Pike,AL,16.03,47961,3.5
01111,Randolph,AL,12.10,51551,3.6
01113,Russell,AL,10.80,50046,3.6
01115,St. Clair,AL,13.50,78993,2.6
01117,Shelby,AL,30.13,93543,2.4
01119,Sumter,AL,10.57,37981,4.7
01121,Talladega,AL,9.18,56249,3.4
01123,Tallapoosa,AL,11.96,57185,3.4
01125,Tuscaloosa,AL,18.33,63947,3.1
01127,Walker,AL,9.64,54509,3.1
01129,Washington,AL,8.54,60503,3.6
01131,Wilcox,AL,7.99,42236,6.2
01133,Winston,AL,8.27,48032,3.3
02013,Aleutians East,AK,12.89,72692,3.4
02016,Aleutians West,AK,14.82,107344,3.4
02020,Anchorage,AK,23.39,98152,3.9
02050,Bethel,AK,5.56,70616,10.8
02060,Bristol Bay,AK,20.11,100625,3.9
02063,Chugach,AK,20.26,88565,5.1
02066,Copper River,AK,17.33,75053,7.6
02068,Denali,AK,15.69,88935,4.7
02070,Dillingham,AK,13.06,74250,7.8
02090,Fairbanks North Star,AK,19.85,84722,4.0
02100,Haines,AK,20.56,72607,8.0
02105,Hoonah-Angoon,AK,15.80,62500,5.5
02110,Juneau,AK,25.61,100513,3.4
02122,Kenai Peninsula,AK,19.10,77722,5.3
02130,Ketchikan Gateway,AK,18.20,89155,3.9
02150,Kodiak Island,AK,20.42,83716,4.8
02158,Kusilvak,AK,4.86,48233,16.2
02164,Lake and Peninsula,AK,12.27,64000,6.1
02170,Matanuska-Susitna,AK,15.75,90625,5.0
02180,Nome,AK,8.40,76643,8.5
02185,North Slope,AK,8.86,86313,3.4
02188,Northwest Arctic,AK,8.45,81298,9.2
02195,Petersburg,AK,18.94,77026,5.4
02198,Prince of Wales-Hyder,AK,12.03,59079,8.0
02220,Sitka,AK,21.80,101207,3.1
02230,Skagway,AK,21.29,78594,5.8
02240,Southeast Fairbanks,AK,13.35,74223,5.9
02275,Wrangell,AK,14.39,64545,5.4
02282,Yakutat,AK,10.80,80625,5.7
02290,Yukon-Koyukuk,AK,8.68,52642,8.9
04001,Apache,AZ,8.87,40338,6.9
04003,Cochise,AZ,16.87,58970,4.2
04005,Coconino,AZ,23.38,69748,3.9
04007,Gila,AZ,12.44,59089,3.7
04009,Graham,AZ,9.72,67326,3.3
04011,Greenlee,AZ,15.69,75239,2.4
04012,La Paz,AZ,8.80,49506,5.7
04013,Maricopa,AZ,22.32,85518,3.1
04015,Mohave,AZ,9.18,55799,4.4
04017,Navajo,AZ,10.45,52752,5.5
04019,Pima,AZ,20.37,67929,3.6
04021,Pinal,AZ,14.98,77588,3.8
04023,Santa Cruz,AZ,15.36,53614,6.1
04025,Yavapai,AZ,17.32,66106,3.5
04027,Yuma,AZ,10.64,60417,12.2
05001,Arkansas,AR,9.82,60831,3.5
05003,Ashley,AR,8.67,44481,5.8
05005,Baxter,AR,13.42,48427,4.0
05007,Benton,AR,23.95,89879,2.7
05009,Boone,AR,10.79,54195,3.4
05011,Bradley,AR,10.43,39565,4.7
05013,Calhoun,AR,11.05,63654,3.7
05015,Carroll,AR,14.39,55187,3.6
05017,Chicot,AR,12.10,39683,5.7
05019,Clark,AR,16.44,50985,4.2
05021,Clay,AR,9.37,48500,3.8
05023,Cleburne,AR,12.48,55979,3.8
05025,Cleveland,AR,10.92,50509,3.7
05027,Columbia,AR,13.52,47363,4.0
05029,Conway,AR,12.34,51212,3.5
05031,Craighead,AR,16.69,57615,3.1
05033,Crawford,AR,13.66,60362,3.6
05035,Crittenden,AR,12.05,54271,4.4
05037,Cross,AR,10.06,47012,3.7
05039,Dallas,AR,8.22,44694,3.8
05041,Desha,AR,7.56,36064,6.7
05043,Drew,AR,15.69,41071,4.1
05045,Faulkner,AR,20.33,65071,3.0
05047,Franklin,AR,8.93,51919,3.4
05049,Fulton,AR,9.37,38941,4.3
05051,Garland,AR,16.58,55409,3.6
05053,Grant,AR,15.80,72512,2.9
05055,Greene,AR,10.39,56793,3.7
05057,Hempstead,AR,9.07,47654,3.7
05059,Hot Spring,AR,10.03,52644,3.9
05061,Howard,AR,11.70,44492,3.4
05063,Independence,AR,11.15,56009,3.1
05065,Izard,AR,12.84,47728,5.7
05067,Jackson,AR,8.63,41215,4.3
05069,Jefferson,AR,14.37,48552,4.9
05071,Johnson,AR,12.78,44808,5.0
05073,Lafayette,AR,6.70,37237,4.8
05075,Lawrence,AR,9.52,44164,3.7
05077,Lee,AR,5.39,36860,5.3
05079,Lincoln,AR,7.01,51667,5.3
05081,Little River,AR,12.16,52241,3.9
05083,Logan,AR,10.75,54237,3.8
05085,Lonoke,AR,14.12,71449,2.9
05087,Madison,AR,8.66,53888,2.9
05089,Marion,AR,9.06,46953,5.0
05091,Miller,AR,9.37,49983,4.3
05093,Mississippi,AR,9.42,53428,4.0
05095,Monroe,AR,12.05,43955,4.3
05097,Montgomery,AR,12.67,49015,4.6
05099,Nevada,AR,9.06,41761,5.2
05101,Newton,AR,9.32,47395,4.2
05103,Ouachita,AR,9.32,49838,4.3
05105,Perry,AR,12.19,60078,3.8
05107,Phillips,AR,9.65,38874,5.9
05109,Pike,AR,13.61,51000,3.5
05111,Poinsett,AR,8.47,47188,3.7
05113,Polk,AR,11.84,49252,4.3
05115,Pope,AR,16.16,54606,4.0
05117,Prairie,AR,11.16,51094,3.1
05119,Pulaski,AR,22.10,60385,3.5
05121,Randolph,AR,8.55,52838,3.7
05123,St. Francis,AR,7.30,41784,5.3
05125,Saline,AR,19.34,76534,2.8
05127,Scott,AR,8.73,45955,3.3
05129,Searcy,AR,9.84,41978,3.9
05131,Sebastian,AR,14.80,56450,3.4
05133,Sevier,AR,7.08,51641,2.9
05135,Sharp,AR,8.39,42950,3.9
05137,Stone,AR,9.87,38531,4.8
05139,Union,AR,12.51,50221,5.0
05141,Van Buren,AR,10.47,47266,4.3
05143,Washington,AR,20.27,66426,2.7
05145,White,AR,11.23,53435,3.6
05147,Woodruff,AR,8.23,49982,3.6
05149,Yell,AR,10.17,58870,3.3
06001,Alameda,CA,28.70,126240,4.5
06003,Alpine,CA,22.41,110781,7.8
06005,Amador,CA,15.47,81526,5.5
06007,Butte,CA,20.69,68574,5.9
06009,Calaveras,CA,14.69,79877,6.0
06011,Colusa,CA,11.30,75149,13.0
06013,Contra Costa,CA,27.37,125727,4.5
06015,Del Norte,CA,12.79,66780,6.2
06017,El Dorado,CA,25.74,106190,4.7
06019,Fresno,CA,15.67,71434,7.9
06021,Glenn,CA,12.42,70487,7.1
06023,Humboldt,CA,20.88,61135,5.2
06025,Imperial,CA,11.51,56393,18.4
06027,Inyo,CA,19.85,72432,4.2
06029,Kern,CA,12.34,67660,8.6
06031,Kings,CA,9.41,68750,8.9
06033,Lake,CA,11.74,58738,7.0
06035,Lassen,CA,9.90,64395,6.3
06037,Los Angeles,CA,22.77,87760,5.8
06039,Madera,CA,11.61,75496,7.5
06041,Marin,CA,33.21,142785,3.9
06043,Mariposa,CA,19.28,65378,5.5
06045,Mendocino,CA,15.14,64688,5.5
06047,Merced,CA,10.36,65044,9.8
06049,Modoc,CA,16.01,56648,7.0
06051,Mono,CA,18.80,86953,4.2
06053,Monterey,CA,16.53,94486,7.3
06055,Napa,CA,24.41,108970,3.9
06057,Nevada,CA,24.95,84905,4.5
06059,Orange,CA,27.28,113702,3.9
06061,Placer,CA,27.67,114678,4.1
06063,Plumas,CA,13.35,64946,7.1
06065,Riverside,CA,16.02,89672,5.3
06067,Sacramento,CA,21.42,88724,4.7
06069,San Benito,CA,16.13,108289,6.3
06071,San Bernardino,CA,14.72,82184,5.1
06073,San Diego,CA,25.57,102285,4.3
06075,San Francisco,CA,35.07,141446,3.9
06077,San Joaquin,CA,14.60,88531,6.5
06079,San Luis Obispo,CA,24.27,93398,4.1
06081,San Mateo,CA,29.17,156000,3.6
06083,Santa Barbara,CA,21.63,95977,4.5
06085,Santa Clara,CA,28.15,159674,4.1
06087,Santa Cruz,CA,25.26,109266,5.9
06089,Shasta,CA,15.91,71931,5.3
06091,Sierra,CA,14.88,60000,5.4
06093,Siskiyou,CA,15.75,55499,7.0
06095,Solano,CA,19.36,99994,5.0
06097,Sonoma,CA,23.52,102840,4.1
06099,Stanislaus,CA,13.13,79661,6.9
06101,Sutter,CA,13.60,75450,8.6
06103,Tehama,CA,13.25,61834,6.2
06105,Trinity,CA,9.47,53498,5.8
06107,Tulare,CA,10.15,69489,10.3
06109,Tuolumne,CA,16.00,72259,5.2
06111,Ventura,CA,22.20,107327,4.6
06113,Yolo,CA,22.85,88818,5.4
06115,Yuba,CA,11.87,73313,6.8
08001,Adams,CO,19.12,91387,4.5
08003,Alamosa,CO,17.69,51445,4.9
08005,Arapahoe,CO,28.22,97215,4.2
08007,Archuleta,CO,25.42,76524,4.2
08009,Baca,CO,17.62,40380,3.4
08011,Bent,CO,8.80,49194,4.9
08013,Boulder,CO,34.47,102772,4.2
08014,Broomfield,CO,34.93,121025,4.1
08015,Chaffee,CO,26.76,70909,4.0
08017,Cheyenne,CO,15.78,67768,2.9
08019,Clear Creek,CO,29.98,96667,4.0
08021,Conejos,CO,15.25,47209,4.4
08023,Costilla,CO,19.84,36519,7.1
08025,Crowley,CO,7.52,47563,4.1
08027,Custer,CO,22.57,72700,4.3
08029,Delta,CO,16.90,58330,5.4
08031,Denver,CO,33.77,91681,4.4
08033,Dolores,CO,17.90,70490,4.5
08035,Douglas,CO,38.92,145737,3.9
08037,Eagle,CO,33.92,103174,3.5
08039,Elbert,CO,24.28,129477,3.7
08041,El Paso,CO,25.00,87470,4.3
08043,Fremont,CO,14.98,61027,6.0
08045,Garfield,CO,20.98,86172,3.6
08047,Gilpin,CO,22.48,88654,3.7
08049,Grand,CO,25.80,84558,3.5
08051,Gunnison,CO,41.40,77358,3.4
08053,Hinsdale,CO,29.62,64327,3.7
08055,Huerfano,CO,14.86,52139,7.1
08057,Jackson,CO,15.65,41809,3.8
08059,Jefferson,CO,32.09,107800,4.1
08061,Kiowa,CO,13.76,56389,3.4
08063,Kit Carson,CO,13.10,59810,3.3
08065,Lake,CO,26.96,93655,3.5
08067,La Plata,CO,29.61,85296,4.1
08069,Larimer,CO,30.99,91364,4.1
08071,Las Animas,CO,11.55,50408,6.3
08073,Lincoln,CO,21.25,54257,4.6
08075,Logan,CO,11.30,55074,3.6
08077,Mesa,CO,20.72,71485,4.4
08079,Mineral,CO,35.96,52455,5.0
08081,Moffat,CO,15.58,70975,4.3
08083,Montezuma,CO,18.65,63005,5.2
08085,Montrose,CO,18.78,66072,4.6
08087,Morgan,CO,11.37,75407,4.2
08089,Otero,CO,11.91,54897,5.5
08091,Ouray,CO,34.48,84556,4.4
08093,Park,CO,26.01,95450,4.2
08095,Phillips,CO,18.83,60372,3.2
08097,Pitkin,CO,37.44,100318,3.7
08099,Prowers,CO,9.97,57601,3.7
08101,Pueblo,CO,16.22,62250,5.9
08103,Rio Blanco,CO,18.48,72620,4.3
08105,Rio Grande,CO,21.56,62166,5.3
08107,Routt,CO,33.09,104803,3.7
08109,Saguache,CO,15.36,54283,4.5
08111,San Juan,CO,29.87,73889,3.6
08113,San Miguel,CO,47.22,80117,4.0
08115,Sedgwick,CO,19.01,52833,3.8
08117,Summit,CO,32.50,106255,3.2
08119,Teller,CO,22.29,80666,4.2
08121,Washington,CO,16.59,65164,3.5
08123,Weld,CO,20.38,93287,4.5
08125,Yuma,CO,16.06,60051,2.8
09110,Capitol,CT,22.88,91541,3.2
09120,Greater Bridgeport,CT,23.65,87135,3.6
09130,Lower Connecticut River Valley,CT,25.26,101117,2.8
09140,Naugatuck Valley,CT,18.89,86365,3.6
09150,Northeastern Connecticut,CT,14.90,87564,3.1
09160,Northwest Hills,CT,22.66,91035,2.8
09170,South Central Connecticut,CT,21.24,86266,3.2
09180,Southeastern Connecticut,CT,19.22,84185,3.1
09190,Western Connecticut,CT,29.83,124553,2.8
10001,Kent,DE,16.37,72872,4.0
10003,New Castle,DE,22.26,89901,3.6
10005,Sussex,DE,18.80,78162,3.6
11001,District of Columbia,DC,26.07,106287,5.2
12001,Alachua,FL,22.92,59659,3.8
12003,Baker,FL,9.17,70833,3.2
12005,Bay,FL,17.84,70188,3.3
12007,Bradford,FL,9.48,59740,3.7
12009,Brevard,FL,20.27,75817,3.5
12011,Broward,FL,22.05,74534,3.2
12013,Calhoun,FL,9.16,46901,3.7
12015,Charlotte,FL,15.55,66154,4.1
12017,Citrus,FL,12.67,55355,5.0
12019,Clay,FL,18.91,86094,3.4
12021,Collier,FL,23.14,86173,3.4
12023,Columbia,FL,11.24,55070,4.0
12027,DeSoto,FL,7.43,50868,4.1
12029,Dixie,FL,5.14,47655,4.2
12031,Duval,FL,22.24,68447,3.5
12033,Escambia,FL,18.43,65715,3.6
12035,Flagler,FL,20.04,72923,4.0
12037,Franklin,FL,13.97,62734,3.8
12039,Gadsden,FL,12.99,46047,4.2
12041,Gilchrist,FL,8.82,61070,3.5
12043,Glades,FL,9.88,38905,4.9
12045,Gulf,FL,15.44,67361,3.2
12047,Hamilton,FL,7.90,47696,4.7
12049,Hardee,FL,8.48,54231,4.3
12051,Hendry,FL,8.24,53044,3.9
12053,Hernando,FL,13.74,63193,4.0
12055,Highlands,FL,12.44,55581,4.9
12057,Hillsborough,FL,23.14,75011,3.4
12059,Holmes,FL,8.31,48236,3.6
12061,Indian River,FL,20.19,71049,4.1
12063,Jackson,FL,8.39,47327,3.9
12065,Jefferson,FL,11.78,56984,3.3
12067,Lafayette,FL,4.63,60692,4.2
12069,Lake,FL,17.19,69956,3.5
12071,Lee,FL,18.81,73099,3.5
12073,Leon,FL,27.56,65074,3.5
12075,Levy,FL,11.21,53805,4.0
12077,Liberty,FL,8.55,53824,3.9
12079,Madison,FL,8.09,48176,4.3
12081,Manatee,FL,21.09,75792,3.6
12083,Marion,FL,14.27,58535,4.2
12085,Martin,FL,23.55,80701,3.5
12086,Miami-Dade,FL,20.44,68694,2.4
12087,Monroe,FL,22.66,82430,2.3
12089,Nassau,FL,21.38,88900,3.2
12091,Okaloosa,FL,21.20,79097,3.1
12093,Okeechobee,FL,11.41,52288,3.9
12095,Orange,FL,24.54,77011,3.3
12097,Osceola,FL,19.57,68711,3.5
12099,Palm Beach,FL,23.98,81115,3.3
12101,Pasco,FL,18.09,67384,3.7
12103,Pinellas,FL,22.84,70293,3.3
12105,Polk,FL,15.31,63644,4.2
12107,Putnam,FL,9.95,47256,4.2
12109,St. Johns,FL,30.17,106169,3.3
12111,St. Lucie,FL,16.36,69027,3.9
12113,Santa Rosa,FL,19.79,88968,3.4
12115,Sarasota,FL,22.78,80633,3.6
12117,Seminole,FL,27.78,83030,3.1
12119,Sumter,FL,21.30,73297,5.9
12121,Suwannee,FL,10.37,55479,3.9
12123,Taylor,FL,10.76,44985,6.0
12125,Union,FL,6.50,64922,4.4
12127,Volusia,FL,17.74,66581,3.8
12129,Wakulla,FL,13.63,74183,2.8
12131,Walton,FL,22.62,79281,3.0
12133,Washington,FL,7.08,52723,4.0
13001,Appling,GA,5.00,43728,4.0
13003,Atkinson,GA,5.30,38438,3.8
13005,Bacon,GA,5.84,50310,3.7
13007,Baker,GA,9.95,44405,4.7
13009,Baldwin,GA,13.97,55413,3.9
13011,Banks,GA,11.66,68830,3.0
13013,Barrow,GA,13.94,77477,3.0
13015,Bartow,GA,15.44,79431,3.3
13017,Ben Hill,GA,8.01,39081,4.1
13019,Berrien,GA,8.15,50414,4.4
13021,Bibb,GA,12.90,50747,4.6
13023,Bleckley,GA,11.16,53005,4.0
13025,Brantley,GA,5.24,47801,3.3
13027,Brooks,GA,8.56,47656,3.8
13029,Bryan,GA,22.12,94234,2.9
13031,Bulloch,GA,18.62,56832,3.6
13033,Burke,GA,10.88,50739,5.3
13035,Butts,GA,7.97,59221,3.3
13037,Calhoun,GA,6.75,55714,3.3
13039,Camden,GA,14.30,72399,3.3
13043,Candler,GA,7.84,50431,3.6
13045,Carroll,GA,13.69,72327,3.4
13047,Catoosa,GA,15.36,72425,3.0
13049,Charlton,GA,8.43,48534,3.5
13051,Chatham,GA,22.04,69575,3.2
13053,Chattahoochee,GA,17.38,59221,7.1
13055,Chattooga,GA,5.93,47785,4.6
13057,Cherokee,GA,27.37,105442,2.9
13059,Clarke,GA,24.25,52267,3.6
13061,Clay,GA,13.03,48715,5.9
13063,Clayton,GA,14.06,58507,4.4
13065,Clinch,GA,9.07,55549,3.9
13067,Cobb,GA,31.79,98712,3.2
13069,Coffee,GA,8.47,50175,4.1
13071,Colquitt,GA,8.65,49691,3.2
13073,Columbia,GA,21.50,96122,3.5
13075,Cook,GA,10.57,50133,3.6
13077,Coweta,GA,21.94,94142,3.1
13079,Crawford,GA,7.88,60905,3.7
13081,Crisp,GA,9.34,42745,3.5
13083,Dade,GA,13.36,58936,3.3
13085,Dawson,GA,24.41,88986,2.8
13087,Decatur,GA,8.91,50485,3.7
13089,DeKalb,GA,25.83,77683,3.7
13091,Dodge,GA,9.32,50152,3.7
13093,Dooly,GA,9.07,56545,4.1
13095,Dougherty,GA,11.88,46784,4.9
13097,Douglas,GA,19.01,80764,3.8
13099,Early,GA,8.95,53750,4.9
13101,Echols,GA,8.38,61723,3.3
13103,Effingham,GA,19.08,85465,2.8
13105,Elbert,GA,8.96,49727,3.9
13107,Emanuel,GA,7.49,50053,4.5
13109,Evans,GA,9.33,53908,3.2
13111,Fannin,GA,13.30,58073,3.4
13113,Fayette,GA,29.83,108986,3.3
13115,Floyd,GA,14.16,62540,3.5
13117,Forsyth,GA,34.94,138000,2.8
13119,Franklin,GA,9.83,52264,3.7
13121,Fulton,GA,33.60,91490,3.6
13123,Gilmer,GA,14.66,72542,3.0
13125,Glascock,GA,13.84,55250,3.1
13127,Glynn,GA,18.20,68546,3.0
13129,Gordon,GA,10.33,61997,3.4
13131,Grady,GA,9.23,54312,3.3
13133,Greene,GA,23.32,84530,3.9
13135,Gwinnett,GA,25.16,84823,3.2
13137,Habersham,GA,14.43,65622,3.2
13139,Hall,GA,16.69,77430,2.8
13141,Hancock,GA,5.71,33182,6.0
13143,Haralson,GA,10.61,65016,3.2
13145,Harris,GA,19.25,89184,3.2
13147,Hart,GA,13.01,57241,3.7
13149,Heard,GA,7.96,62907,3.6
13151,Henry,GA,18.39,81612,3.8
13153,Houston,GA,18.90,80743,3.0
13155,Irwin,GA,7.24,53915,3.4
13157,Jackson,GA,18.59,85012,2.9
13159,Jasper,GA,11.30,59574,3.4
13161,Jeff Davis,GA,6.97,40879,4.8
13163,Jefferson,GA,8.15,46561,4.9
13165,Jenkins,GA,3.63,36906,4.0
13167,Johnson,GA,4.74,54183,4.1
13169,Jones,GA,11.81,68259,3.6
13171,Lamar,GA,11.10,68457,4.3
13173,Lanier,GA,11.94,44361,4.2
13175,Laurens,GA,9.26,49705,4.3
13177,Lee,GA,18.16,88024,2.8
13179,Liberty,GA,13.50,59013,4.1
13181,Lincoln,GA,9.64,50688,4.3
13183,Long,GA,7.98,64747,3.6
13185,Lowndes,GA,16.51,55887,3.9
13187,Lumpkin,GA,18.84,72388,3.4
13189,McDuffie,GA,11.22,54058,5.2
13191,McIntosh,GA,12.44,50348,3.6
13193,Macon,GA,7.56,37177,4.6
13195,Madison,GA,9.91,58784,3.3
13197,Marion,GA,10.40,50484,3.8
13199,Meriwether,GA,7.91,56458,4.1
13201,Miller,GA,13.64,58407,3.1
13205,Mitchell,GA,6.54,51908,3.9
13207,Monroe,GA,15.28,82863,3.1
13209,Montgomery,GA,10.76,51188,4.5
13211,Morgan,GA,18.80,85692,2.9
13213,Murray,GA,8.78,67880,4.0
13215,Muscogee,GA,17.59,56622,4.2
13217,Newton,GA,14.26,73732,4.2
13219,Oconee,GA,27.56,115925,2.7
13221,Oglethorpe,GA,14.97,69784,3.1
13223,Paulding,GA,18.30,94557,3.3
13225,Peach,GA,12.15,68365,4.0
13227,Pickens,GA,17.02,75293,2.9
13229,Pierce,GA,8.80,56691,3.7
13231,Pike,GA,13.58,84184,3.0
13233,Polk,GA,8.84,55308,3.7
13235,Pulaski,GA,7.20,47688,3.7
13237,Putnam,GA,18.07,64163,3.7
13239,Quitman,GA,5.08,36838,6.3
13241,Rabun,GA,17.19,61466,3.3
13243,Randolph,GA,9.17,25425,3.9
13245,Richmond,GA,14.67,53197,5.2
13247,Rockdale,GA,17.56,72349,4.2
13249,Schley,GA,10.80,59647,3.5
13251,Screven,GA,7.80,53017,4.5
13253,Seminole,GA,10.51,49559,4.4
13255,Spalding,GA,11.04,60217,3.9
13257,Stephens,GA,9.32,52264,4.1
13259,Stewart,GA,8.06,35000,4.3
13261,Sumter,GA,12.00,41877,4.9
13263,Talbot,GA,8.48,45098,4.2
13265,Taliaferro,GA,5.12,48036,4.0
13267,Tattnall,GA,8.11,52351,3.6
13269,Taylor,GA,11.20,41743,4.0
13271,Telfair,GA,5.60,44948,5.3
13273,Terrell,GA,6.72,43812,5.0
13275,Thomas,GA,15.23,60140,3.3
13277,Tift,GA,9.97,53165,3.2
13279,Toombs,GA,11.30,54130,4.3
13281,Towns,GA,17.80,58400,3.5
13283,Treutlen,GA,10.30,43750,4.8
13285,Troup,GA,12.71,54905,3.1
13287,Turner,GA,8.07,39565,4.3
13289,Twiggs,GA,6.86,55439,5.0
13291,Union,GA,16.36,65697,3.8
13293,Upson,GA,9.81,50904,3.6
13295,Walker,GA,12.42,55887,3.1
13297,Walton,GA,15.92,82381,3.2
13299,Ware,GA,10.32,44833,4.4
13301,Warren,GA,9.28,46776,4.9
13303,Washington,GA,12.26,44009,4.4
13305,Wayne,GA,8.44,49562,3.5
13307,Webster,GA,8.50,40764,3.7
13309,Wheeler,GA,10.93,45262,2.6
13311,White,GA,13.24,69747,3.0
13313,Whitfield,GA,10.95,64262,4.1
13315,Wilcox,GA,7.22,48036,3.3
13317,Wilkes,GA,11.91,52542,4.0
13319,Wilkinson,GA,7.85,46673,4.6
13321,Worth,GA,7.85,57201,3.6
15001,Hawaii,HI,19.01,77215,3.2
15003,Honolulu,HI,23.72,104264,2.7
15005,Kalawao,HI,16.28,86250,
15007,Kauai,HI,20.75,93612,2.6
15009,Maui,HI,19.95,95076,4.4
16001,Ada,ID,28.55,88907,3.3
16003,Adams,ID,13.48,59286,6.7
16005,Bannock,ID,19.54,64080,4.0
16007,Bear Lake,ID,13.97,67304,2.9
16009,Benewah,ID,13.08,56553,5.7
16011,Bingham,ID,14.90,76842,3.5
16013,Blaine,ID,33.07,84470,3.1
16015,Boise,ID,20.33,77349,4.6
16017,Bonner,ID,18.91,65168,5.2
16019,Bonneville,ID,22.21,76646,3.2
16021,Boundary,ID,11.83,62438,5.4
16023,Butte,ID,10.04,43281,3.7
16025,Camas,ID,18.45,55536,4.5
16027,Canyon,ID,16.18,72355,3.8
16029,Caribou,ID,9.74,66653,3.4
16031,Cassia,ID,13.93,67042,3.2
16033,Clark,ID,13.71,52083,4.3
16035,Clearwater,ID,13.26,57961,6.3
16037,Custer,ID,21.32,56957,5.2
16039,Elmore,ID,15.80,58976,4.2
16041,Franklin,ID,15.20,65991,3.2
16043,Fremont,ID,16.89,72767,3.5
16045,Gem,ID,17.32,66245,4.0
16047,Gooding,ID,11.05,62395,3.2
16049,Idaho,ID,16.24,60975,4.7
16051,Jefferson,ID,19.35,82952,3.0
16053,Jerome,ID,9.04,69338,3.4
16055,Kootenai,ID,18.99,77034,4.4
16057,Latah,ID,27.14,65179,3.0
16059,Lemhi,ID,14.20,52057,4.3
16061,Lewis,ID,14.53,49643,4.4
16063,Lincoln,ID,6.97,66038,4.0
16065,Madison,ID,28.39,58259,3.4
16067,Minidoka,ID,9.74,70060,3.2
16069,Nez Perce,ID,18.07,71466,3.5
16071,Oneida,ID,17.77,72563,2.8
16073,Owyhee,ID,9.32,59773,4.3
16075,Payette,ID,13.76,65723,4.4
16077,Power,ID,12.06,59760,3.3
16079,Shoshone,ID,7.41,49975,5.6
16081,Teton,ID,34.20,90740,2.6
16083,Twin Falls,ID,13.92,65338,3.5
16085,Valley,ID,25.39,76125,4.5
16087,Washington,ID,12.62,53608,4.5
17001,Adams,IL,18.07,64962,3.6
17003,Alexander,IL,7.28,43523,6.5
17005,Bond,IL,12.27,61603,4.6
17007,Boone,IL,14.41,81638,5.8
17009,Brown,IL,11.68,72288,3.0
17011,Bureau,IL,14.33,65894,5.8
17013,Calhoun,IL,13.24,92095,4.6
17015,Carroll,IL,13.36,60871,4.8
17017,Cass,IL,15.03,64907,4.5
17019,Champaign,IL,21.02,63091,4.2
17021,Christian,IL,11.48,59253,4.3
17023,Clark,IL,14.33,70625,5.0
17025,Clay,IL,10.02,57266,5.2
17027,Clinton,IL,17.00,82314,3.5
17029,Coles,IL,16.61,56040,4.0
17031,Cook,IL,24.37,81797,5.4
17033,Crawford,IL,14.30,67614,4.5
17035,Cumberland,IL,12.73,69826,3.7
17037,DeKalb,IL,20.01,69022,4.7
17039,De Witt,IL,14.56,64802,4.3
17041,Douglas,IL,13.92,74186,3.6
17043,DuPage,IL,30.49,110502,4.3
17045,Edgar,IL,15.08,56909,4.3
17047,Edwards,IL,8.92,59386,4.1
17049,Effingham,IL,17.85,75380,3.8
17051,Fayette,IL,11.63,57113,5.1
17053,Ford,IL,12.46,60782,4.2
17055,Franklin,IL,11.74,53471,5.3
17057,Fulton,IL,12.06,58617,4.9
17059,Gallatin,IL,9.60,54626,5.0
17061,Greene,IL,11.19,60976,4.0
17063,Grundy,IL,16.30,93060,5.3
17065,Hamilton,IL,11.46,61520,4.5
17067,Hancock,IL,17.13,65044,3.9
17069,Hardin,IL,6.95,57155,5.2
17071,Henderson,IL,14.35,65651,4.2
17073,Henry,IL,16.62,69912,5.2
17075,Iroquois,IL,11.86,62439,4.8
17077,Jackson,IL,18.23,45572,4.8
17079,Jasper,IL,14.02,71094,4.0
17081,Jefferson,IL,11.59,61102,4.7
17083,Jersey,IL,13.51,79104,4.1
17085,Jo Daviess,IL,19.11,74954,4.3
17087,Johnson,IL,12.25,65203,5.5
17089,Kane,IL,24.12,100678,5.0
17091,Kankakee,IL,12.44,68325,5.7
17093,Kendall,IL,23.43,110474,4.5
17095,Knox,IL,13.11,53291,5.2
17097,Lake,IL,27.44,108917,5.0
17099,LaSalle,IL,12.78,72281,5.7
17101,Lawrence,IL,8.80,53438,5.2
17103,Lee,IL,12.34,68459,4.9
17105,Livingston,IL,12.59,70796,4.1
17107,Logan,IL,13.46,64188,4.9
17109,McDonough,IL,16.68,50434,4.4
17111,McHenry,IL,23.29,102836,4.5
17113,McLean,IL,31.22,78329,3.9
17115,Macon,IL,16.03,62449,5.8
17117,Macoupin,IL,13.17,68518,4.4
17119,Madison,IL,19.59,74800,4.2
17121,Marion,IL,11.83,60839,4.9
17123,Marshall,IL,13.04,69818,4.8
17125,Mason,IL,12.36,62127,4.8
17127,Massac,IL,11.36,62584,4.3
17129,Menard,IL,15.98,81334,4.0
17131,Mercer,IL,12.63,71710,5.4
17133,Monroe,IL,24.23,101635,3.1
17135,Montgomery,IL,11.76,61863,4.6
17137,Morgan,IL,16.15,65175,4.3
17139,Moultrie,IL,13.02,71676,3.7
17141,Ogle,IL,15.45,79244,5.0
17143,Peoria,IL,20.77,64938,5.4
17145,Perry,IL,8.18,59286,5.0
17147,Piatt,IL,20.61,87516,3.6
17149,Pike,IL,14.10,58029,4.7
17151,Pope,IL,10.99,62500,5.4
17153,Pulaski,IL,7.16,43227,7.0
17155,Putnam,IL,16.09,77526,5.3
17157,Randolph,IL,9.43,68870,4.3
17159,Richland,IL,12.49,60404,4.0
17161,Rock Island,IL,15.06,66768,5.5
17163,St. Clair,IL,17.57,70178,4.7
17165,Saline,IL,14.46,54945,4.5
17167,Sangamon,IL,20.94,74114,4.3
17169,Schuyler,IL,12.64,66059,5.2
17171,Scott,IL,17.68,73013,5.2
17173,Shelby,IL,13.17,68457,4.2
17175,Stark,IL,14.86,62284,5.2
17177,Stephenson,IL,14.09,61943,4.8
17179,Tazewell,IL,19.54,76704,4.5
17181,Union,IL,14.09,56420,4.7
17183,Vermilion,IL,9.63,54537,6.0
17185,Wabash,IL,12.35,53650,3.8
17187,Warren,IL,14.22,64650,4.6
17189,Washington,IL,16.37,75652,3.6
17191,Wayne,IL,11.03,53107,4.0
17193,White,IL,9.70,53097,4.4
17195,Whiteside,IL,12.46,64536,4.7
17197,Will,IL,22.71,107799,5.1
17199,Williamson,IL,16.50,65521,4.5
17201,Winnebago,IL,15.63,64363,5.6
17203,Woodford,IL,23.67,85629,3.8
18001,Adams,IN,10.94,63128,4.0
18003,Allen,IN,20.82,68839,4.0
18005,Bartholomew,IN,20.27,80365,4.1
18007,Benton,IN,15.47,61811,3.5
18009,Blackford,IN,8.91,47560,4.7
18011,Boone,IN,30.34,104865,3.3
18013,Brown,IN,15.16,72644,4.0
18015,Carroll,IN,10.11,64003,3.6
18017,Cass,IN,10.19,56525,4.7
18019,Clark,IN,17.46,72298,3.8
18021,Clay,IN,11.77,67676,4.1
18023,Clinton,IN,11.15,63690,3.5
18025,Crawford,IN,7.05,48993,4.9
18027,Daviess,IN,10.77,68561,3.3
18029,Dearborn,IN,17.34,82693,4.0
18031,Decatur,IN,14.61,74228,3.8
18033,DeKalb,IN,14.12,70080,3.8
18035,Delaware,IN,15.02,56932,4.7
18037,Dubois,IN,17.66,71918,3.3
18039,Elkhart,IN,12.79,65617,4.9
18041,Fayette,IN,12.39,56659,4.8
18043,Floyd,IN,19.31,78179,3.8
18045,Fountain,IN,8.49,62526,4.0
18047,Franklin,IN,12.82,79702,3.8
18049,Fulton,IN,10.52,62878,4.6
18051,Gibson,IN,13.49,67763,3.5
18053,Grant,IN,12.19,54007,4.8
18055,Greene,IN,10.01,59753,4.5
18057,Hamilton,IN,38.87,117957,3.3
18059,Hancock,IN,23.05,91326,3.5
18061,Harrison,IN,14.86,72468,3.8
18063,Hendricks,IN,25.41,99988,3.4
18065,Henry,IN,10.76,60144,4.2
18067,Howard,IN,13.36,62496,6.9
18069,Huntington,IN,15.13,62734,3.9
18071,Jackson,IN,13.98,70208,3.5
18073,Jasper,IN,12.20,79634,4.3
18075,Jay,IN,7.58,54114,3.7
18077,Jefferson,IN,11.27,59987,4.0
18079,Jennings,IN,8.83,68476,3.8
18081,Johnson,IN,20.95,87227,3.6
18083,Knox,IN,11.34,58863,4.1
18085,Kosciusko,IN,16.00,73922,4.5
18087,LaGrange,IN,6.97,83741,4.0
18089,Lake,IN,16.70,68985,5.7
18091,LaPorte,IN,14.41,70452,4.7
18093,Lawrence,IN,12.01,65551,4.5
18095,Madison,IN,13.18,62632,4.2
18097,Marion,IN,21.66,63450,4.2
18099,Marshall,IN,13.21,68041,4.3
18101,Martin,IN,8.27,65345,3.4
18103,Miami,IN,11.64,61130,5.0
18105,Monroe,IN,23.63,63372,3.8
18107,Montgomery,IN,12.54,66571,3.4
18109,Morgan,IN,13.91,79088,3.9
18111,Newton,IN,10.10,68596,4.5
18113,Noble,IN,11.85,70908,4.3
18115,Ohio,IN,13.41,67942,4.1
18117,Orange,IN,10.17,64758,4.1
18119,Owen,IN,11.86,59586,4.1
18121,Parke,IN,7.83,66776,4.3
18123,Perry,IN,11.81,61099,3.8
18125,Pike,IN,11.13,66250,4.2
18127,Porter,IN,19.01,85828,4.5
18129,Posey,IN,16.30,79124,3.6
18131,Pulaski,IN,9.23,59956,3.7
18133,Putnam,IN,13.69,76182,4.1
18135,Randolph,IN,8.66,61121,4.2
18137,Ripley,IN,11.62,71084,3.9
18139,Rush,IN,10.85,64393,3.8
18141,St. Joseph,IN,19.69,64885,4.9
18143,Scott,IN,7.38,54583,4.8
18145,Shelby,IN,13.41,71301,3.7
18147,Spencer,IN,13.43,70890,4.0
18149,Starke,IN,8.71,62933,5.3
18151,Steuben,IN,15.96,71483,4.2
18153,Sullivan,IN,10.44,54985,4.2
18155,Switzerland,IN,7.23,65148,4.7
18157,Tippecanoe,IN,22.45,58622,3.8
18159,Tipton,IN,17.14,78309,4.3
18161,Union,IN,14.66,79500,3.0
18163,Vanderburgh,IN,17.82,60938,4.0
18165,Vermillion,IN,12.60,59363,4.8
18167,Vigo,IN,15.40,52525,4.4
18169,Wabash,IN,14.25,68414,4.2
18171,Warren,IN,12.57,74635,3.5
18173,Warrick,IN,21.94,95027,3.6
18175,Washington,IN,9.91,61358,3.9
18177,Wayne,IN,12.27,56652,4.4
18179,Wells,IN,13.51,69741,3.5
18181,White,IN,12.98,66143,4.1
18183,Whitley,IN,15.97,75790,3.7
19001,Adair,IA,14.91,66176,2.6
19003,Adams,IA,19.75,68828,2.5
19005,Allamakee,IA,13.91,66000,3.8
19007,Appanoose,IA,15.21,51146,3.7
19009,Audubon,IA,16.17,54152,2.2
19011,Benton,IA,16.96,84742,3.0
19013,Black Hawk,IA,19.34,64581,3.6
19015,Boone,IA,19.68,79741,2.6
19017,Bremer,IA,24.11,83343,2.9
19019,Buchanan,IA,15.87,78430,3.2
19021,Buena Vista,IA,15.11,66564,2.6
19023,Butler,IA,15.61,69651,3.3
19025,Calhoun,IA,14.95,66875,2.6
19027,Carroll,IA,17.82,68528,2.1
19029,Cass,IA,15.95,61657,2.7
19031,Cedar,IA,15.83,79080,3.0
19033,Cerro Gordo,IA,16.38,65537,2.9
19035,Cherokee,IA,14.34,64478,2.3
19037,Chickasaw,IA,14.15,73421,2.6
19039,Clarke,IA,10.70,66821,2.8
19041,Clay,IA,18.61,64082,3.2
19043,Clayton,IA,11.57,62326,3.8
19045,Clinton,IA,15.62,65177,3.9
19047,Crawford,IA,14.32,65039,4.1
19049,Dallas,IA,34.14,102349,2.6
19051,Davis,IA,12.51,79505,2.7
19053,Decatur,IA,14.15,57146,2.9
19055,Delaware,IA,13.77,76205,2.8
19057,Des Moines,IA,15.84,60662,3.9
19059,Dickinson,IA,24.02,74570,3.1
19061,Dubuque,IA,21.65,75919,3.3
19063,Emmet,IA,11.33,65181,3.4
19065,Fayette,IA,12.71,58764,3.3
19067,Floyd,IA,13.19,64500,3.5
19069,Franklin,IA,13.53,63648,3.1
19071,Fremont,IA,17.22,73750,3.3
19073,Greene,IA,14.68,59159,2.7
19075,Grundy,IA,18.43,83617,2.9
19077,Guthrie,IA,16.43,79981,2.9
19079,Hamilton,IA,16.11,71750,2.4
19081,Hancock,IA,17.02,70212,2.3
19083,Hardin,IA,15.45,64906,2.8
19085,Harrison,IA,15.59,77027,2.5
19087,Henry,IA,15.36,64604,2.9
19089,Howard,IA,14.89,67336,3.2
19091,Humboldt,IA,14.81,66994,2.7
19093,Ida,IA,16.20,62841,2.6
19095,Iowa,IA,17.47,72185,3.2
19097,Jackson,IA,13.84,71605,3.7
19099,Jasper,IA,13.34,70128,3.0
19101,Jefferson,IA,23.34,56824,3.3
19103,Johnson,IA,30.55,74721,2.4
19105,Jones,IA,14.36,73071,3.7
19107,Keokuk,IA,11.41,60856,3.2
19109,Kossuth,IA,16.29,65656,2.4
19111,Lee,IA,15.64,59803,3.6
19113,Linn,IA,23.52,76421,3.4
19115,Louisa,IA,13.86,80223,3.1
19117,Lucas,IA,9.92,67921,2.9
19119,Lyon,IA,16.85,72881,2.3
19121,Madison,IA,19.28,89542,2.9
19123,Mahaska,IA,17.03,69019,2.4
19125,Marion,IA,22.99,78059,2.4
19127,Marshall,IA,14.61,72785,5.7
19129,Mills,IA,22.29,87810,3.2
19131,Mitchell,IA,16.60,68704,2.3
19133,Monona,IA,12.73,62944,2.7
19135,Monroe,IA,14.95,72518,3.1
19137,Montgomery,IA,13.75,63190,2.4
19139,Muscatine,IA,16.05,69512,3.5
19141,O'Brien,IA,17.51,68216,2.3
19143,Osceola,IA,10.92,69138,1.9
19145,Page,IA,13.01,57752,2.5
19147,Palo Alto,IA,15.50,68963,2.5
19149,Plymouth,IA,18.35,81600,2.4
19151,Pocahontas,IA,15.00,63423,2.9
19153,Polk,IA,26.75,81621,3.1
19155,Pottawattamie,IA,16.04,71446,3.1
19157,Poweshiek,IA,16.56,64837,2.7
19159,Ringgold,IA,18.92,69821,2.6
19161,Sac,IA,15.97,70991,3.1
19163,Scott,IA,22.58,76363,3.7
19165,Shelby,IA,15.98,67690,2.5
19167,Sioux,IA,21.46,84736,2.0
19169,Story,IA,30.50,69006,2.3
19171,Tama,IA,13.68,67955,4.3
19173,Taylor,IA,11.82,67279,2.0
19175,Union,IA,17.31,56813,3.0
19177,Van Buren,IA,13.48,60183,3.0
19179,Wapello,IA,11.78,60034,3.6
19181,Warren,IA,22.63,92990,2.7
19183,Washington,IA,16.45,71339,2.4
19185,Wayne,IA,11.44,59118,2.5
19187,Webster,IA,15.34,68054,3.1
19189,Winnebago,IA,18.84,63719,2.5
19191,Winneshiek,IA,21.27,75652,2.9
19193,Woodbury,IA,15.56,70147,3.0
19195,Worth,IA,14.75,76875,2.5
19197,Wright,IA,18.19,64033,2.4
20001,Allen,KS,14.29,57618,4.0
20003,Anderson,KS,8.57,64925,3.4
20005,Atchison,KS,14.04,62164,3.8
20007,Barber,KS,21.85,57615,3.0
20009,Barton,KS,16.27,56733,3.5
20011,Bourbon,KS,16.57,67555,5.4
20013,Brown,KS,12.76,58886,4.2
20015,Butler,KS,20.60,80375,3.7
20017,Chase,KS,22.28,54518,3.9
20019,Chautauqua,KS,13.53,54592,4.2
20021,Cherokee,KS,13.88,58274,3.6
20023,Cheyenne,KS,15.81,55765,3.2
20025,Clark,KS,22.97,65515,2.8
20027,Clay,KS,17.42,63136,3.5
20029,Cloud,KS,14.21,57333,3.1
20031,Coffey,KS,14.33,67377,4.1
20033,Comanche,KS,14.99,49417,3.0
20035,Cowley,KS,15.47,58263,4.3
20037,Crawford,KS,20.28,50311,3.9
20039,Decatur,KS,21.87,52030,3.1
20041,Dickinson,KS,15.34,67982,3.9
20043,Doniphan,KS,11.06,72833,3.8
20045,Douglas,KS,28.96,68756,3.3
20047,Edwards,KS,14.82,53792,3.2
20049,Elk,KS,14.45,56087,4.3
20051,Ellis,KS,24.90,59889,2.9
20053,Ellsworth,KS,14.59,66792,3.8
20055,Finney,KS,13.14,72437,2.8
20057,Ford,KS,14.23,70495,2.8
20059,Franklin,KS,15.75,72142,3.8
20061,Geary,KS,15.52,57344,4.3
20063,Gove,KS,15.45,63203,3.5
20065,Graham,KS,18.70,52909,3.7
20067,Grant,KS,15.98,72484,3.6
20069,Gray,KS,20.50,77885,2.5
20071,Greeley,KS,21.57,78819,3.0
20073,Greenwood,KS,12.83,58276,3.6
20075,Hamilton,KS,16.67,61929,2.7
20077,Harper,KS,15.52,55417,3.7
20079,Harvey,KS,21.07,73269,4.2
20081,Haskell,KS,14.26,69138,3.2
20083,Hodgeman,KS,23.72,63125,3.1
20085,Jackson,KS,12.85,72703,3.4
20087,Jefferson,KS,15.42,77393,3.6
20089,Jewell,KS,14.60,52344,4.0
20091,Johnson,KS,34.45,107261,3.3
20093,Kearny,KS,11.40,74135,3.0
20095,Kingman,KS,16.85,59819,2.8
20097,Kiowa,KS,21.14,73214,3.2
20099,Labette,KS,14.37,55439,3.8
20101,Lane,KS,17.23,53042,3.6
20103,Leavenworth,KS,21.34,86906,3.8
20105,Lincoln,KS,14.10,53546,4.3
20107,Linn,KS,15.63,59200,4.9
20109,Logan,KS,20.19,71389,2.7
20111,Lyon,KS,15.48,59078,3.3
20113,McPherson,KS,21.48,77701,2.9
20115,Marion,KS,19.44,63438,3.8
20117,Marshall,KS,13.10,70828,3.2
20119,Meade,KS,13.52,74868,2.9
20121,Miami,KS,21.02,88000,3.5
20123,Mitchell,KS,17.51,58233,3.7
20125,Montgomery,KS,14.37,53242,3.9
20127,Morris,KS,19.73,56716,3.0
20129,Morton,KS,12.55,65625,3.6
20131,Nemaha,KS,21.08,77375,2.6
20133,Neosho,KS,15.16,55704,3.7
20135,Ness,KS,18.76,66107,2.7
20137,Norton,KS,14.52,50305,2.9
20139,Osage,KS,14.57,70216,3.7
20141,Osborne,KS,17.01,59408,3.5
20143,Ottawa,KS,18.35,76755,3.1
20145,Pawnee,KS,12.78,63625,3.1
20147,Phillips,KS,16.03,61235,3.0
20149,Pottawatomie,KS,23.25,87694,3.0
20151,Pratt,KS,16.98,64348,3.1
20153,Rawlins,KS,13.48,65000,2.6
20155,Reno,KS,14.13,60498,3.7
20157,Republic,KS,16.61,53611,2.9
20159,Rice,KS,15.99,63947,3.4
20161,Riley,KS,26.27,59560,3.1
20163,Rooks,KS,17.86,61596,3.4
20165,Rush,KS,16.15,60288,3.6
20167,Russell,KS,12.58,53902,4.1
20169,Saline,KS,19.40,63316,3.4
20171,Scott,KS,21.98,67788,3.1
20173,Sedgwick,KS,20.24,67675,3.9
20175,Seward,KS,9.58,62269,3.0
20177,Shawnee,KS,20.17,66043,3.8
20179,Sheridan,KS,16.84,70000,2.4
20181,Sherman,KS,18.67,64444,3.3
20183,Smith,KS,18.59,57024,3.1
20185,Stafford,KS,19.91,63786,2.9
20187,Stanton,KS,16.56,70361,3.0
20189,Stevens,KS,11.11,61909,3.9
20191,Sumner,KS,17.55,60348,3.9
20193,Thomas,KS,21.17,73575,2.6
20195,Trego,KS,21.89,73375,3.6
20197,Wabaunsee,KS,16.99,70536,3.8
20199,Wallace,KS,18.51,60263,3.4
20201,Washington,KS,15.95,62452,3.2
20203,Wichita,KS,13.79,71282,2.9
20205,Wilson,KS,15.89,57056,4.2
20207,Woodson,KS,15.90,48152,5.0
20209,Wyandotte,KS,12.87,60582,4.3
21001,Adair,KY,9.84,50316,5.4
21003,Allen,KY,10.30,59029,4.7
21005,Anderson,KY,17.37,71747,4.8
21007,Ballard,KY,12.92,64740,5.4
21009,Barren,KY,11.05,49171,5.6
21011,Bath,KY,8.65,54128,6.9
21013,Bell,KY,8.86,32403,6.9
21015,Boone,KY,22.48,94752,4.5
21017,Bourbon,KY,15.02,56322,4.3
21019,Boyd,KY,10.41,60659,6.2
21021,Boyle,KY,15.66,61635,5.1
21023,Bracken,KY,9.26,59521,6.0
21025,Breathitt,KY,8.28,41101,7.7
21027,Breckinridge,KY,9.55,53673,5.8
21029,Bullitt,KY,12.34,77640,4.7
21031,Butler,KY,5.08,52003,5.7
21033,Caldwell,KY,10.73,57618,4.6
21035,Calloway,KY,17.67,51854,5.4
21037,Campbell,KY,24.33,77271,4.6
21039,Carlisle,KY,8.58,62019,5.4
21041,Carroll,KY,5.63,57753,5.0
21043,Carter,KY,8.61,50389,8.3
21045,Casey,KY,6.73,41689,5.4
21047,Christian,KY,13.76,54190,6.0
21049,Clark,KY,13.95,67824,4.7
21051,Clay,KY,7.47,39607,7.2
21053,Clinton,KY,8.91,42168,5.8
21055,Crittenden,KY,6.85,47003,5.5
21057,Cumberland,KY,9.30,39662,5.1
21059,Daviess,KY,15.04,65323,5.0
21061,Edmonson,KY,5.64,54512,5.8
21063,Elliott,KY,3.53,40074,9.0
21065,Estill,KY,6.56,43905,6.3
21067,Fayette,KY,26.49,67631,4.2
21069,Fleming,KY,9.92,49663,6.1
21071,Floyd,KY,8.57,41582,7.1
21073,Franklin,KY,18.45,66470,4.6
21075,Fulton,KY,13.88,36834,5.4
21077,Gallatin,KY,8.98,62247,4.9
21079,Garrard,KY,9.93,62572,4.9
21081,Grant,KY,9.43,67940,5.0
21083,Graves,KY,9.97,50576,4.6
21085,Grayson,KY,7.49,49893,5.8
21087,Green,KY,8.52,41087,5.8
21089,Greenup,KY,9.94,59613,7.0
21091,Hancock,KY,10.87,66836,5.7
21093,Hardin,KY,15.04,67608,5.2
21095,Harlan,KY,6.21,37198,7.2
21097,Harrison,KY,12.05,63205,4.5
21099,Hart,KY,6.02,49653,5.3
21101,Henderson,KY,12.52,58239,5.1
21103,Henry,KY,9.98,60736,4.8
21105,Hickman,KY,8.89,63750,5.1
21107,Hopkins,KY,9.11,57610,5.6
21109,Jackson,KY,6.56,41410,7.7
21111,Jefferson,KY,21.54,67849,4.8
21113,Jessamine,KY,17.45,74886,4.4
21115,Johnson,KY,9.10,43014,7.3
21117,Kenton,KY,24.09,79421,4.5
21119,Knott,KY,8.26,37736,7.6
21121,Knox,KY,6.97,33153,7.1
21123,Larue,KY,7.50,67770,4.9
21125,Laurel,KY,9.07,56999,6.2
21127,Lawrence,KY,8.35,45584,8.1
21129,Lee,KY,5.87,34182,5.9
21131,Leslie,KY,6.60,40176,6.2
21133,Letcher,KY,6.85,40501,6.2
21135,Lewis,KY,6.33,41632,9.0
21137,Lincoln,KY,9.35,50862,5.9
21139,Livingston,KY,7.70,59713,5.9
21141,Logan,KY,10.31,61535,5.2
21143,Lyon,KY,9.21,64464,5.7
21145,McCracken,KY,16.79,62385,5.1
21147,McCreary,KY,5.29,37355,6.5
21149,McLean,KY,10.60,70549,5.7
21151,Madison,KY,20.26,62407,5.0
21153,Magoffin,KY,4.53,33632,9.1
21155,Marion,KY,6.49,55404,5.5
21157,Marshall,KY,12.52,63611,5.4
21159,Martin,KY,6.65,46185,8.5
21161,Mason,KY,11.42,51473,6.4
21163,Meade,KY,11.79,70163,4.8
21165,Menifee,KY,7.31,44672,7.3
21167,Mercer,KY,13.56,63115,4.8
21169,Metcalfe,KY,7.08,48572,5.3
21171,Monroe,KY,5.82,49430,5.4
21173,Montgomery,KY,11.67,57468,5.6
21175,Morgan,KY,8.92,47493,6.7
21177,Muhlenberg,KY,7.08,52672,6.3
21179,Nelson,KY,14.24,67888,4.7
21181,Nicholas,KY,5.56,53616,4.8
21183,Ohio,KY,7.74,54369,6.3
21185,Oldham,KY,26.22,121491,4.2
21187,Owen,KY,12.81,59706,5.0
21189,Owsley,KY,6.76,31064,6.2
21191,Pendleton,KY,11.06,66601,5.2
21193,Perry,KY,6.20,45261,5.6
21195,Pike,KY,8.78,42179,6.8
21197,Powell,KY,10.45,39811,5.2
21199,Pulaski,KY,9.77,50943,5.6
21201,Robertson,KY,9.51,52337,6.5
21203,Rockcastle,KY,5.87,48367,5.6
21205,Rowan,KY,12.48,53657,6.2
21207,Russell,KY,8.23,50520,5.0
21209,Scott,KY,21.18,83660,4.2
21211,Shelby,KY,19.69,82671,4.1
21213,Simpson,KY,10.47,57392,5.1
21215,Spencer,KY,13.70,98333,4.6
21217,Taylor,KY,13.82,61871,5.3
21219,Todd,KY,9.60,57759,4.7
21221,Trigg,KY,11.33,54630,5.5
21223,Trimble,KY,8.82,67813,4.7
21225,Union,KY,7.71,60989,4.7
21227,Warren,KY,20.62,64801,4.6
21229,Washington,KY,11.50,59762,4.2
21231,Wayne,KY,7.75,41933,6.5
21233,Webster,KY,8.14,58786,5.6
21235,Whitley,KY,9.49,41719,5.3
21237,Wolfe,KY,3.02,29052,9.4
21239,Woodford,KY,23.70,80006,3.9
22001,Acadia,LA,9.71,45266,4.3
22003,Allen,LA,7.63,51138,4.9
22005,Ascension,LA,18.84,92266,3.6
22007,Assumption,LA,8.98,52546,4.4
22009,Avoyelles,LA,6.73,39439,4.8
22011,Beauregard,LA,11.88,64995,4.2
22013,Bienville,LA,9.79,34992,5.7
22015,Bossier,LA,16.66,66336,4.0
22017,Caddo,LA,14.86,50067,4.6
22019,Calcasieu,LA,16.27,67849,4.5
22021,Caldwell,LA,8.15,44957,5.7
22023,Cameron,LA,8.80,72500,4.5
22025,Catahoula,LA,10.00,47753,5.4
22027,Claiborne,LA,7.41,31784,6.1
22029,Concordia,LA,10.77,37349,6.3
22031,De Soto,LA,9.62,46077,4.9
22033,East Baton Rouge,LA,22.76,63075,4.2
22035,East Carroll,LA,9.30,28321,12.8
22037,East Feliciana,LA,11.38,72899,4.6
22039,Evangeline,LA,9.38,42273,4.9
22041,Franklin,LA,10.86,44103,5.7
22043,Grant,LA,9.58,61112,4.4
22045,Iberia,LA,10.52,57811,4.6
22047,Iberville,LA,11.23,57459,5.0
22049,Jackson,LA,9.28,43345,5.1
22051,Jefferson,LA,18.98,65246,4.0
22053,Jefferson Davis,LA,9.31,56500,4.8
22055,Lafayette,LA,24.27,67660,3.6
22057,Lafourche,LA,13.69,63439,3.8
22059,LaSalle,LA,12.60,67077,3.7
22061,Lincoln,LA,19.65,38035,4.7
22063,Livingston,LA,14.31,78617,3.7
22065,Madison,LA,9.94,37267,7.2
22067,Morehouse,LA,8.27,36981,6.6
22069,Natchitoches,LA,15.08,46798,5.5
22071,Orleans,LA,22.55,55339,4.9
22073,Ouachita,LA,17.56,51241,4.6
22075,Plaquemines,LA,13.76,82874,3.8
22077,Pointe Coupee,LA,10.97,59351,4.6
22079,Rapides,LA,14.14,55946,4.1
22081,Red River,LA,7.17,44539,5.1
22083,Richland,LA,10.91,52960,5.4
22085,Sabine,LA,10.10,52047,5.1
22087,St. Bernard,LA,11.27,57638,4.7
22089,St. Charles,LA,19.76,82172,3.7
22091,St. Helena,LA,9.48,50193,6.5
22093,St. James,LA,14.96,64536,5.1
22095,St. John the Baptist,LA,11.98,67418,5.1
22097,St. Landry,LA,9.34,45637,5.1
22099,St. Martin,LA,11.01,53394,4.0
22101,St. Mary,LA,8.82,51768,5.1
22103,St. Tammany,LA,23.72,79277,3.9
22105,Tangipahoa,LA,14.67,57256,4.9
22107,Tensas,LA,7.49,36074,7.7
22109,Terrebonne,LA,11.57,64819,3.9
22111,Union,LA,11.89,45743,5.4
22113,Vermilion,LA,12.80,57537,4.1
22115,Vernon,LA,13.96,58281,4.9
22117,Washington,LA,8.49,42776,4.8
22119,Webster,LA,8.86,37396,5.4
22121,West Baton Rouge,LA,17.13,87320,4.0
22123,West Carroll,LA,8.72,48514,7.4
22125,West Feliciana,LA,14.74,74277,2.9
22127,Winn,LA,11.78,46368,5.3
23001,Androscoggin,ME,15.80,67298,3.2
23003,Aroostook,ME,15.47,54254,4.2
23005,Cumberland,ME,31.16,92983,2.5
23007,Franklin,ME,19.72,58522,3.9
23009,Hancock,ME,24.57,69630,3.6
23011,Kennebec,ME,19.11,65062,3.0
23013,Knox,ME,24.58,71903,3.4
23015,Lincoln,ME,24.13,72026,3.2
23017,Oxford,ME,14.72,57933,3.5
23019,Penobscot,ME,18.90,63248,3.3
23021,Piscataquis,ME,15.67,55234,5.2
23023,Sagadahoc,ME,24.00,82080,2.6
23025,Somerset,ME,14.42,56199,4.1
23027,Waldo,ME,19.98,68441,3.5
23029,Washington,ME,16.24,52237,4.8
23031,York,ME,22.01,82904,2.8
24001,Allegany,MD,11.77,57393,4.3
24003,Anne Arundel,MD,25.10,120324,2.7
24005,Baltimore,MD,23.10,90904,3.1
24009,Calvert,MD,19.48,132059,2.6
24011,Caroline,MD,10.17,66368,3.0
24013,Carroll,MD,24.05,115876,2.4
24015,Cecil,MD,15.96,91146,3.3
24017,Charles,MD,17.78,120592,3.1
24019,Dorchester,MD,10.74,60495,3.5
24021,Frederick,MD,24.75,120458,2.6
24023,Garrett,MD,13.38,69031,3.5
24025,Harford,MD,22.60,111317,2.8
24027,Howard,MD,30.69,146982,2.6
24029,Kent,MD,19.88,74402,3.5
24031,Montgomery,MD,27.20,128733,2.7
24033,Prince George's,MD,20.27,100708,3.3
24035,Queen Anne's,MD,22.40,113347,2.5
24037,St. Mary's,MD,19.96,114580,2.7
24039,Somerset,MD,11.27,52462,3.9
24041,Talbot,MD,23.20,84378,3.3
24043,Washington,MD,13.68,74157,3.3
24045,Wicomico,MD,17.67,72861,3.3
24047,Worcester,MD,19.90,81455,4.2
24510,Baltimore,MD,18.09,59623,4.0
25001,Barnstable,MA,25.80,94452,4.8
25003,Berkshire,MA,20.34,72565,4.0
25005,Bristol,MA,19.51,84198,4.7
25007,Dukes,MA,26.15,102348,4.8
25009,Essex,MA,24.86,99431,4.1
25011,Franklin,MA,21.37,72584,3.6
25013,Hampden,MA,16.99,70535,5.1
25015,Hampshire,MA,24.54,86391,3.8
25017,Middlesex,MA,28.76,126779,3.6
25019,Nantucket,MA,37.11,119750,6.4
25021,Norfolk,MA,29.98,126497,3.7
25023,Plymouth,MA,25.62,109698,4.1
25025,Suffolk,MA,26.84,92859,3.9
25027,Worcester,MA,22.49,93561,4.1
26001,Alcona,MI,12.59,53568,8.8
26003,Alger,MI,13.85,59406,8.7
26005,Allegan,MI,17.68,80255,4.2
26007,Alpena,MI,11.28,51909,5.3
26009,Antrim,MI,21.14,71421,5.7
26011,Arenac,MI,10.52,56989,6.9
26013,Baraga,MI,10.67,55117,7.2
26015,Barry,MI,16.61,77873,4.5
26017,Bay,MI,14.54,60523,5.6
26019,Benzie,MI,21.16,72603,5.3
26021,Berrien,MI,18.05,63152,5.0
26023,Branch,MI,11.95,61958,4.2
26025,Calhoun,MI,14.54,60385,5.2
26027,Cass,MI,13.37,68011,5.1
26029,Charlevoix,MI,20.46,76495,5.0
26031,Cheboygan,MI,13.49,61619,8.2
26033,Chippewa,MI,13.55,60631,6.4
26035,Clare,MI,7.72,49805,7.5
26037,Clinton,MI,21.13,85928,3.9
26039,Crawford,MI,11.89,58614,6.5
26041,Delta,MI,14.34,54829,6.1
26043,Dickinson,MI,16.96,61882,5.1
26045,Eaton,MI,19.93,78025,4.4
26047,Emmet,MI,23.09,73724,5.7
26049,Genesee,MI,14.87,60673,5.7
26051,Gladwin,MI,10.76,55576,6.5
26053,Gogebic,MI,14.08,49672,5.9
26055,Grand Traverse,MI,23.53,79486,3.9
26057,Gratiot,MI,13.10,61128,5.4
26059,Hillsdale,MI,12.18,60869,4.8
26061,Houghton,MI,20.49,56573,5.4
26063,Huron,MI,11.83,56963,5.5
26065,Ingham,MI,22.57,64354,4.5
26067,Ionia,MI,12.97,73436,4.4
26069,Iosco,MI,10.56,47777,7.5
26071,Iron,MI,13.82,53614,7.5
26073,Isabella,MI,17.09,53759,5.2
26075,Jackson,MI,15.37,65004,4.8
26077,Kalamazoo,MI,24.54,70525,4.2
26079,Kalkaska,MI,11.39,60365,5.6
26081,Kent,MI,25.52,80390,3.9
26083,Keweenaw,MI,24.54,53893,6.7
26085,Lake,MI,9.28,49680,6.7
26087,Lapeer,MI,13.30,76228,4.8
26089,Leelanau,MI,29.28,91943,4.4
26091,Lenawee,MI,14.26,67013,4.8
26093,Livingston,MI,26.46,101315,3.3
26095,Luce,MI,10.50,54338,7.9
26097,Mackinac,MI,14.97,58598,9.7
26099,Macomb,MI,17.54,76399,4.5
26101,Manistee,MI,16.35,60879,6.2
26103,Marquette,MI,24.40,64675,5.2
26105,Mason,MI,15.17,62296,5.8
26107,Mecosta,MI,14.63,57774,6.1
26109,Menominee,MI,12.53,55688,4.6
26111,Midland,MI,22.08,77538,4.5
26113,Missaukee,MI,12.14,61868,5.4
26115,Monroe,MI,15.00,75272,5.3
26117,Montcalm,MI,10.02,64892,4.7
26119,Montmorency,MI,10.42,47803,7.5
26121,Muskegon,MI,15.05,63495,5.1
26123,Newaygo,MI,12.55,61931,5.1
26125,Oakland,MI,28.36,95296,3.6
26127,Oceana,MI,13.74,63624,7.0
26129,Ogemaw,MI,10.79,51983,7.9
26131,Ontonagon,MI,10.38,51844,7.1
26133,Osceola,MI,10.92,57050,6.7
26135,Oscoda,MI,10.41,50581,10.6
26137,Otsego,MI,16.63,67285,5.3
26139,Ottawa,MI,24.49,87144,3.8
26141,Presque Isle,MI,13.74,56713,9.3
26143,Roscommon,MI,11.85,54106,7.5
26145,Saginaw,MI,14.85,58347,5.9
26147,St. Clair,MI,12.79,69349,4.5
26149,St. Joseph,MI,10.79,64707,5.0
26151,Sanilac,MI,10.33,59074,6.1
26153,Schoolcraft,MI,13.12,57708,8.1
26155,Shiawassee,MI,13.36,64464,5.1
26157,Tuscola,MI,10.46,62847,5.7
26159,Van Buren,MI,14.40,66902,5.2
26161,Washtenaw,MI,27.09,87156,3.8
26163,Wayne,MI,16.27,59521,5.5
26165,Wexford,MI,13.67,63123,5.7
27001,Aitkin,MN,12.90,59498,5.2
27003,Anoka,MN,22.77,98764,3.0
27005,Becker,MN,18.80,71117,3.5
27007,Beltrami,MN,20.31,67257,3.9
27009,Benton,MN,17.27,71480,3.6
27011,Big Stone,MN,13.04,65475,3.5
27013,Blue Earth,MN,23.11,72623,2.6
27015,Brown,MN,16.62,68690,3.2
27017,Carlton,MN,17.12,80042,3.8
27019,Carver,MN,33.96,123144,2.6
27021,Cass,MN,18.04,64937,4.8
27023,Chippewa,MN,13.33,69192,3.1
27025,Chisago,MN,16.74,98260,3.4
27027,Clay,MN,26.02,77664,2.5
27029,Clearwater,MN,12.95,64934,6.6
27031,Cook,MN,27.83,71643,4.0
27033,Cottonwood,MN,16.91,68239,3.9
27035,Crow Wing,MN,19.07,71343,3.7
27037,Dakota,MN,29.94,105212,2.7
27039,Dodge,MN,21.45,92943,3.0
27041,Douglas,MN,19.97,77264,2.8
27043,Faribault,MN,16.37,64391,3.2
27045,Fillmore,MN,16.02,75225,2.7
27047,Freeborn,MN,12.30,69012,2.9
27049,Goodhue,MN,18.91,82749,3.0
27051,Grant,MN,13.80,72957,3.8
27053,Hennepin,MN,33.37,96339,2.8
27055,Houston,MN,20.55,77087,2.7
27057,Hubbard,MN,20.24,70622,4.4
27059,Isanti,MN,14.07,86573,4.0
27061,Itasca,MN,16.34,66380,4.8
27063,Jackson,MN,17.93,69955,2.9
27065,Kanabec,MN,10.05,71915,5.7
27067,Kandiyohi,MN,19.07,75097,3.1
27069,Kittson,MN,20.61,69615,3.1
27071,Koochiching,MN,14.70,69115,4.1
27073,Lac qui Parle,MN,17.20,71639,2.7
27075,Lake,MN,16.13,75621,3.2
27077,Lake of the Woods,MN,15.15,70091,4.1
27079,Le Sueur,MN,18.24,90218,4.1
27081,Lincoln,MN,17.05,67715,3.2
27083,Lyon,MN,20.39,72761,2.8
27085,McLeod,MN,13.00,78468,3.3
27087,Mahnomen,MN,10.29,53925,4.5
27089,Marshall,MN,15.05,71701,4.4
27091,Martin,MN,15.52,62969,2.9
27093,Meeker,MN,13.96,75037,3.6
27095,Mille Lacs,MN,11.94,71455,4.7
27097,Morrison,MN,13.15,68640,4.4
27099,Mower,MN,15.37,71495,2.7
27101,Murray,MN,17.85,74475,3.7
27103,Nicollet,MN,23.30,80362,2.6
27105,Nobles,MN,13.28,65509,2.7
27107,Norman,MN,17.02,69833,3.4
27109,Olmsted,MN,27.23,93494,2.3
27111,Otter Tail,MN,18.57,70912,3.5
27113,Pennington,MN,14.35,72561,4.5
27115,Pine,MN,11.46,69666,5.5
27117,Pipestone,MN,14.89,66073,2.8
27119,Polk,MN,20.40,69136,3.1
27121,Pope,MN,16.82,72205,3.2
27123,Ramsey,MN,27.46,81004,2.9
27125,Red Lake,MN,14.31,77500,4.7
27127,Redwood,MN,15.17,67024,2.8
27129,Renville,MN,14.65,69086,4.3
27131,Rice,MN,18.15,82792,3.0
27133,Rock,MN,19.04,70698,2.0
27135,Roseau,MN,16.13,73611,3.4
27137,St. Louis,MN,20.74,69455,3.4
27139,Scott,MN,30.24,120247,2.7
27141,Sherburne,MN,19.92,102965,3.2
27143,Sibley,MN,15.23,76082,3.6
27145,Stearns,MN,18.69,76447,3.0
27147,Steele,MN,20.43,83448,3.3
27149,Stevens,MN,22.90,71060,2.3
27151,Swift,MN,19.16,62601,3.4
27153,Todd,MN,10.70,63039,4.1
27155,Traverse,MN,13.15,65931,2.7
27157,Wabasha,MN,18.10,80133,2.9
27159,Wadena,MN,13.18,56882,4.4
27161,Waseca,MN,16.00,75052,3.7
27163,Washington,MN,31.40,114457,2.7
27165,Watonwan,MN,13.39,70593,3.2
27167,Wilkin,MN,17.00,69635,2.6
27169,Winona,MN,20.94,70198,2.4
27171,Wright,MN,24.36,106666,3.0
27173,Yellow Medicine,MN,13.90,71573,3.1
28001,Adams,MS,11.75,40250,4.6
28003,Alcorn,MS,11.74,49404,2.9
28005,Amite,MS,3.89,35385,4.0
28007,Attala,MS,9.71,48098,3.4
28009,Benton,MS,7.02,42139,3.0
28011,Bolivar,MS,15.61,37315,3.8
28013,Calhoun,MS,8.22,43942,2.8
28015,Carroll,MS,14.47,55275,3.5
28017,Chickasaw,MS,7.80,43041,4.1
28019,Choctaw,MS,10.45,48321,3.6
28021,Claiborne,MS,7.18,34371,7.9
28023,Clarke,MS,10.45,46054,3.4
28025,Clay,MS,11.03,39904,4.1
28027,Coahoma,MS,11.27,36259,5.5
28029,Copiah,MS,13.72,47994,3.5
28031,Covington,MS,10.37,47001,2.9
28033,DeSoto,MS,18.31,82980,2.8
28035,Forrest,MS,16.52,52821,3.0
28037,Franklin,MS,10.88,45618,4.0
28039,George,MS,12.23,54822,4.3
28041,Greene,MS,7.08,55838,5.5
28043,Grenada,MS,14.08,47998,3.5
28045,Hancock,MS,13.73,67728,2.7
28047,Harrison,MS,16.05,57233,2.9
28049,Hinds,MS,17.71,49966,3.2
28051,Holmes,MS,9.59,29434,5.2
28053,Humphreys,MS,10.02,32976,5.5
28055,Issaquena,MS,3.46,29271,6.8
28057,Itawamba,MS,8.65,59508,2.8
28059,Jackson,MS,16.60,64756,3.0
28061,Jasper,MS,8.63,47157,3.5
28063,Jefferson,MS,12.31,36207,9.1
28065,Jefferson Davis,MS,7.88,37183,3.7
28067,Jones,MS,12.36,51143,2.6
28069,Kemper,MS,10.18,43595,4.2
28071,Lafayette,MS,23.19,64334,2.7
28073,Lamar,MS,20.17,69106,2.8
28075,Lauderdale,MS,13.48,50033,3.2
28077,Lawrence,MS,8.05,43368,3.6
28079,Leake,MS,10.90,48418,3.0
28081,Lee,MS,18.13,67144,2.8
28083,Leflore,MS,9.52,33188,4.9
28085,Lincoln,MS,12.16,48316,3.2
28087,Lowndes,MS,17.23,54460,3.3
28089,Madison,MS,28.37,78794,2.5
28091,Marion,MS,7.65,42320,3.6
28093,Marshall,MS,9.06,51875,3.5
28095,Monroe,MS,10.79,51231,3.9
28097,Montgomery,MS,10.76,45057,3.3
28099,Neshoba,MS,8.06,53087,3.2
28101,Newton,MS,8.84,50426,3.3
28103,Noxubee,MS,5.69,38814,4.1
28105,Oktibbeha,MS,23.15,43482,3.4
28107,Panola,MS,10.10,43990,4.2
28109,Pearl River,MS,11.74,56535,3.0
28111,Perry,MS,6.37,50435,3.9
28113,Pike,MS,9.49,41578,4.1
28115,Pontotoc,MS,10.51,52741,3.1
28117,Prentiss,MS,11.44,51466,3.0
28119,Quitman,MS,11.11,32131,4.6
28121,Rankin,MS,21.01,77454,2.3
28123,Scott,MS,7.88,48492,2.9
28125,Sharkey,MS,8.81,35741,4.3
28127,Simpson,MS,11.39,54111,3.0
28129,Smith,MS,8.63,51396,3.1
28131,Stone,MS,8.98,59307,3.2
28133,Sunflower,MS,9.86,40265,4.2
28135,Tallahatchie,MS,7.16,37383,3.3
28137,Tate,MS,11.07,63995,3.2
28139,Tippah,MS,9.72,51141,2.8
28141,Tishomingo,MS,9.37,46257,3.5
28143,Tunica,MS,13.00,38402,4.0
28145,Union,MS,11.45,56807,2.5
28147,Walthall,MS,7.65,45444,3.9
28149,Warren,MS,16.26,56648,3.4
28151,Washington,MS,12.97,40117,4.5
28153,Wayne,MS,8.42,36791,3.5
28155,Webster,MS,11.88,59964,2.8
28157,Wilkinson,MS,7.56,35930,5.5
28159,Winston,MS,12.49,49071,3.4
28161,Yalobusha,MS,6.36,49171,3.3
28163,Yazoo,MS,9.01,40974,3.6
29001,Adair,MO,16.19,56583,4.1
29003,Andrew,MO,16.84,74007,3.4
29005,Atchison,MO,16.03,59260,3.3
29007,Audrain,MO,10.28,56232,3.6
29009,Barry,MO,9.08,56611,4.2
29011,Barton,MO,13.50,49503,3.7
29013,Bates,MO,9.51,57914,4.0
29015,Benton,MO,8.25,52200,5.2
29017,Bollinger,MO,8.28,57286,3.5
29019,Boone,MO,28.46,69913,3.1
29021,Buchanan,MO,15.96,59423,3.8
29023,Butler,MO,9.98,49213,4.9
29025,Caldwell,MO,12.49,62520,3.6
29027,Callaway,MO,17.17,72645,3.3
29029,Camden,MO,15.88,62927,4.3
29031,Cape Girardeau,MO,21.67,68912,3.3
29033,Carroll,MO,12.34,61712,4.1
29035,Carter,MO,7.01,45083,4.8
29037,Cass,MO,18.85,87413,3.4
29039,Cedar,MO,10.97,45577,4.2
29041,Chariton,MO,12.43,63307,3.8
29043,Christian,MO,20.06,81245,3.2
29045,Clark,MO,8.79,51458,4.2
29047,Clay,MO,23.60,86150,3.2
29049,Clinton,MO,14.90,70625,3.7
29051,Cole,MO,23.67,73273,3.0
29053,Cooper,MO,15.72,67548,3.5
29055,Crawford,MO,8.94,56345,4.4
29057,Dade,MO,11.42,49899,3.6
29059,Dallas,MO,7.48,53177,4.3
29061,Daviess,MO,10.92,60665,3.3
29063,DeKalb,MO,10.26,69093,3.5
29065,Dent,MO,11.25,54306,3.8
29067,Douglas,MO,10.80,49828,4.0
29069,Dunklin,MO,6.21,47368,5.6
29071,Franklin,MO,15.03,71973,3.4
29073,Gasconade,MO,12.71,65096,3.4
29075,Gentry,MO,13.39,57458,3.3
29077,Greene,MO,20.45,57488,3.3
29079,Grundy,MO,10.62,53839,3.8
29081,Harrison,MO,10.79,53364,3.8
29083,Henry,MO,10.30,56621,3.7
29085,Hickory,MO,8.87,35084,6.3
29087,Holt,MO,13.43,58516,3.7
29089,Howard,MO,16.56,62628,3.7
29091,Howell,MO,10.93,49814,4.4
29093,Iron,MO,11.48,51161,4.7
29095,Jackson,MO,21.04,67178,3.9
29097,Jasper,MO,17.28,57525,3.5
29099,Jefferson,MO,16.04,80522,3.3
29101,Johnson,MO,17.32,67123,3.7
29103,Knox,MO,9.72,53333,4.3
29105,Laclede,MO,10.26,50825,4.4
29107,Lafayette,MO,16.47,79091,3.4
29109,Lawrence,MO,10.70,55849,3.8
29111,Lewis,MO,11.45,52340,4.2
29113,Lincoln,MO,13.44,85276,3.4
29115,Linn,MO,12.61,61975,3.8
29117,Livingston,MO,11.76,60148,3.4
29119,McDonald,MO,9.11,48145,5.3
29121,Macon,MO,12.84,58318,4.2
29123,Madison,MO,10.51,58435,4.2
29125,Maries,MO,8.88,61359,3.7
29127,Marion,MO,15.81,63908,3.8
29129,Mercer,MO,13.32,60357,3.9
29131,Miller,MO,13.89,55172,3.7
29133,Mississippi,MO,9.65,46258,6.0
29135,Moniteau,MO,11.72,65161,3.1
29137,Monroe,MO,13.23,48299,3.9
29139,Montgomery,MO,11.68,61042,3.4
29141,Morgan,MO,9.91,49663,4.5
29143,New Madrid,MO,6.97,49237,5.5
29145,Newton,MO,14.92,64583,3.7
29147,Nodaway,MO,15.13,55970,2.8
29149,Oregon,MO,7.44,44259,4.2
29151,Osage,MO,17.78,75355,2.9
29153,Ozark,MO,7.22,42329,6.2
29155,Pemiscot,MO,8.44,40748,5.8
29157,Perry,MO,15.77,63356,3.1
29159,Pettis,MO,11.00,60232,3.7
29161,Phelps,MO,16.43,55427,3.7
29163,Pike,MO,10.44,57572,3.8
29165,Platte,MO,28.24,95748,3.2
29167,Polk,MO,12.54,56686,3.8
29169,Pulaski,MO,17.89,66435,3.8
29171,Putnam,MO,13.62,56875,3.8
29173,Ralls,MO,11.38,62054,3.6
29175,Randolph,MO,12.86,55310,3.6
29177,Ray,MO,11.20,72152,3.6
29179,Reynolds,MO,11.93,44357,4.4
29181,Ripley,MO,8.97,43898,4.4
29183,St. Charles,MO,26.79,102912,3.1
29185,St. Clair,MO,9.63,46731,4.1
29186,Ste. Genevieve,MO,11.22,61310,3.3
29187,St. Francois,MO,9.82,54813,4.3
29189,St. Louis,MO,26.57,81340,3.6
29195,Saline,MO,16.83,56566,3.3
29197,Schuyler,MO,7.29,56023,3.5
29199,Scotland,MO,9.26,67568,3.2
29201,Scott,MO,14.47,58847,3.8
29203,Shannon,MO,9.14,59000,5.1
29205,Shelby,MO,12.65,52127,3.3
29207,Stoddard,MO,10.98,54067,4.8
29209,Stone,MO,15.67,61323,5.3
29211,Sullivan,MO,9.07,55500,3.7
29213,Taney,MO,16.95,58258,5.6
29215,Texas,MO,8.91,48055,4.2
29217,Vernon,MO,11.09,54519,3.9
29219,Warren,MO,14.10,77989,3.5
29221,Washington,MO,8.31,51886,4.6
29223,Wayne,MO,7.55,43393,5.5
29225,Webster,MO,12.64,69731,3.5
29227,Worth,MO,12.59,46167,3.4
29229,Wright,MO,8.66,47304,4.7
29510,St. Louis,MO,21.96,55279,4.1
30001,Beaverhead,MT,24.46,58072,2.7
30003,Big Horn,MT,12.79,56680,4.4
30005,Blaine,MT,17.43,65050,3.0
30007,Broadwater,MT,21.36,63636,2.5
30009,Carbon,MT,18.09,71017,2.9
30011,Carter,MT,16.37,52171,2.3
30013,Cascade,MT,18.27,66203,3.0
30015,Chouteau,MT,16.22,56927,2.4
30017,Custer,MT,22.09,63585,2.5
30019,Daniels,MT,21.02,58000,2.1
30021,Dawson,MT,15.91,70953,2.4
30023,Deer Lodge,MT,15.52,49533,3.3
30025,Fallon,MT,14.40,72284,1.7
30027,Fergus,MT,18.72,59731,3.1
30029,Flathead,MT,24.22,71327,3.2
30031,Gallatin,MT,33.24,87454,2.3
30033,Garfield,MT,15.92,61750,3.3
30035,Glacier,MT,10.53,45129,4.5
30037,Golden Valley,MT,14.33,57353,3.3
30039,Granite,MT,26.44,54646,5.2
30041,Hill,MT,18.48,55313,2.6
30043,Jefferson,MT,21.19,76576,2.8
30045,Judith Basin,MT,22.88,55417,2.9
30047,Lake,MT,20.11,61965,3.6
30049,Lewis and Clark,MT,27.86,74543,2.7
30051,Liberty,MT,22.39,53264,2.1
30053,Lincoln,MT,12.60,47018,5.7
30055,McCone,MT,16.08,71842,2.4
30057,Madison,MT,25.27,67420,4.6
30059,Meagher,MT,22.34,56215,2.5
30061,Mineral,MT,19.93,61117,4.9
30063,Missoula,MT,28.52,71246,2.8
30065,Musselshell,MT,16.47,59010,4.1
30067,Park,MT,26.43,66607,2.8
30069,Petroleum,MT,17.68,59318,3.7
30071,Phillips,MT,15.83,58156,3.4
30073,Pondera,MT,16.10,53500,3.4
30075,Powder River,MT,15.40,68009,2.1
30077,Powell,MT,13.84,63432,3.5
30079,Prairie,MT,11.86,45192,1.8
30081,Ravalli,MT,18.84,71323,3.3
30083,Richland,MT,15.49,69578,2.4
30085,Roosevelt,MT,14.01,53125,3.9
30087,Rosebud,MT,12.28,56430,3.1
30089,Sanders,MT,15.46,54035,5.7
30091,Sheridan,MT,17.62,63654,2.6
30093,Silver Bow,MT,18.20,57504,3.4
30095,Stillwater,MT,21.16,81503,2.8
30097,Sweet Grass,MT,16.74,69426,2.2
30099,Teton,MT,18.21,67766,2.6
30101,Toole,MT,12.59,53693,2.5
30103,Treasure,MT,28.67,73036,2.4
30105,Valley,MT,17.81,64515,2.6
30107,Wheatland,MT,14.12,47054,3.9
30109,Wibaux,MT,20.97,64792,3.2
30111,Yellowstone,MT,23.25,74400,2.8
31001,Adams,NE,17.74,65680,2.6
31003,Antelope,NE,12.72,63750,2.4
31005,Arthur,NE,25.00,67500,2.4
31007,Banner,NE,23.47,71250,3.9
31009,Blaine,NE,21.93,61250,3.3
31011,Boone,NE,13.44,71367,2.1
31013,Box Butte,NE,15.10,68778,3.4
31015,Boyd,NE,10.86,58984,3.0
31017,Brown,NE,13.57,51538,2.2
31019,Buffalo,NE,22.74,74570,2.2
31021,Burt,NE,18.81,57303,3.2
31023,Butler,NE,19.50,82603,2.3
31025,Cass,NE,20.54,88255,2.8
31027,Cedar,NE,18.26,73977,2.2
31029,Chase,NE,18.57,62782,2.5
31031,Cherry,NE,16.74,63750,1.8
31033,Cheyenne,NE,14.86,57594,2.6
31035,Clay,NE,15.50,75938,2.7
31037,Colfax,NE,10.21,79720,2.6
31039,Cuming,NE,17.36,70708,2.1
31041,Custer,NE,18.65,66310,2.2
31043,Dakota,NE,11.54,71655,3.2
31045,Dawes,NE,18.28,54381,2.7
31047,Dawson,NE,13.46,65383,2.8
31049,Deuel,NE,15.17,61438,3.2
31051,Dixon,NE,18.04,69156,2.4
31053,Dodge,NE,14.11,71294,2.8
31055,Douglas,NE,26.55,79081,3.1
31057,Dundy,NE,13.83,56563,1.9
31059,Fillmore,NE,13.71,76354,2.0
31061,Franklin,NE,12.02,57692,2.7
31063,Frontier,NE,18.71,68207,3.1
31065,Furnas,NE,15.62,60625,2.5
31067,Gage,NE,16.62,64426,3.3
31069,Garden,NE,13.88,44777,3.1
31071,Garfield,NE,23.80,68611,2.9
31073,Gosper,NE,19.82,79145,2.7
31075,Grant,NE,23.74,69063,2.7
31077,Greeley,NE,12.84,58894,3.1
31079,Hall,NE,13.34,67549,3.1
31081,Hamilton,NE,21.45,79884,2.1
31083,Harlan,NE,17.15,70536,2.1
31085,Hayes,NE,13.75,60313,2.3
31087,Hitchcock,NE,14.56,52016,3.0
31089,Holt,NE,19.26,67225,2.1
31091,Hooker,NE,20.51,45854,4.5
31093,Howard,NE,19.04,74508,2.6
31095,Jefferson,NE,14.75,60568,2.7
31097,Johnson,NE,13.15,59457,3.6
31099,Kearney,NE,27.42,79167,2.3
31101,Keith,NE,14.83,58132,2.4
31103,Keya Paha,NE,19.68,60313,3.3
31105,Kimball,NE,10.45,59438,2.2
31107,Knox,NE,13.70,64821,2.7
31109,Lancaster,NE,26.40,72625,2.5
31111,Lincoln,NE,13.59,64342,2.6
31113,Logan,NE,22.91,71650,3.5
31115,Loup,NE,17.86,60156,4.3
31117,McPherson,NE,20.78,61316,4.7
31119,Madison,NE,15.47,64637,2.5
31121,Merrick,NE,11.05,62849,2.3
31123,Morrill,NE,14.99,59773,2.6
31125,Nance,NE,12.47,65438,2.5
31127,Nemaha,NE,19.12,60132,3.2
31129,Nuckolls,NE,18.53,70201,2.4
31131,Otoe,NE,18.69,81430,2.6
31133,Pawnee,NE,13.49,54926,3.0
31135,Perkins,NE,21.22,67500,2.2
31137,Phelps,NE,19.82,65988,2.2
31139,Pierce,NE,17.14,75938,2.2
31141,Platte,NE,17.44,72335,2.3
31143,Polk,NE,12.72,71771,2.3
31145,Red Willow,NE,18.64,60000,2.3
31147,Richardson,NE,16.05,55578,3.1
31149,Rock,NE,22.13,57500,2.4
31151,Saline,NE,15.16,77027,2.9
31153,Sarpy,NE,26.46,101402,2.7
31155,Saunders,NE,19.32,89395,2.2
31157,Scotts Bluff,NE,17.33,60960,3.3
31159,Seward,NE,22.28,81122,2.3
31161,Sheridan,NE,17.19,56900,2.3
31163,Sherman,NE,13.28,61935,2.8
31165,Sioux,NE,18.41,54076,2.4
31167,Stanton,NE,16.45,78275,2.4
31169,Thayer,NE,16.49,63095,2.5
31171,Thomas,NE,21.78,72708,4.5
31173,Thurston,NE,14.08,64838,2.6
31175,Valley,NE,20.59,58902,2.1
31177,Washington,NE,25.71,90188,2.5
31179,Wayne,NE,18.59,67687,2.4
31181,Webster,NE,14.78,65197,2.6
31183,Wheeler,NE,21.20,55893,2.5
31185,York,NE,15.63,74058,2.5
32001,Churchill,NV,13.41,73268,5.0
32003,Clark,NV,17.98,73845,5.8
32005,Douglas,NV,20.71,88018,4.9
32007,Elko,NV,11.04,83427,4.1
32009,Esmeralda,NV,16.78,,8.1
32011,Eureka,NV,11.67,73095,7.0
32013,Humboldt,NV,14.31,79946,4.3
32015,Lander,NV,6.87,84474,5.4
32017,Lincoln,NV,11.60,69496,5.2
32019,Lyon,NV,12.39,73460,5.4
32021,Mineral,NV,10.07,50584,9.2
32023,Nye,NV,8.64,55975,7.5
32027,Pershing,NV,4.35,72007,5.3
32029,Storey,NV,15.35,96000,6.0
32031,Washoe,NV,20.11,85600,4.7
32033,White Pine,NV,11.14,72294,4.4
32510,Carson City,NV,15.64,71809,4.7
33001,Belknap,NH,19.43,87983,2.4
33003,Carroll,NH,22.27,82961,2.4
33005,Cheshire,NH,21.48,81001,2.5
33007,Coos,NH,12.90,58439,2.7
33009,Grafton,NH,21.67,84021,2.2
33011,Hillsborough,NH,25.42,100436,2.8
33013,Merrimack,NH,22.20,93944,2.3
33015,Rockingham,NH,27.80,113927,2.8
33017,Strafford,NH,24.30,86564,2.3
33019,Sullivan,NH,19.05,75929,2.3
34001,Atlantic,NJ,20.65,76819,5.7
34003,Bergen,NJ,31.30,123715,3.7
34005,Burlington,NJ,26.77,105271,4.2
34007,Camden,NJ,21.53,86384,5.0
34009,Cape May,NJ,23.30,88046,8.0
34011,Cumberland,NJ,11.97,64499,7.0
34013,Essex,NJ,22.01,76712,5.5
34015,Gloucester,NJ,23.59,102807,4.4
34017,Hudson,NJ,28.13,90032,4.2
34019,Hunterdon,NJ,33.24,139453,3.5
34021,Mercer,NJ,24.25,96333,4.4
34023,Middlesex,NJ,26.15,109028,4.5
34025,Monmouth,NJ,30.95,122727,4.1
34027,Morris,NJ,33.59,134929,3.7
34029,Ocean,NJ,21.72,86411,4.5
34031,Passaic,NJ,20.19,87137,5.3
34033,Salem,NJ,15.50,78412,5.9
34035,Somerset,NJ,31.08,135960,3.8
34037,Sussex,NJ,25.77,114316,4.3
34039,Union,NJ,22.94,100117,4.8
34041,Warren,NJ,24.90,99596,4.2
35001,Bernalillo,NM,20.10,66514,3.8
35003,Catron,NM,11.69,46439,5.5
35005,Chaves,NM,11.12,52029,4.1
35006,Cibola,NM,10.59,51765,5.4
35007,Colfax,NM,13.24,52690,4.2
35009,Curry,NM,12.62,56259,3.3
35011,De Baca,NM,4.75,40804,4.1
35013,Doña Ana,NM,17.66,55663,4.9
35015,Eddy,NM,12.46,79605,3.3
35017,Grant,NM,16.32,45921,4.2
35019,Guadalupe,NM,11.20,40149,4.5
35021,Harding,NM,17.52,41250,3.3
35023,Hidalgo,NM,12.57,49076,5.4
35025,Lea,NM,8.39,68750,3.5
35027,Lincoln,NM,17.57,51643,4.4
35028,Los Alamos,NM,25.00,143188,1.8
35029,Luna,NM,10.22,37917,12.2
35031,McKinley,NM,7.36,44496,5.6
35033,Mora,NM,9.47,50178,6.0
35035,Otero,NM,14.23,52717,4.4
35037,Quay,NM,12.07,43698,4.1
35039,Rio Arriba,NM,10.84,53901,4.1
35041,Roosevelt,NM,12.45,52445,3.9
35043,Sandoval,NM,19.71,84053,3.9
35045,San Juan,NM,9.85,53020,4.7
35047,San Miguel,NM,14.58,47400,4.8
35049,Santa Fe,NM,21.91,74689,3.7
35051,Sierra,NM,9.69,37840,6.1
35053,Socorro,NM,10.89,47556,4.7
35055,Taos,NM,19.84,58908,4.7
35057,Torrance,NM,9.37,46250,5.2
35059,Union,NM,11.04,45319,3.7
35061,Valencia,NM,12.06,58333,4.4
36001,Albany,NY,23.32,83149,3.3
36003,Allegany,NY,12.71,61233,4.3
36005,Bronx,NY,13.89,49036,6.9
36007,Broome,NY,16.45,61059,4.0
36009,Cattaraugus,NY,11.44,58248,4.1
36011,Cayuga,NY,13.53,66583,3.7
36013,Chautauqua,NY,13.80,56507,4.1
36015,Chemung,NY,15.02,63469,3.8
36017,Chenango,NY,10.53,62093,3.4
36019,Clinton,NY,15.28,69208,3.7
36021,Columbia,NY,18.65,83619,3.1
36023,Cortland,NY,14.81,67527,4.2
36025,Delaware,NY,14.58,60226,4.0
36027,Dutchess,NY,21.01,97273,3.2
36029,Erie,NY,20.46,71175,3.9
36031,Essex,NY,16.89,70215,3.5
36033,Franklin,NY,13.06,63747,3.8
36035,Fulton,NY,13.39,62615,4.0
36037,Genesee,NY,13.67,72055,3.4
36039,Greene,NY,17.08,74011,3.7
36041,Hamilton,NY,14.17,68950,5.1
36043,Herkimer,NY,13.09,68858,4.2
36045,Jefferson,NY,15.22,64978,4.4
36047,Kings,NY,24.57,78548,5.4
36049,Lewis,NY,11.15,68329,4.2
36051,Livingston,NY,16.75,72464,3.8
36053,Madison,NY,14.84,73141,3.8
36055,Monroe,NY,22.81,74409,3.7
36057,Montgomery,NY,11.36,62923,4.3
36059,Nassau,NY,26.49,143408,3.3
36061,New York,NY,32.99,104553,4.8
36063,Niagara,NY,16.09,67809,4.2
36065,Oneida,NY,15.91,68819,3.7
36067,Onondaga,NY,21.11,74740,3.5
36069,Ontario,NY,20.05,79814,3.4
36071,Orange,NY,18.16,96497,3.7
36073,Orleans,NY,10.83,63838,3.8
36075,Oswego,NY,13.38,68461,4.1
36077,Otsego,NY,18.55,67086,4.1
36079,Putnam,NY,24.21,127405,3.0
36081,Queens,NY,21.53,84961,4.7
36083,Rensselaer,NY,21.49,86663,3.4
36085,Richmond,NY,21.43,98290,4.7
36087,Rockland,NY,23.21,110631,3.2
36089,St. Lawrence,NY,12.66,61900,4.6
36091,Saratoga,NY,24.42,99653,2.9
36093,Schenectady,NY,19.36,76989,3.7
36095,Schoharie,NY,13.46,71188,4.1
36097,Schuyler,NY,11.86,65625,4.1
36099,Seneca,NY,14.99,66007,3.7
36101,Steuben,NY,13.15,64740,3.9
36103,Suffolk,NY,21.46,128329,3.5
36105,Sullivan,NY,16.99,69826,3.6
36107,Tioga,NY,15.25,71791,3.5
36109,Tompkins,NY,25.16,73012,3.3
36111,Ulster,NY,20.17,81804,3.6
36113,Warren,NY,18.74,78239,3.7
36115,Washington,NY,12.48,72342,3.4
36117,Wayne,NY,15.83,73914,3.5
36119,Westchester,NY,26.03,118411,3.3
36121,Wyoming,NY,11.19,68913,3.7
36123,Yates,NY,14.53,67521,3.3
37001,Alamance,NC,18.84,64445,3.6
37003,Alexander,NC,10.41,65268,3.7
37005,Alleghany,NC,14.81,44272,3.8
37007,Anson,NC,8.20,44245,4.4
37009,Ashe,NC,14.43,50827,3.1
37011,Avery,NC,13.67,57657,4.3
37013,Beaufort,NC,13.07,57997,3.7
37015,Bertie,NC,11.07,45931,4.9
37017,Bladen,NC,14.60,44528,4.9
37019,Brunswick,NC,21.08,74034,4.1
37021,Buncombe,NC,26.47,70578,4.3
37023,Burke,NC,12.83,55684,3.6
37025,Cabarrus,NC,23.91,86084,3.4
37027,Caldwell,NC,12.96,55401,3.5
37029,Camden,NC,18.42,87781,2.8
37031,Carteret,NC,20.22,70235,3.4
37033,Caswell,NC,10.49,59407,3.6
37035,Catawba,NC,17.67,64544,3.6
37037,Chatham,NC,25.18,88534,3.1
37039,Cherokee,NC,16.09,51496,3.8
37041,Chowan,NC,14.21,56982,3.4
37043,Clay,NC,21.26,53645,3.3
37045,Cleveland,NC,13.46,55769,4.0
37047,Columbus,NC,10.14,48184,4.4
37049,Craven,NC,15.61,64635,3.6
37051,Cumberland,NC,17.40,58780,4.5
37053,Currituck,NC,20.47,91548,2.8
37055,Dare,NC,29.39,81214,4.1
37057,Davidson,NC,14.56,62426,3.7
37059,Davie,NC,18.02,73234,3.3
37061,Duplin,NC,12.57,51880,3.3
37063,Durham,NC,27.64,79501,3.2
37065,Edgecombe,NC,11.71,48480,5.2
37067,Forsyth,NC,22.57,65541,3.8
37069,Franklin,NC,16.87,71386,3.3
37071,Gaston,NC,18.23,65472,3.7
37073,Gates,NC,5.65,61612,3.4
37075,Graham,NC,11.28,49038,3.5
37077,Granville,NC,16.91,70975,3.5
37079,Greene,NC,8.74,50904,3.1
37081,Guilford,NC,23.70,66027,4.2
37083,Halifax,NC,10.24,45071,5.2
37085,Harnett,NC,15.86,69012,3.8
37087,Haywood,NC,17.94,61001,3.6
37089,Henderson,NC,22.28,67623,3.2
37091,Hertford,NC,10.37,47472,4.3
37093,Hoke,NC,14.72,60095,4.3
37095,Hyde,NC,10.07,47338,5.6
37097,Iredell,NC,22.67,78678,3.3
37099,Jackson,NC,17.33,53479,3.6
37101,Johnston,NC,19.95,79838,3.1
37103,Jones,NC,14.21,55659,3.6
37105,Lee,NC,14.81,63060,3.5
37107,Lenoir,NC,10.27,44795,3.9
37109,Lincoln,NC,19.41,78490,3.3
37111,McDowell,NC,12.19,55527,4.0
37113,Macon,NC,15.72,53298,3.3
37115,Madison,NC,21.13,58628,3.9
37117,Martin,NC,10.99,46793,4.1
37119,Mecklenburg,NC,31.27,83765,3.7
37121,Mitchell,NC,13.51,58089,4.4
37123,Montgomery,NC,12.80,55849,3.9
37125,Moore,NC,24.44,82837,3.4
37127,Nash,NC,14.67,60704,4.5
37129,New Hanover,NC,29.06,72892,3.3
37131,Northampton,NC,11.58,47935,4.5
37133,Onslow,NC,17.89,64568,3.7
37135,Orange,NC,27.53,88553,3.2
37137,Pamlico,NC,13.90,61624,3.8
37139,Pasquotank,NC,17.78,63912,3.8
37141,Pender,NC,19.75,76838,3.3
37143,Perquimans,NC,12.07,61224,3.8
37145,Person,NC,14.09,64927,3.4
37147,Pitt,NC,19.66,58851,4.0
37149,Polk,NC,20.32,61005,3.3
37151,Randolph,NC,12.62,59047,3.5
37153,Richmond,NC,10.28,43626,4.1
37155,Robeson,NC,9.58,40318,5.0
37157,Rockingham,NC,10.88,55796,3.9
37159,Rowan,NC,14.93,63196,3.5
37161,Rutherford,NC,13.31,49771,4.4
37163,Sampson,NC,11.39,53159,4.0
37165,Scotland,NC,9.32,43500,5.2
37167,Stanly,NC,14.82,61631,3.1
37169,Stokes,NC,12.33,60039,3.4
37171,Surry,NC,13.00,56095,3.3
37173,Swain,NC,12.28,55429,3.5
37175,Transylvania,NC,23.93,64523,3.5
37177,Tyrrell,NC,9.27,43952,4.9
37179,Union,NC,25.61,99243,3.2
37181,Vance,NC,12.85,46943,4.5
37183,Wake,NC,33.79,101763,3.1
37185,Warren,NC,12.84,45279,4.7
37187,Washington,NC,8.48,41750,4.5
37189,Watauga,NC,25.80,51367,3.5
37191,Wayne,NC,14.71,58082,3.7
37193,Wilkes,NC,11.56,50438,3.8
37195,Wilson,NC,12.31,51381,5.1
37197,Yadkin,NC,11.88,60321,3.1
37199,Yancey,NC,15.12,54961,4.1
38001,Adams,ND,13.77,55417,2.3
38003,Barnes,ND,23.23,70230,3.0
38005,Benson,ND,15.38,68049,3.3
38007,Billings,ND,19.26,81250,2.4
38009,Bottineau,ND,20.95,83460,2.9
38011,Bowman,ND,20.21,83773,1.9
38013,Burke,ND,19.47,96339,2.3
38015,Burleigh,ND,26.94,84948,2.2
38017,Cass,ND,29.16,75023,2.2
38019,Cavalier,ND,19.41,67064,3.2
38021,Dickey,ND,20.62,63125,2.2
38023,Divide,ND,15.83,89297,2.5
38025,Dunn,ND,16.17,94688,2.3
38027,Eddy,ND,21.55,55389,2.7
38029,Emmons,ND,14.74,67368,4.1
38031,Foster,ND,22.68,83412,2.0
38033,Golden Valley,ND,14.19,76528,1.9
38035,Grand Forks,ND,23.42,68450,2.1
38037,Grant,ND,18.06,56750,1.9
38039,Griggs,ND,20.19,64737,2.3
38041,Hettinger,ND,13.99,70827,2.4
38043,Kidder,ND,18.64,61850,3.7
38045,LaMoure,ND,19.99,70263,2.3
38047,Logan,ND,22.15,61339,2.4
38049,McHenry,ND,17.26,80614,3.6
38051,McIntosh,ND,12.37,64236,2.2
38053,McKenzie,ND,18.10,88289,2.3
38055,McLean,ND,19.04,81847,2.9
38057,Mercer,ND,17.95,79405,2.9
38059,Morton,ND,22.95,79483,2.5
38061,Mountrail,ND,14.18,81292,2.5
38063,Nelson,ND,21.03,68051,2.3
38065,Oliver,ND,14.55,76953,3.8
38067,Pembina,ND,17.38,66884,3.5
38069,Pierce,ND,21.06,63214,3.0
38071,Ramsey,ND,21.48,61319,2.2
38073,Ransom,ND,15.56,74521,3.2
38075,Renville,ND,16.69,76311,2.2
38077,Richland,ND,20.07,72524,2.6
38079,Rolette,ND,10.79,57355,5.7
38081,Sargent,ND,14.38,77697,4.5
38083,Sheridan,ND,18.70,67361,3.5
38085,Sioux,ND,8.03,41676,2.9
38087,Slope,ND,18.26,62500,3.1
38089,Stark,ND,20.63,80744,2.3
38091,Steele,ND,27.20,80313,3.1
38093,Stutsman,ND,17.62,60172,2.3
38095,Towner,ND,15.39,63017,2.6
38097,Traill,ND,22.33,88289,2.2
38099,Walsh,ND,13.81,69976,3.2
38101,Ward,ND,20.45,79273,2.4
38103,Wells,ND,18.61,61346,2.7
38105,Williams,ND,15.27,90224,2.5
39001,Adams,OH,7.36,49521,6.0
39003,Allen,OH,12.44,62001,4.4
39005,Ashland,OH,14.63,64991,4.3
39007,Ashtabula,OH,10.57,55507,4.3
39009,Athens,OH,16.62,53837,5.2
39011,Auglaize,OH,12.76,76454,3.7
39013,Belmont,OH,11.61,58411,5.2
39015,Brown,OH,10.18,69990,5.0
39017,Butler,OH,20.81,81194,4.2
39019,Carroll,OH,9.08,64675,4.8
39021,Champaign,OH,12.78,74239,4.2
39023,Clark,OH,11.51,60846,4.7
39025,Clermont,OH,19.78,83178,4.1
39027,Clinton,OH,12.51,68125,4.1
39029,Columbiana,OH,10.81,58474,4.9
39031,Coshocton,OH,11.20,54687,4.8
39033,Crawford,OH,9.52,55477,4.9
39035,Cuyahoga,OH,20.47,62823,3.9
39037,Darke,OH,11.06,64654,4.0
39039,Defiance,OH,13.07,73615,4.0
39041,Delaware,OH,34.43,130088,3.6
39043,Erie,OH,18.71,68431,4.8
39045,Fairfield,OH,20.78,87069,4.0
39047,Fayette,OH,9.31,60047,4.5
39049,Franklin,OH,25.66,73795,4.0
39051,Fulton,OH,11.89,72866,4.7
39053,Gallia,OH,10.21,56455,5.2
39055,Geauga,OH,24.18,100783,3.4
39057,Greene,OH,21.59,85218,4.0
39059,Guernsey,OH,10.14,55756,5.5
39061,Hamilton,OH,24.65,70816,4.1
39063,Hancock,OH,18.45,69699,4.0
39065,Hardin,OH,12.46,58001,4.4
39067,Harrison,OH,8.52,53851,5.0
39069,Henry,OH,12.39,79267,4.7
39071,Highland,OH,10.15,62008,4.6
39073,Hocking,OH,9.74,61366,4.6
39075,Holmes,OH,7.39,74774,3.2
39077,Huron,OH,10.97,65972,5.2
39079,Jackson,OH,10.82,58409,5.2
39081,Jefferson,OH,13.40,56983,5.8
39083,Knox,OH,15.75,73988,4.1
39085,Lake,OH,19.96,77952,3.6
39087,Lawrence,OH,11.71,54842,5.0
39089,Licking,OH,19.76,81033,4.0
39091,Logan,OH,12.40,69183,4.0
39093,Lorain,OH,17.36,70693,4.0
39095,Lucas,OH,17.65,60095,6.0
39097,Madison,OH,15.29,83229,3.7
39099,Mahoning,OH,16.83,55576,5.0
39101,Marion,OH,9.40,57306,4.4
39103,Medina,OH,23.88,92660,3.3
39105,Meigs,OH,8.11,46701,6.8
39107,Mercer,OH,14.17,78036,3.3
39109,Miami,OH,14.86,74175,3.9
39111,Monroe,OH,7.23,58962,6.2
39113,Montgomery,OH,18.24,64403,4.5
39115,Morgan,OH,9.66,55971,5.5
39117,Morrow,OH,12.86,71047,4.2
39119,Muskingum,OH,12.60,59203,4.6
39121,Noble,OH,9.43,55360,6.4
39123,Ottawa,OH,17.59,75728,6.0
39125,Paulding,OH,10.55,68167,4.0
39127,Perry,OH,10.71,64737,5.0
39129,Pickaway,OH,14.68,72927,4.1
39131,Pike,OH,9.83,49552,5.4
39133,Portage,OH,18.78,72822,4.3
39135,Preble,OH,10.77,71237,3.9
39137,Putnam,OH,18.06,82785,3.5
39139,Richland,OH,11.24,57649,5.0
39141,Ross,OH,11.01,59819,4.6
39143,Sandusky,OH,13.50,62500,4.7
39145,Scioto,OH,11.47,49571,5.8
39147,Seneca,OH,13.21,65020,4.4
39149,Shelby,OH,13.66,72822,3.9
39151,Stark,OH,16.16,65740,4.5
39153,Summit,OH,22.32,71016,4.4
39155,Trumbull,OH,13.50,55088,5.2
39157,Tuscarawas,OH,13.52,64494,4.0
39159,Union,OH,25.27,109506,3.3
39161,Van Wert,OH,10.61,65344,3.8
39163,Vinton,OH,10.59,53813,5.2
39165,Warren,OH,27.51,107843,3.8
39167,Washington,OH,13.26,61355,5.0
39169,Wayne,OH,15.09,71769,3.9
39171,Williams,OH,9.36,61834,4.4
39173,Wood,OH,22.21,73124,4.3
39175,Wyandot,OH,12.72,71878,3.9
40001,Adair,OK,6.98,48028,4.0
40003,Alfalfa,OK,13.52,67870,2.7
40005,Atoka,OK,10.34,52034,3.6
40007,Beaver,OK,16.18,64266,2.6
40009,Beckham,OK,8.58,52323,3.2
40011,Blaine,OK,14.10,59304,3.3
40013,Bryan,OK,16.60,54280,3.1
40015,Caddo,OK,11.60,52817,3.1
40017,Canadian,OK,22.27,85427,2.8
40019,Carter,OK,12.85,58856,3.9
40021,Cherokee,OK,18.93,53668,3.4
40023,Choctaw,OK,10.56,45456,3.4
40025,Cimarron,OK,28.66,57204,2.3
40027,Cleveland,OK,21.00,74446,2.9
40029,Coal,OK,10.04,48162,3.7
40031,Comanche,OK,15.59,59000,3.6
40033,Cotton,OK,13.77,60313,3.2
40035,Craig,OK,10.49,50182,3.4
40037,Creek,OK,13.00,61849,3.5
40039,Custer,OK,22.07,57562,2.9
40041,Delaware,OK,13.05,55114,3.8
40043,Dewey,OK,12.64,60550,2.2
40045,Ellis,OK,14.13,56992,2.7
40047,Garfield,OK,15.47,67302,3.3
40049,Garvin,OK,11.74,57127,3.3
40051,Grady,OK,15.51,75730,3.0
40053,Grant,OK,16.64,61824,2.6
40055,Greer,OK,13.05,60183,3.5
40057,Harmon,OK,10.24,54286,2.3
40059,Harper,OK,20.16,59191,2.5
40061,Haskell,OK,10.77,49930,4.6
40063,Hughes,OK,8.67,47923,5.2
40065,Jackson,OK,15.70,61497,2.6
40067,Jefferson,OK,12.53,48750,4.2
40069,Johnston,OK,14.83,50911,4.1
40071,Kay,OK,12.92,56673,3.5
40073,Kingfisher,OK,16.31,70617,2.5
40075,Kiowa,OK,12.11,42063,3.3
40077,Latimer,OK,7.36,41048,4.4
40079,Le Flore,OK,10.42,50027,4.2
40081,Lincoln,OK,10.90,59425,3.4
40083,Logan,OK,21.17,82735,3.1
40085,Love,OK,12.48,62940,4.9
40087,McClain,OK,19.76,84778,2.8
40089,McCurtain,OK,11.33,50175,4.2
40091,McIntosh,OK,9.36,46203,5.4
40093,Major,OK,13.33,69229,3.0
40095,Marshall,OK,13.04,56495,3.4
40097,Mayes,OK,12.24,57279,3.3
40099,Murray,OK,12.70,61904,3.6
40101,Muskogee,OK,13.21,51999,4.5
40103,Noble,OK,14.13,70071,2.7
40105,Nowata,OK,12.29,52679,3.2
40107,Okfuskee,OK,8.83,45441,4.3
40109,Oklahoma,OK,22.18,65374,3.2
40111,Okmulgee,OK,12.02,53123,4.2
40113,Osage,OK,14.57,60482,3.9
40115,Ottawa,OK,10.04,48656,3.3
40117,Pawnee,OK,12.25,57551,3.6
40119,Payne,OK,21.82,48937,3.2
40121,Pittsburg,OK,12.87,54787,4.5
40123,Pontotoc,OK,18.26,62564,3.0
40125,Pottawatomie,OK,14.29,60828,3.6
40127,Pushmataha,OK,7.67,44634,4.7
40129,Roger Mills,OK,15.65,62721,2.5
40131,Rogers,OK,17.44,77688,2.9
40133,Seminole,OK,10.56,46191,5.1
40135,Sequoyah,OK,10.90,49795,3.7
40137,Stephens,OK,12.92,60236,3.7
40139,Texas,OK,16.22,59275,1.9
40141,Tillman,OK,12.79,47445,3.9
40143,Tulsa,OK,21.94,67317,3.3
40145,Wagoner,OK,18.12,78520,3.1
40147,Washington,OK,20.31,61205,3.5
40149,Washita,OK,12.75,61980,2.9
40151,Woods,OK,22.70,50512,2.4
40153,Woodward,OK,14.68,65060,2.9
41001,Baker,OR,18.96,57844,4.7
41003,Benton,OR,28.82,76011,3.6
41005,Clackamas,OR,25.49,100360,3.9
41007,Clatsop,OR,16.88,68705,4.2
41009,Columbia,OR,12.94,86359,4.6
41011,Coos,OR,13.16,60313,4.9
41013,Crook,OR,14.59,81675,5.3
41015,Curry,OR,14.60,64769,5.8
41017,Deschutes,OR,27.34,87640,4.1
41019,Douglas,OR,12.10,58983,5.3
41021,Gilliam,OR,16.94,64219,4.8
41023,Grant,OR,14.07,59800,5.9
41025,Harney,OR,8.31,48338,4.5
41027,Hood River,OR,22.97,82095,3.4
41029,Jackson,OR,18.75,71443,4.9
41031,Jefferson,OR,14.14,73051,4.6
41033,Josephine,OR,12.35,59097,5.8
41035,Klamath,OR,13.42,59353,5.9
41037,Lake,OR,14.17,61222,5.1
41039,Lane,OR,19.69,69311,4.2
41041,Lincoln,OR,17.00,61314,5.0
41043,Linn,OR,13.88,73396,4.6
41045,Malheur,OR,10.45,49902,4.0
41047,Marion,OR,17.10,74624,4.1
41049,Morrow,OR,6.50,70217,3.9
41051,Multnomah,OR,29.37,86247,4.0
41053,Polk,OR,18.71,81318,4.0
41055,Sherman,OR,11.00,59500,4.0
41057,Tillamook,OR,16.72,66551,4.3
41059,Umatilla,OR,11.53,68958,4.5
41061,Union,OR,17.10,64212,4.7
41063,Wallowa,OR,22.93,65559,4.6
41065,Wasco,OR,13.26,63602,4.3
41067,Washington,OR,28.48,104434,3.7
41069,Wheeler,OR,12.62,51250,3.8
41071,Yamhill,OR,19.07,87084,3.9
42001,Adams,PA,14.41,81071,3.1
42003,Allegheny,PA,25.99,76393,3.5
42005,Armstrong,PA,12.53,64295,4.2
42007,Beaver,PA,19.38,70156,3.9
42009,Bedford,PA,9.79,60302,3.8
42011,Berks,PA,17.35,77684,3.7
42013,Blair,PA,16.40,60594,3.5
42015,Bradford,PA,12.59,62482,3.7
42017,Bucks,PA,26.04,111951,3.3
42019,Butler,PA,24.33,86775,3.3
42021,Cambria,PA,15.38,56292,4.3
42023,Cameron,PA,8.50,47681,5.3
42025,Carbon,PA,12.48,67877,4.0
42027,Centre,PA,22.37,72748,2.9
42029,Chester,PA,32.89,123041,2.8
42031,Clarion,PA,14.52,60668,4.0
42033,Clearfield,PA,13.39,60181,3.9
42035,Clinton,PA,13.59,58842,4.2
42037,Columbia,PA,15.05,61992,4.2
42039,Crawford,PA,13.09,60254,3.7
42041,Cumberland,PA,23.95,85634,3.0
42043,Dauphin,PA,21.85,74159,3.5
42045,Delaware,PA,23.51,88576,3.5
42047,Elk,PA,13.36,64103,3.7
42049,Erie,PA,18.56,61476,3.8
42051,Fayette,PA,12.34,56093,4.7
42053,Forest,PA,8.76,50061,5.3
42055,Franklin,PA,14.32,74946,3.1
42057,Fulton,PA,10.61,64798,3.3
42059,Greene,PA,12.79,66870,4.4
42061,Huntingdon,PA,11.96,65429,4.5
42063,Indiana,PA,15.45,58739,4.4
42065,Jefferson,PA,11.76,56898,4.0
42067,Juniata,PA,10.25,63923,3.8
42069,Lackawanna,PA,18.35,64691,3.9
42071,Lancaster,PA,19.69,83703,2.9
42073,Lawrence,PA,15.97,60779,4.3
42075,Lebanon,PA,15.17,76350,3.1
42077,Lehigh,PA,20.74,77493,3.9
42079,Luzerne,PA,15.35,62321,4.5
42081,Lycoming,PA,15.77,64412,4.0
42083,McKean,PA,12.66,61705,4.1
42085,Mercer,PA,16.22,60614,4.0
42087,Mifflin,PA,8.43,61415,3.3
42089,Monroe,PA,17.41,82374,4.2
42091,Montgomery,PA,29.23,111521,3.0
42093,Montour,PA,17.02,72926,2.8
42095,Northampton,PA,20.58,86687,3.7
42097,Northumberland,PA,13.45,57948,4.0
42099,Perry,PA,12.95,78824,3.3
42101,Philadelphia,PA,19.35,60698,4.5
42103,Pike,PA,16.78,79318,4.3
42105,Potter,PA,10.63,59840,4.8
42107,Schuylkill,PA,12.53,66901,4.1
42109,Snyder,PA,12.80,68435,3.5
42111,Somerset,PA,11.07,59378,4.1
42113,Sullivan,PA,12.45,64758,3.9
42115,Susquehanna,PA,12.67,66930,3.7
42117,Tioga,PA,12.59,62932,4.1
42119,Union,PA,14.46,72894,3.4
42121,Venango,PA,12.66,61626,4.0
42123,Warren,PA,12.64,59013,3.9
42125,Washington,PA,20.46,77487,3.6
42127,Wayne,PA,12.65,62182,4.2
42129,Westmoreland,PA,20.11,72468,3.7
42131,Wyoming,PA,13.89,70268,4.0
42133,York,PA,17.09,82238,3.4
44001,Bristol,RI,27.61,110926,3.6
44003,Kent,RI,21.28,91278,3.9
44005,Newport,RI,30.84,100859,4.0
44007,Providence,RI,19.68,78204,4.7
44009,Washington,RI,28.40,102478,3.6
45001,Abbeville,SC,13.42,52112,4.5
45003,Aiken,SC,19.59,67940,4.2
45005,Allendale,SC,5.89,31603,6.3
45007,Anderson,SC,16.70,64683,3.8
45009,Bamberg,SC,10.74,43206,6.2
45011,Barnwell,SC,8.29,41800,5.6
45013,Beaufort,SC,25.86,84819,3.8
45015,Berkeley,SC,19.34,82327,3.7
45017,Calhoun,SC,14.43,56690,4.6
45019,Charleston,SC,30.02,84320,3.4
45021,Cherokee,SC,11.08,49047,5.7
45023,Chester,SC,8.39,51216,5.5
45025,Chesterfield,SC,8.01,47620,4.7
45027,Clarendon,SC,11.44,48887,5.5
45029,Colleton,SC,10.89,48779,4.6
45031,Darlington,SC,12.29,47419,4.8
45033,Dillon,SC,6.94,44038,6.0
45035,Dorchester,SC,19.33,76896,3.7
45037,Edgefield,SC,12.45,67092,3.9
45039,Fairfield,SC,8.92,46972,5.0
45041,Florence,SC,14.69,56650,4.4
45043,Georgetown,SC,20.41,66734,4.6
45045,Greenville,SC,25.20,74624,3.7
45047,Greenwood,SC,16.19,50635,5.2
45049,Hampton,SC,7.24,43059,4.0
45051,Horry,SC,17.28,64623,4.7
45053,Jasper,SC,18.84,63503,4.1
45055,Kershaw,SC,13.84,64343,4.1
45057,Lancaster,SC,19.86,74751,4.3
45059,Laurens,SC,11.83,55517,4.4
45061,Lee,SC,8.53,44145,6.3
45063,Lexington,SC,20.65,75014,3.6
45065,McCormick,SC,16.24,55344,5.1
45067,Marion,SC,8.43,34501,6.2
45069,Marlboro,SC,5.99,36293,7.2
45071,Newberry,SC,14.03,59670,4.2
45073,Oconee,SC,17.22,60193,3.9
45075,Orangeburg,SC,10.34,43214,6.0
45077,Pickens,SC,15.25,59411,4.0
45079,Richland,SC,23.59,61699,4.3
45081,Saluda,SC,11.41,52957,3.6
45083,Spartanburg,SC,15.75,64195,4.2
45085,Sumter,SC,14.03,55990,5.2
45087,Union,SC,10.29,41200,5.5
45089,Williamsburg,SC,8.80,43471,6.6
45091,York,SC,24.15,83060,4.0
46003,Aurora,SD,14.83,74130,1.6
46005,Beadle,SD,18.58,63082,1.7
46007,Bennett,SD,17.24,44569,3.1
46009,Bon Homme,SD,13.39,61275,2.0
46011,Brookings,SD,29.17,67341,1.8
46013,Brown,SD,24.40,70239,1.8
46015,Brule,SD,22.50,74043,1.3
46017,Buffalo,SD,4.48,47000,4.6
46019,Butte,SD,13.32,67692,1.6
46021,Campbell,SD,25.11,65000,2.3
46023,Charles Mix,SD,18.18,64850,1.8
46025,Clark,SD,13.88,62885,2.0
46027,Clay,SD,24.70,58794,1.8
46029,Codington,SD,14.87,65080,1.6
46031,Corson,SD,15.44,43750,3.5
46033,Custer,SD,20.29,81958,2.2
46035,Davison,SD,18.68,61401,1.5
46037,Day,SD,16.27,62270,1.9
46039,Deuel,SD,18.57,79556,2.0
46041,Dewey,SD,11.67,57928,4.8
46043,Douglas,SD,18.08,78125,1.8
46045,Edmunds,SD,22.72,77266,1.8
46047,Fall River,SD,14.88,61056,2.3
46049,Faulk,SD,11.90,58000,1.5
46051,Grant,SD,18.08,73818,2.4
46053,Gregory,SD,13.60,52432,1.6
46055,Haakon,SD,16.14,59231,1.7
46057,Hamlin,SD,18.39,83194,1.5
46059,Hand,SD,21.45,72054,1.3
46061,Hanson,SD,16.22,86375,2.2
46063,Harding,SD,25.95,74766,1.4
46065,Hughes,SD,25.21,78981,1.5
46067,Hutchinson,SD,19.81,74459,1.8
46069,Hyde,SD,18.18,74279,2.0
46071,Jackson,SD,9.89,26686,3.4
46073,Jerauld,SD,16.45,75417,1.8
46075,Jones,SD,18.39,64688,3.3
46077,Kingsbury,SD,16.55,70221,1.8
46079,Lake,SD,25.79,73792,1.5
46081,Lawrence,SD,23.05,66766,1.7
46083,Lincoln,SD,27.93,96552,1.5
46085,Lyman,SD,21.13,61169,2.2
46087,McCook,SD,19.67,80847,1.6
46089,McPherson,SD,18.23,62024,2.0
46091,Marshall,SD,18.52,72500,1.9
46093,Meade,SD,20.94,74161,1.7
46095,Mellette,SD,13.18,51364,2.9
46097,Miner,SD,13.25,72589,2.7
46099,Minnehaha,SD,24.35,76074,1.7
46101,Moody,SD,20.00,77500,2.1
46102,Oglala Lakota,SD,6.43,34769,5.4
46103,Pennington,SD,21.80,70768,1.8
46105,Perkins,SD,16.21,65455,1.4
46107,Potter,SD,22.13,71726,2.0
46109,Roberts,SD,13.14,63691,2.7
46111,Sanborn,SD,13.38,69870,1.5
46115,Spink,SD,22.28,73011,2.0
46117,Stanley,SD,16.19,77000,1.5
46119,Sully,SD,17.86,70250,1.6
46121,Todd,SD,11.85,39148,4.1
46123,Tripp,SD,15.66,58854,1.4
46125,Turner,SD,19.88,75283,1.7
46127,Union,SD,22.80,84137,1.9
46129,Walworth,SD,21.65,62722,2.4
46135,Yankton,SD,17.52,73855,1.5
46137,Ziebach,SD,10.88,47333,3.4
47001,Anderson,TN,15.24,63171,3.4
47003,Bedford,TN,11.79,62197,3.1
47005,Benton,TN,7.49,50435,4.7
47007,Bledsoe,TN,5.04,49655,3.2
47009,Blount,TN,17.15,74607,3.0
47011,Bradley,TN,15.06,63789,3.7
47013,Campbell,TN,7.79,50260,3.7
47015,Cannon,TN,11.70,58092,3.1
47017,Carroll,TN,10.99,50391,4.0
47019,Carter,TN,13.82,48435,4.0
47021,Cheatham,TN,16.61,82015,2.8
47023,Chester,TN,11.79,60543,4.0
47025,Claiborne,TN,9.65,46587,4.0
47027,Clay,TN,6.27,44712,4.7
47029,Cocke,TN,7.53,48416,4.7
47031,Coffee,TN,13.00,60656,3.3
47033,Crockett,TN,10.63,59049,3.5
47035,Cumberland,TN,10.84,58475,4.6
47037,Davidson,TN,29.27,75664,2.9
47039,Decatur,TN,12.51,46190,4.3
47041,DeKalb,TN,12.86,48484,4.1
47043,Dickson,TN,13.97,73223,2.8
47045,Dyer,TN,13.33,54973,3.4
47047,Fayette,TN,18.17,84764,3.6
47049,Fentress,TN,9.80,50865,3.6
47051,Franklin,TN,14.34,61553,3.8
47053,Gibson,TN,12.18,59009,3.8
47055,Giles,TN,12.59,61476,4.0
47057,Grainger,TN,8.54,51351,3.6
47059,Greene,TN,11.14,54071,4.6
47061,Grundy,TN,5.95,45573,4.4
47063,Hamblen,TN,11.80,52794,3.5
47065,Hamilton,TN,23.19,72568,3.2
47067,Hancock,TN,4.41,31995,4.5
47069,Hardeman,TN,7.27,46173,4.6
47071,Hardin,TN,9.30,49149,3.9
47073,Hawkins,TN,11.12,55278,4.1
47075,Haywood,TN,8.21,43513,3.1
47077,Henderson,TN,9.77,53471,3.8
47079,Henry,TN,12.01,48540,4.0
47081,Hickman,TN,9.43,57223,3.1
47083,Houston,TN,8.77,54475,4.5
47085,Humphreys,TN,10.21,59333,3.7
47087,Jackson,TN,9.90,41475,4.0
47089,Jefferson,TN,12.82,63084,3.5
47091,Johnson,TN,11.15,52152,4.7
47093,Knox,TN,24.43,71662,3.0
47095,Lake,TN,5.16,30500,4.4
47097,Lauderdale,TN,6.86,49205,4.9
47099,Lawrence,TN,9.47,53233,3.8
47101,Lewis,TN,7.69,49477,3.6
47103,Lincoln,TN,11.46,63115,3.5
47105,Loudon,TN,17.78,80296,3.4
47107,McMinn,TN,11.45,59674,4.4
47109,McNairy,TN,7.81,50714,4.1
47111,Macon,TN,7.87,56269,2.8
47113,Madison,TN,15.86,58189,3.9
47115,Marion,TN,10.06,58103,3.9
47117,Marshall,TN,14.85,70829,3.5
47119,Maury,TN,18.59,74162,3.1
47121,Meigs,TN,8.02,58395,5.1
47123,Monroe,TN,10.58,56648,4.1
47125,Montgomery,TN,19.36,72365,3.6
47127,Moore,TN,16.25,66687,3.4
47129,Morgan,TN,8.37,57408,4.0
47131,Obion,TN,10.92,53102,3.7
47133,Overton,TN,8.86,46159,3.4
47135,Perry,TN,9.66,50489,5.2
47137,Pickett,TN,10.62,44591,4.9
47139,Polk,TN,9.20,60227,3.8
47141,Putnam,TN,18.36,56537,3.4
47143,Rhea,TN,11.82,58133,4.2
47145,Roane,TN,12.78,66218,3.8
47147,Robertson,TN,15.46,78439,2.9
47149,Rutherford,TN,23.44,82588,2.8
47151,Scott,TN,5.76,42679,4.2
47153,Sequatchie,TN,12.16,52260,3.9
47155,Sevier,TN,14.53,63829,3.2
47157,Shelby,TN,20.10,62337,4.5
47159,Smith,TN,12.57,62799,3.0
47161,Stewart,TN,11.59,62052,3.7
47163,Sullivan,TN,17.72,56802,3.6
47165,Sumner,TN,22.03,86005,2.8
47167,Tipton,TN,11.74,71736,3.8
47169,Trousdale,TN,6.41,63190,2.8
47171,Unicoi,TN,12.42,50381,4.2
47173,Union,TN,8.97,61858,3.5
47175,Van Buren,TN,8.64,60281,3.6
47177,Warren,TN,10.28,54088,3.8
47179,Washington,TN,18.97,61051,3.3
47181,Wayne,TN,8.41,52824,3.8
47183,Weakley,TN,13.16,49502,4.5
47185,White,TN,9.53,52206,4.1
47187,Williamson,TN,38.31,131202,2.7
47189,Wilson,TN,24.93,94048,2.8
48001,Anderson,TX,10.41,58846,4.4
48003,Andrews,TX,15.76,76902,3.0
48005,Angelina,TX,11.25,58847,4.3
48007,Aransas,TX,19.84,61754,4.8
48009,Archer,TX,17.71,71958,3.7
48011,Armstrong,TX,12.72,68462,3.1
48013,Atascosa,TX,11.86,69413,4.1
48015,Austin,TX,17.21,75994,3.7
48017,Bailey,TX,12.19,70625,4.2
48019,Bandera,TX,16.05,69703,4.0
48021,Bastrop,TX,14.85,82730,3.6
48023,Baylor,TX,22.37,42313,3.0
48025,Bee,TX,7.81,56075,4.6
48027,Bell,TX,18.01,66051,4.4
48029,Bexar,TX,19.47,70571,3.8
48031,Blanco,TX,26.58,87564,3.5
48033,Borden,TX,25.28,64250,3.0
48035,Bosque,TX,13.78,69339,3.9
48037,Bowie,TX,13.59,59295,4.1
48039,Brazoria,TX,20.10,95155,4.4
48041,Brazos,TX,23.60,58388,3.4
48043,Brewster,TX,26.73,52612,2.9
48045,Briscoe,TX,14.24,41188,3.3
48047,Brooks,TX,12.21,31310,4.2
48049,Brown,TX,14.28,55305,3.7
48051,Burleson,TX,16.19,72888,3.7
48053,Burnet,TX,19.45,77158,3.5
48055,Caldwell,TX,11.97,68503,3.6
48057,Calhoun,TX,10.69,71870,3.3
48059,Callahan,TX,17.45,68455,3.4
48061,Cameron,TX,13.92,51334,5.2
48063,Camp,TX,14.45,55061,4.5
48065,Carson,TX,16.88,84583,2.9
48067,Cass,TX,12.05,54328,5.2
48069,Castro,TX,17.84,63485,2.8
48071,Chambers,TX,17.34,108114,4.6
48073,Cherokee,TX,11.96,59830,4.4
48075,Childress,TX,8.23,60333,2.8
48077,Clay,TX,16.62,77355,3.7
48079,Cochran,TX,7.45,42137,4.1
48081,Coke,TX,14.20,46431,2.9
48083,Coleman,TX,14.02,52364,3.7
48085,Collin,TX,33.79,117588,3.8
48087,Collingsworth,TX,18.66,60165,3.1
48089,Colorado,TX,16.13,68554,3.8
48091,Comal,TX,27.44,99015,3.6
48093,Comanche,TX,13.70,59946,3.0
48095,Concho,TX,8.84,59632,3.3
48097,Cooke,TX,15.68,72472,3.6
48099,Coryell,TX,12.53,68904,4.5
48101,Cottle,TX,15.60,58819,2.2
48103,Crane,TX,10.14,59915,2.6
48105,Crockett,TX,6.79,81739,3.3
48107,Crosby,TX,11.34,52197,4.0
48109,Culberson,TX,15.43,42672,3.3
48111,Dallam,TX,13.60,72332,2.8
48113,Dallas,TX,21.45,74149,4.1
48115,Dawson,TX,11.98,55789,4.3
48117,Deaf Smith,TX,8.23,54114,3.3
48119,Delta,TX,14.58,62855,4.4
48121,Denton,TX,31.75,108185,3.7
48123,DeWitt,TX,10.89,64014,4.5
48125,Dickens,TX,13.83,50417,4.3
48127,Dimmit,TX,5.45,33409,6.8
48129,Donley,TX,10.95,56648,4.5
48131,Duval,TX,4.28,50081,5.3
48133,Eastland,TX,15.14,51741,5.3
48135,Ector,TX,11.46,71031,3.5
48137,Edwards,TX,21.91,38500,3.1
48139,Ellis,TX,18.97,95898,3.7
48141,El Paso,TX,17.10,58859,4.2
48143,Erath,TX,21.48,65351,3.5
48145,Falls,TX,9.79,55372,4.3
48147,Fannin,TX,13.48,68377,3.7
48149,Fayette,TX,19.81,76541,3.8
48151,Fisher,TX,12.25,64700,3.1
48153,Floyd,TX,13.20,55461,4.2
48155,Foard,TX,10.78,42212,3.4
48157,Fort Bend,TX,29.53,113409,4.1
48159,Franklin,TX,19.27,66800,3.8
48161,Freestone,TX,11.31,58460,4.7
48163,Frio,TX,7.06,60098,5.9
48165,Gaines,TX,6.66,76605,3.2
48167,Galveston,TX,22.88,85348,4.3
48169,Garza,TX,7.26,50545,3.8
48171,Gillespie,TX,22.26,67799,3.0
48173,Glasscock,TX,32.69,106806,3.1
48175,Goliad,TX,13.17,59556,4.2
48177,Gonzales,TX,9.00,59355,3.8
48179,Gray,TX,12.08,56082,3.9
48181,Grayson,TX,16.02,70455,3.9
48183,Gregg,TX,15.30,64809,4.8
48185,Grimes,TX,12.53,67080,4.4
48187,Guadalupe,TX,20.41,93776,3.6
48189,Hale,TX,9.65,52788,4.1
48191,Hall,TX,12.90,46728,4.6
48193,Hamilton,TX,18.37,55339,4.1
48195,Hansford,TX,23.33,68299,3.3
48197,Hardeman,TX,12.25,61179,3.7
48199,Hardin,TX,15.80,72532,4.5
48201,Harris,TX,20.99,73104,4.4
48203,Harrison,TX,15.28,66040,4.9
48205,Hartley,TX,14.38,82122,3.1
48207,Haskell,TX,13.36,54044,3.9
48209,Hays,TX,27.11,85827,3.4
48211,Hemphill,TX,20.78,72052,4.6
48213,Henderson,TX,13.27,63955,4.5
48215,Hidalgo,TX,13.94,52281,6.0
48217,Hill,TX,12.09,63147,3.9
48219,Hockley,TX,12.72,54810,3.7
48221,Hood,TX,22.57,86802,4.2
48223,Hopkins,TX,13.50,64725,3.3
48225,Houston,TX,10.80,54563,4.4
48227,Howard,TX,10.46,71457,3.4
48229,Hudspeth,TX,10.83,39336,4.1
48231,Hunt,TX,14.41,70112,4.1
48233,Hutchinson,TX,11.98,65470,4.5
48235,Irion,TX,19.21,58125,3.0
48237,Jack,TX,11.22,65693,5.1
48239,Jackson,TX,12.09,61752,4.1
48241,Jasper,TX,8.55,49919,5.9
48243,Jeff Davis,TX,18.89,32625,4.9
48245,Jefferson,TX,13.28,59934,5.9
48247,Jim Hogg,TX,13.76,42230,4.7
48249,Jim Wells,TX,11.35,47492,5.2
48251,Johnson,TX,16.43,81826,3.6
48253,Jones,TX,8.69,63472,3.7
48255,Karnes,TX,10.55,59103,4.1
48257,Kaufman,TX,18.21,88606,4.0
48259,Kendall,TX,31.57,110498,3.3
48261,Kenedy,TX,8.51,,8.0
48263,Kent,TX,14.34,71420,4.5
48265,Kerr,TX,19.55,67927,3.3
48267,Kimble,TX,16.66,65703,3.4
48269,King,TX,31.82,70192,2.5
48271,Kinney,TX,10.51,66341,4.1
48273,Kleberg,TX,14.99,57612,4.4
48275,Knox,TX,11.01,56304,3.5
48277,Lamar,TX,13.78,61122,4.0
48279,Lamb,TX,9.91,56997,3.8
48281,Lampasas,TX,15.09,76919,4.0
48283,La Salle,TX,3.91,55469,4.6
48285,Lavaca,TX,14.91,61768,3.1
48287,Lee,TX,14.04,66000,3.5
48289,Leon,TX,10.84,59975,4.0
48291,Liberty,TX,8.18,64773,5.3
48293,Limestone,TX,13.48,58109,4.3
48295,Lipscomb,TX,20.12,71442,3.2
48297,Live Oak,TX,8.83,53869,4.8
48299,Llano,TX,22.91,65636,4.1
48301,Loving,TX,0.00,51087,1.3
48303,Lubbock,TX,20.10,63367,3.5
48305,Lynn,TX,15.64,57411,3.4
48307,McCulloch,TX,13.35,51919,4.4
48309,McLennan,TX,16.76,63888,3.8
48311,McMullen,TX,13.84,45833,6.1
48313,Madison,TX,11.09,67128,4.6
48315,Marion,TX,13.50,47447,5.7
48317,Martin,TX,11.99,77083,3.0
48319,Mason,TX,26.00,68750,3.8
48321,Matagorda,TX,15.46,55174,5.7
48323,Maverick,TX,11.38,51270,7.9
48325,Medina,TX,14.07,73462,4.1
48327,Menard,TX,16.02,48191,3.3
48329,Midland,TX,21.17,93984,2.9
48331,Milam,TX,13.10,59076,4.3
48333,Mills,TX,17.88,64494,3.3
48335,Mitchell,TX,8.40,56033,3.3
48337,Montague,TX,13.06,62818,4.3
48339,Montgomery,TX,24.61,97266,4.0
48341,Moore,TX,9.02,61325,3.0
48343,Morris,TX,10.55,55082,5.5
48345,Motley,TX,16.89,62857,3.9
48347,Nacogdoches,TX,16.15,51528,4.3
48349,Navarro,TX,11.89,59310,4.5
48351,Newton,TX,4.40,41044,6.5
48353,Nolan,TX,8.59,50160,3.8
48355,Nueces,TX,15.29,66021,4.2
48357,Ochiltree,TX,12.71,64988,3.2
48359,Oldham,TX,18.36,76402,3.4
48361,Orange,TX,13.05,73372,4.7
48363,Palo Pinto,TX,12.45,64972,4.0
48365,Panola,TX,12.50,62593,5.2
48367,Parker,TX,20.92,102099,3.4
48369,Parmer,TX,12.50,68164,2.8
48371,Pecos,TX,8.04,67689,4.0
48373,Polk,TX,9.06,59066,5.1
48375,Potter,TX,11.98,50448,3.4
48377,Presidio,TX,12.20,29014,6.5
48379,Rains,TX,19.15,64874,4.0
48381,Randall,TX,21.21,80905,3.0
48383,Reagan,TX,10.68,70288,4.0
48385,Real,TX,15.08,45417,4.7
48387,Red River,TX,10.16,46912,4.7
48389,Reeves,TX,5.64,56056,3.2
48391,Refugio,TX,10.59,58016,4.6
48393,Roberts,TX,17.24,66118,4.3
48395,Robertson,TX,13.41,66250,4.3
48397,Rockwall,TX,27.92,124917,3.5
48399,Runnels,TX,12.91,63490,3.4
48401,Rusk,TX,11.52,67506,4.5
48403,Sabine,TX,11.01,59924,6.0
48405,San Augustine,TX,7.07,46338,5.2
48407,San Jacinto,TX,9.40,59526,5.3
48409,San Patricio,TX,11.67,67512,4.9
48411,San Saba,TX,15.08,54855,3.8
48413,Schleicher,TX,21.67,90141,4.6
48415,Scurry,TX,13.44,62689,3.8
48417,Shackelford,TX,27.88,64659,3.4
48419,Shelby,TX,10.27,50436,4.9
48421,Sherman,TX,16.25,74167,2.8
48423,Smith,TX,18.27,71923,3.8
48425,Somervell,TX,18.46,83382,4.0
48427,Starr,TX,9.04,38182,9.5
48429,Stephens,TX,13.05,54695,4.4
48431,Sterling,TX,16.39,78750,3.2
48433,Stonewall,TX,7.05,61250,2.2
48435,Sutton,TX,7.55,75000,5.5
48437,Swisher,TX,15.67,39031,4.5
48439,Tarrant,TX,22.66,81905,3.9
48441,Taylor,TX,18.55,66406,3.4
48443,Terrell,TX,23.26,46989,3.7
48445,Terry,TX,7.40,45905,3.7
48447,Throckmorton,TX,18.29,58864,4.0
48449,Titus,TX,11.09,59220,3.9
48451,Tom Green,TX,16.60,66254,3.2
48453,Travis,TX,34.71,97169,3.5
48455,Trinity,TX,12.20,51663,5.1
48457,Tyler,TX,8.20,50647,6.1
48459,Upshur,TX,12.71,62794,4.5
48461,Upton,TX,6.47,52321,1.7
48463,Uvalde,TX,15.11,57849,4.2
48465,Val Verde,TX,12.86,59673,5.2
48467,Van Zandt,TX,12.35,68274,4.1
48469,Victoria,TX,14.23,70101,4.1
48471,Walker,TX,14.37,49862,4.1
48473,Waller,TX,19.87,76135,4.7
48475,Ward,TX,7.79,71719,3.3
48477,Washington,TX,21.07,75085,3.8
48479,Webb,TX,14.71,62506,4.2
48481,Wharton,TX,14.14,66100,4.3
48483,Wheeler,TX,17.67,67964,3.3
48485,Wichita,TX,15.87,62168,3.8
48487,Wilbarger,TX,12.88,51626,3.7
48489,Willacy,TX,9.37,45645,5.5
48491,Williamson,TX,30.50,108309,3.6
48493,Wilson,TX,18.37,92461,3.4
48495,Winkler,TX,8.96,91898,3.1
48497,Wise,TX,14.09,89897,3.7
48499,Wood,TX,13.73,62524,4.8
48501,Yoakum,TX,11.87,82261,3.5
48503,Young,TX,16.90,63723,3.5
48505,Zapata,TX,9.67,36527,6.9
48507,Zavala,TX,8.08,41887,6.1
49001,Beaver,UT,17.84,85603,3.2
49003,Box Elder,UT,18.85,77865,3.1
49005,Cache,UT,25.71,78292,2.8
49007,Carbon,UT,12.62,53673,4.0
49009,Daggett,UT,8.06,58750,3.2
49011,Davis,UT,25.57,108058,2.9
49013,Duchesne,UT,11.91,74738,3.4
49015,Emery,UT,10.76,69956,3.7
49017,Garfield,UT,22.66,61688,7.5
49019,Grand,UT,22.07,62521,3.9
49021,Iron,UT,20.46,65527,3.0
49023,Juab,UT,14.46,89803,3.1
49025,Kane,UT,22.56,75000,3.6
49027,Millard,UT,18.24,70877,3.0
49029,Morgan,UT,24.51,126092,2.7
49031,Piute,UT,11.70,44650,5.7
49033,Rich,UT,16.60,76875,3.3
49035,Salt Lake,UT,24.60,94658,3.2
49037,San Juan,UT,13.32,54890,4.3
49039,Sanpete,UT,13.15,67459,3.4
49041,Sevier,UT,15.84,73765,3.7
49043,Summit,UT,35.86,137058,2.9
49045,Tooele,UT,15.35,101846,3.2
49047,Uintah,UT,12.19,69861,3.3
49049,Utah,UT,30.44,96877,3.3
49051,Wasatch,UT,30.84,115146,2.8
49053,Washington,UT,20.65,76411,3.3
49055,Wayne,UT,18.67,70074,5.3
49057,Weber,UT,19.54,87083,3.2
50001,Addison,VT,25.17,88478,2.0
50003,Bennington,VT,21.46,71494,2.9
50005,Caledonia,VT,18.96,66075,2.4
50007,Chittenden,VT,31.62,94310,1.9
50009,Essex,VT,12.63,58985,3.3
50011,Franklin,VT,18.67,79078,2.3
50013,Grand Isle,VT,25.85,90625,2.5
50015,Lamoille,VT,27.79,69897,2.6
50017,Orange,VT,20.16,77328,2.4
50019,Orleans,VT,17.59,66426,3.6
50021,Rutland,VT,20.15,64778,2.7
50023,Washington,VT,27.73,79853,2.3
50025,Windham,VT,22.44,68021,2.4
50027,Windsor,VT,24.70,75247,2.1
51001,Accomack,VA,12.66,57500,3.6
51003,Albemarle,VA,29.86,102617,2.6
51005,Alleghany,VA,8.75,55160,3.9
51007,Amelia,VA,12.90,66339,3.1
51009,Amherst,VA,13.83,67298,3.0
51011,Appomattox,VA,15.25,62337,3.2
51013,Arlington,VA,35.72,140160,2.2
51015,Augusta,VA,15.59,79972,2.5
51017,Bath,VA,10.35,61709,2.6
51019,Bedford,VA,20.82,77644,3.0
51021,Bland,VA,10.92,61375,3.3
51023,Botetourt,VA,17.48,80467,2.5
51025,Brunswick,VA,9.51,52978,4.0
51027,Buchanan,VA,5.49,42216,4.2
51029,Buckingham,VA,9.39,59199,3.5
51031,Campbell,VA,16.91,62608,3.0
51033,Caroline,VA,13.72,86267,3.0
51035,Carroll,VA,11.69,52575,3.7
51036,Charles City,VA,11.58,70339,3.4
51037,Charlotte,VA,10.67,48892,3.4
51041,Chesterfield,VA,26.41,98910,2.8
51043,Clarke,VA,23.21,114185,2.6
51045,Craig,VA,10.64,67778,3.3
51047,Culpeper,VA,17.39,96098,2.6
51049,Cumberland,VA,9.87,57057,2.7
51051,Dickenson,VA,8.78,43831,4.2
51053,Dinwiddie,VA,12.74,83898,3.1
51057,Essex,VA,11.14,56481,3.9
51059,Fairfax,VA,31.85,150113,2.5
51061,Fauquier,VA,24.73,129495,2.3
51063,Floyd,VA,14.17,61401,2.6
51065,Fluvanna,VA,22.31,91959,2.4
51067,Franklin,VA,15.56,68348,3.0
51069,Frederick,VA,17.94,95603,2.6
51071,Giles,VA,9.48,64819,3.1
51073,Gloucester,VA,16.47,83689,2.6
51075,Goochland,VA,26.37,118695,2.8
51077,Grayson,VA,9.40,42864,3.1
51079,Greene,VA,18.55,85268,2.4
51081,Greensville,VA,9.97,56759,4.4
51083,Halifax,VA,11.90,49244,4.2
51085,Hanover,VA,26.36,109504,2.5
51087,Henrico,VA,26.45,86397,2.9
51089,Henry,VA,9.96,48445,4.0
51091,Highland,VA,22.23,62946,2.9
51093,Isle of Wight,VA,17.76,96118,2.8
51095,James City,VA,25.91,107046,2.8
51097,King and Queen,VA,14.35,72851,2.9
51099,King George,VA,21.56,110517,2.7
51101,King William,VA,18.12,85212,2.6
51103,Lancaster,VA,21.68,67169,4.3
51105,Lee,VA,9.12,42269,3.7
51107,Loudoun,VA,35.95,178707,2.5
51109,Louisa,VA,15.57,80343,3.0
51111,Lunenburg,VA,7.50,54460,3.7
51113,Madison,VA,14.09,82972,2.5
51115,Mathews,VA,21.69,75487,3.0
51117,Mecklenburg,VA,13.03,51691,3.3
51119,Middlesex,VA,21.09,74154,2.8
51121,Montgomery,VA,22.60,70769,3.0
51125,Nelson,VA,22.14,68525,2.7
51127,New Kent,VA,24.92,120125,2.5
51131,Northampton,VA,19.24,55933,3.6
51133,Northumberland,VA,17.71,69500,4.7
51135,Nottoway,VA,12.35,62161,3.5
51137,Orange,VA,18.34,94175,2.9
51139,Page,VA,9.36,59396,3.5
51141,Patrick,VA,11.49,50938,3.2
51143,Pittsylvania,VA,10.74,54115,3.4
51145,Powhatan,VA,23.09,110667,2.3
51147,Prince Edward,VA,13.99,55082,4.6
51149,Prince George,VA,15.23,88225,2.8
51153,Prince William,VA,26.35,128873,2.7
51155,Pulaski,VA,13.00,60767,3.1
51157,Rappahannock,VA,20.55,98125,2.6
51159,Richmond,VA,11.87,64184,3.7
51161,Roanoke,VA,24.22,82931,2.7
51163,Rockbridge,VA,16.04,63975,2.6
51165,Rockingham,VA,16.56,78468,2.5
51167,Russell,VA,9.72,49020,3.9
51169,Scott,VA,9.71,45136,3.4
51171,Shenandoah,VA,12.26,64437,2.9
51173,Smyth,VA,11.60,46859,3.7
51175,Southampton,VA,12.17,68465,2.8
51177,Spotsylvania,VA,20.50,109576,2.8
51179,Stafford,VA,25.23,133792,2.7
51181,Surry,VA,18.33,71458,2.9
51183,Sussex,VA,9.78,62821,3.6
51185,Tazewell,VA,10.44,45788,4.2
51187,Warren,VA,14.98,84331,2.7
51191,Washington,VA,17.39,62774,3.1
51193,Westmoreland,VA,11.47,59766,4.2
51195,Wise,VA,9.79,50740,3.8
51197,Wythe,VA,11.18,55359,3.0
51199,York,VA,26.50,108326,2.7
51510,Alexandria,VA,31.38,113638,2.4
51520,Bristol,VA,14.09,44706,3.6
51530,Buena Vista,VA,15.32,54458,3.0
51540,Charlottesville,VA,27.16,69829,2.4
51550,Chesapeake,VA,22.43,94189,2.9
51570,Colonial Heights,VA,18.40,76250,3.1
51580,Covington,VA,5.96,42724,4.1
51590,Danville,VA,11.02,42778,5.1
51595,Emporia,VA,8.40,49375,5.8
51600,Fairfax,VA,32.65,132774,2.4
51610,Falls Church,VA,29.92,154734,2.4
51620,Franklin,VA,15.75,65125,3.9
51630,Fredericksburg,VA,26.81,85368,3.1
51640,Galax,VA,11.88,41438,3.5
51650,Hampton,VA,17.11,67758,3.6
51660,Harrisonburg,VA,19.35,59752,3.3
51670,Hopewell,VA,8.30,48681,4.2
51678,Lexington,VA,24.88,89598,4.2
51680,Lynchburg,VA,23.60,59808,3.8
51683,Manassas,VA,21.01,117919,2.5
51685,Manassas Park,VA,15.23,100668,2.4
51690,Martinsville,VA,12.88,42434,4.6
51700,Newport News,VA,17.72,66718,3.4
51710,Norfolk,VA,19.30,64017,3.4
51720,Norton,VA,9.81,38497,3.5
51730,Petersburg,VA,15.35,50741,4.8
51735,Poquoson,VA,21.95,120919,2.4
51740,Portsmouth,VA,14.87,58972,3.8
51750,Radford,VA,19.27,52791,3.7
51760,Richmond,VA,26.04,62671,3.2
51770,Roanoke,VA,17.64,52671,3.2
51775,Salem,VA,18.04,66716,2.9
51790,Staunton,VA,19.02,62586,2.8
51800,Suffolk,VA,19.88,90089,3.0
51810,Virginia Beach,VA,24.98,90685,2.7
51820,Waynesboro,VA,15.58,56364,2.7
51830,Williamsburg,VA,26.21,70206,4.2
51840,Winchester,VA,18.02,64648,2.9
53001,Adams,WA,10.15,65042,4.9
53003,Asotin,WA,14.81,69107,3.7
53005,Benton,WA,20.08,87316,4.8
53007,Chelan,WA,19.57,78306,4.7
53009,Clallam,WA,18.27,67999,5.1
53011,Clark,WA,20.96,94948,4.5
53013,Columbia,WA,16.02,71528,4.1
53015,Cowlitz,WA,11.51,72932,5.3
53017,Douglas,WA,15.22,80374,5.1
53019,Ferry,WA,11.21,54650,7.7
53021,Franklin,WA,12.75,82755,5.3
53023,Garfield,WA,14.90,62411,4.6
53025,Grant,WA,12.90,71115,5.6
53027,Grays Harbor,WA,11.54,63539,6.3
53029,Island,WA,21.46,88358,4.7
53031,Jefferson,WA,23.56,71143,5.3
53033,King,WA,32.42,122148,4.1
53035,Kitsap,WA,23.27,98546,4.5
53037,Kittitas,WA,22.50,69928,4.7
53039,Klickitat,WA,18.05,70400,5.2
53041,Lewis,WA,13.35,69690,5.8
53043,Lincoln,WA,16.04,71227,6.1
53045,Mason,WA,14.14,78359,5.6
53047,Okanogan,WA,15.02,60293,5.4
53049,Pacific,WA,16.51,62350,6.4
53051,Pend Oreille,WA,13.36,63750,6.1
53053,Pierce,WA,19.24,96632,4.6
53055,San Juan,WA,30.63,83682,4.1
53057,Skagit,WA,17.96,85474,5.0
53059,Skamania,WA,17.86,90085,4.5
53061,Snohomish,WA,24.20,107982,4.2
53063,Spokane,WA,20.41,73513,4.5
53065,Stevens,WA,13.21,67405,6.1
53067,Thurston,WA,22.98,93985,4.6
53069,Wahkiakum,WA,15.37,57091,7.5
53071,Walla Walla,WA,16.84,72212,4.2
53073,Whatcom,WA,23.45,80989,4.5
53075,Whitman,WA,27.11,52893,4.1
53077,Yakima,WA,12.06,68015,6.1
54001,Barbour,WV,7.67,48347,5.0
54003,Berkeley,WV,15.73,77329,3.3
54005,Boone,WV,6.86,56152,4.6
54007,Braxton,WV,8.77,44449,5.8
54009,Brooke,WV,13.79,52116,5.4
54011,Cabell,WV,18.51,52828,3.8
54013,Calhoun,WV,6.66,41421,7.5
54015,Clay,WV,6.98,42790,7.3
54017,Doddridge,WV,9.37,61164,4.0
54019,Fayette,WV,11.07,52672,4.3
54021,Gilmer,WV,12.01,50991,5.2
54023,Grant,WV,12.37,61530,4.2
54025,Greenbrier,WV,12.81,48662,3.8
54027,Hampshire,WV,10.51,60299,3.2
54029,Hancock,WV,14.89,61017,5.7
54031,Hardy,WV,8.49,49302,3.6
54033,Harrison,WV,15.80,58326,3.8
54035,Jackson,WV,11.93,55671,5.2
54037,Jefferson,WV,21.07,95523,2.7
54039,Kanawha,WV,17.18,58887,3.8
54041,Lewis,WV,11.49,52279,4.8
54043,Lincoln,WV,5.06,48593,4.9
54045,Logan,WV,7.21,47237,4.4
54047,McDowell,WV,4.29,29980,8.0
54049,Marion,WV,16.34,67537,4.0
54051,Marshall,WV,12.20,60329,4.8
54053,Mason,WV,10.71,53454,4.2
54055,Mercer,WV,13.58,47799,4.1
54057,Mineral,WV,12.08,68049,4.1
54059,Mingo,WV,5.04,39527,5.8
54061,Monongalia,WV,21.88,62704,3.2
54063,Monroe,WV,9.83,54508,4.0
54065,Morgan,WV,9.16,63805,3.2
54067,Nicholas,WV,10.44,49280,4.9
54069,Ohio,WV,18.76,57867,4.0
54071,Pendleton,WV,14.34,61738,3.4
54073,Pleasants,WV,7.67,61038,4.9
54075,Pocahontas,WV,8.71,41200,4.9
54077,Preston,WV,11.65,61373,4.1
54079,Putnam,WV,16.79,77871,3.4
54081,Raleigh,WV,13.03,52055,3.8
54083,Randolph,WV,13.11,55057,5.4
54085,Ritchie,WV,10.68,50256,5.6
54087,Roane,WV,9.41,45194,6.5
54089,Summers,WV,10.08,42544,4.3
54091,Taylor,WV,10.74,56807,4.0
54093,Tucker,WV,12.21,53475,3.6
54095,Tyler,WV,10.35,58293,6.2
54097,Upshur,WV,9.72,51859,4.6
54099,Wayne,WV,10.01,55539,4.4
54101,Webster,WV,9.53,42061,6.0
54103,Wetzel,WV,8.44,53341,6.9
54105,Wirt,WV,11.50,54688,6.2
54107,Wood,WV,14.34,56193,4.1
54109,Wyoming,WV,6.31,48038,4.7
55001,Adams,WI,12.54,59153,4.7
55003,Ashland,WI,14.63,57645,3.4
55005,Barron,WI,14.80,64619,3.6
55007,Bayfield,WI,21.78,69609,4.1
55009,Brown,WI,22.69,77490,2.6
55011,Buffalo,WI,16.02,68722,3.5
55013,Burnett,WI,15.01,61664,4.5
55015,Calumet,WI,23.89,87700,2.3
55017,Chippewa,WI,17.54,74009,3.2
55019,Clark,WI,9.50,66250,2.9
55021,Columbia,WI,17.55,82792,2.7
55023,Crawford,WI,12.51,63496,3.7
55025,Dane,WI,32.58,88108,2.3
55027,Dodge,WI,14.35,73992,2.6
55029,Door,WI,23.92,71785,3.0
55031,Douglas,WI,19.95,72579,4.1
55033,Dunn,WI,18.34,71785,3.2
55035,Eau Claire,WI,23.57,71834,2.7
55037,Florence,WI,17.57,62786,3.9
55039,Fond du Lac,WI,15.04,73154,2.9
55041,Forest,WI,11.85,59727,4.0
55043,Grant,WI,15.20,64349,3.0
55045,Green,WI,18.56,80248,2.3
55047,Green Lake,WI,14.67,66917,3.2
55049,Iowa,WI,19.25,83372,2.7
55051,Iron,WI,17.08,59058,4.8
55053,Jackson,WI,10.88,65508,3.7
55055,Jefferson,WI,19.58,80604,2.7
55057,Juneau,WI,11.45,65150,3.4
55059,Kenosha,WI,19.68,79412,3.2
55061,Kewaunee,WI,14.03,80085,2.4
55063,La Crosse,WI,22.09,70704,2.6
55065,Lafayette,WI,14.57,72091,2.5
55067,Langlade,WI,12.12,57258,3.5
55069,Lincoln,WI,12.88,67726,3.3
55071,Manitowoc,WI,15.69,68611,2.8
55073,Marathon,WI,18.96,76185,2.6
55075,Marinette,WI,13.41,63401,3.9
55077,Marquette,WI,10.89,63471,3.7
55078,Menominee,WI,12.46,59528,5.4
55079,Milwaukee,WI,21.75,62118,3.7
55081,Monroe,WI,13.99,68213,2.7
55083,Oconto,WI,13.62,75886,3.1
55085,Oneida,WI,17.64,69621,3.3
55087,Outagamie,WI,23.01,82857,2.6
55089,Ozaukee,WI,31.26,96734,2.5
55091,Pepin,WI,16.97,74536,3.1
55093,Pierce,WI,21.02,88802,3.5
55095,Polk,WI,16.90,76208,4.3
55097,Portage,WI,23.59,73284,2.9
55099,Price,WI,11.96,58720,3.9
55101,Racine,WI,18.79,75331,3.5
55103,Richland,WI,14.65,62649,3.0
55105,Rock,WI,17.70,74390,3.2
55107,Rusk,WI,12.32,58322,4.0
55109,St. Croix,WI,27.60,102482,3.3
55111,Sauk,WI,18.56,77648,2.6
55113,Sawyer,WI,17.47,59055,3.9
55115,Shawano,WI,12.83,67032,2.9
55117,Sheboygan,WI,18.40,71898,2.5
55119,Taylor,WI,11.89,63142,3.6
55121,Trempealeau,WI,13.54,71295,3.2
55123,Vernon,WI,16.29,69556,2.9
55125,Vilas,WI,19.68,67132,3.7
55127,Walworth,WI,21.51,77359,2.8
55129,Washburn,WI,16.86,61270,4.0
55131,Washington,WI,24.10,95851,2.5
55133,Waukesha,WI,31.68,104100,2.6
55135,Waupaca,WI,14.95,71189,2.8
55137,Waushara,WI,11.84,64968,3.5
55139,Winnebago,WI,21.40,72873,2.7
55141,Wood,WI,14.60,66417,3.2
56001,Albany,WY,28.54,59881,2.7
56003,Big Horn,WY,14.66,60547,4.0
56005,Campbell,WY,14.09,95253,3.0
56007,Carbon,WY,17.66,66721,3.7
56009,Converse,WY,13.11,79164,3.1
56011,Crook,WY,20.08,71209,2.5
56013,Fremont,WY,15.14,64646,3.9
56015,Goshen,WY,14.62,64882,3.2
56017,Hot Springs,WY,18.03,64375,3.1
56019,Johnson,WY,18.35,63905,3.1
56021,Laramie,WY,19.80,77884,3.4
56023,Lincoln,WY,16.37,86092,3.0
56025,Natrona,WY,16.94,71247,3.3
56027,Niobrara,WY,16.29,48987,3.3
56029,Park,WY,22.62,70533,3.5
56031,Platte,WY,11.09,66299,3.7
56033,Sheridan,WY,21.15,70855,3.2
56035,Sublette,WY,20.78,82791,3.1
56037,Sweetwater,WY,13.18,76464,3.5
56039,Teton,WY,40.64,112681,2.4
56041,Uinta,WY,15.42,82672,3.3
56043,Washakie,WY,14.82,62648,3.3
56045,Weston,WY,13.42,87545,3.0
60010,Eastern,AS,,,
60020,Manu'a,AS,,,
60030,Rose Island,AS,,,
60040,Swains Island,AS,,,
60050,Western,AS,,,
66010,Guam,GU,,,
69085,Northern Islands,MP,,,
69100,Rota,MP,,,
69110,Saipan,MP,,,
69120,Tinian,MP,,,
72001,Adjuntas,PR,13.41,18605,7.6
72003,Aguada,PR,18.42,21694,6.8
72005,Aguadilla,PR,16.90,19826,7.0
72007,Aguas Buenas,PR,16.51,22361,5.0
72009,Aibonito,PR,16.88,21714,6.6
72011,Añasco,PR,17.46,23591,6.4
72013,Arecibo,PR,21.45,23175,5.9
72015,Arroyo,PR,21.20,18931,11.5
72017,Barceloneta,PR,18.35,21750,5.9
72019,Barranquitas,PR,18.83,22167,5.9
72021,Bayamón,PR,23.91,30729,4.1
72023,Cabo Rojo,PR,21.08,25720,5.6
72025,Caguas,PR,23.63,30113,5.2
72027,Camuy,PR,15.43,26094,5.0
72029,Canóvanas,PR,19.04,27278,4.3
72031,Carolina,PR,25.62,35126,3.8
72033,Cataño,PR,16.44,24307,3.9
72035,Cayey,PR,20.14,28461,6.0
72037,Ceiba,PR,17.04,23204,7.0
72039,Ciales,PR,14.49,20614,7.7
72041,Cidra,PR,19.47,27149,5.7
72043,Coamo,PR,17.61,20797,6.9
72045,Comerío,PR,14.92,17254,6.3
72047,Corozal,PR,17.07,23933,6.0
72049,Culebra,PR,15.63,27614,1.6
72051,Dorado,PR,25.61,33388,5.2
72053,Fajardo,PR,23.72,25170,7.5
72054,Florida,PR,14.78,21213,7.5
72055,Guánica,PR,11.62,16210,11.2
72057,Guayama,PR,14.90,20273,9.4
72059,Guayanilla,PR,19.06,21400,11.0
72061,Guaynabo,PR,29.50,46048,2.7
72063,Gurabo,PR,24.31,39532,4.7
72065,Hatillo,PR,22.33,28001,5.1
72067,Hormigueros,PR,24.01,24862,5.3
72069,Humacao,PR,18.64,26083,7.7
72071,Isabela,PR,19.80,20484,5.9
72073,Jayuya,PR,15.52,18413,8.0
72075,Juana Díaz,PR,20.92,23823,7.4
72077,Juncos,PR,17.70,28196,5.2
72079,Lajas,PR,16.67,18920,7.6
72081,Lares,PR,15.60,19323,7.6
72083,Las Marías,PR,13.85,16170,10.4
72085,Las Piedras,PR,20.45,25697,6.8
72087,Loíza,PR,14.94,22500,5.3
72089,Luquillo,PR,16.44,23769,6.6
72091,Manatí,PR,17.62,20352,5.6
72093,Maricao,PR,6.89,20541,15.0
72095,Maunabo,PR,7.78,19363,12.2
72097,Mayagüez,PR,18.60,17963,8.1
72099,Moca,PR,18.56,21415,6.6
72101,Morovis,PR,16.05,23010,6.3
72103,Naguabo,PR,18.13,21416,7.6
72105,Naranjito,PR,15.65,21399,5.3
72107,Orocovis,PR,14.57,19062,7.1
72109,Patillas,PR,14.15,23422,8.4
72111,Peñuelas,PR,21.41,20959,9.9
72113,Ponce,PR,21.10,18827,8.4
72115,Quebradillas,PR,15.73,23624,5.4
72117,Rincón,PR,19.27,25223,9.4
72119,Río Grande,PR,20.67,26745,4.8
72121,Sabana Grande,PR,24.37,20564,6.9
72123,Salinas,PR,15.49,21611,7.7
72125,San Germán,PR,18.31,17921,9.7
72127,San Juan,PR,25.32,26981,3.9
72129,San Lorenzo,PR,13.24,21320,6.1
72131,San Sebastián,PR,17.60,17834,8.2
72133,Santa Isabel,PR,23.15,23197,6.2
72135,Toa Alta,PR,21.20,33349,3.9
72137,Toa Baja,PR,20.71,29648,3.6
72139,Trujillo Alto,PR,29.12,38773,2.3
72141,Utuado,PR,18.88,17624,8.5
72143,Vega Alta,PR,17.06,25235,4.4
72145,Vega Baja,PR,19.41,23877,5.4
72147,Vieques,PR,5.48,17531,4.3
72149,Villalba,PR,17.47,24882,10.2
72151,Yabucoa,PR,14.56,21279,8.5
72153,Yauco,PR,20.19,21918,9.9
78010,St. Croix,VI,,,
78020,St. John,VI,,,
78030,St. Thomas,VI,,,
